Date,8035.T_126D_ret,EEM_21D_ret,HYG_126D_ret,SAP.DE_63D_ret,^IRX_21D_ret,^IRX_63D_ret,^IRX_126D_ret,UNRATE_63D_ret,PRINTO01EZQ661S_63D_ret,GBRPROINDMISMEI_126D_ret,ratio_intl_vs_us_bonds_63D_ret,ratio_intl_vs_us_bonds_126D_ret,TARGET_CLASS
2017-04-28,0.7516066773619737,-0.014343564915175544,0.6454476018313062,0.32577205789813257,-0.16255350110823324,0.130254208134718,0.0854219019681804,-0.3492387026258449,-0.12668045072972828,0.32765584973658307,-0.015777246157997856,0.35577912135412176,0.0
2017-05-02,1.2814029631828987,0.21934782981270962,0.7612096961092292,0.4028783615456702,0.09245341794769525,0.2286163397701245,0.037030070010409116,-0.3492387026258449,-0.12668045072972828,0.32765584973658307,0.019786957239308085,0.340111239219508,-1.0
2017-05-03,1.342213930789837,0.18991686714165715,0.8925296655914934,0.424997623954419,0.09761799919084749,0.22356012225125899,0.040526414590168224,-0.3492387026258449,-0.034427353550179986,0.32765584973658307,-0.11340196681091298,0.24582584434782598,0.0
2017-05-04,1.342213930789837,0.10283006545922357,0.7558084322986056,0.548534472452977,0.19203678225293033,0.233629021035136,0.023710740428436815,-0.3492387026258449,-0.034427353550179986,0.32765584973658307,-0.08259460070124967,0.21741450229238976,0.0
2017-05-05,1.3793730178005756,0.15902371892601158,0.7861143641945993,0.47318516663914645,0.22628166065355482,0.28303000263188755,0.03247111014825484,-0.3492387026258449,-0.034427353550179986,0.32765584973658307,-0.03867827808312486,0.3218751559469444,0.0
2017-05-08,1.4807729756699552,0.14318215398802517,0.4767608150101855,0.500305015326995,0.08967414754855696,0.28597761014782463,-0.014285534877721311,-0.3492387026258449,-0.034427353550179986,0.32765584973658307,-0.06106748082902723,0.30584425461297066,0.0
2017-05-09,1.3510140486076438,0.4746018234230159,0.5134577745207064,0.6653155813324803,0.15049824206167994,0.27633791707560745,-0.04123816579344696,-0.3492387026258449,-0.034427353550179986,0.32765584973658307,-0.05234249957040854,0.24901339842405576,0.0
2017-05-10,1.6156986249677232,0.6544145953826872,0.7882674212441806,0.5846981645252216,0.0778643122186341,0.20246353844405368,-0.047449404249819714,-0.3492387026258449,-0.034427353550179986,0.32765584973658307,0.1684374749711236,-0.1860376584736529,0.0
2017-05-11,1.3766540464065793,0.7400882392280003,1.1153203485110537,0.5439179876963789,0.0002672211100627573,0.18191486946517485,-0.09945574356441536,-0.3492387026258449,-0.034427353550179986,0.32765584973658307,0.28765065778038174,-0.2782915134138975,0.0
2017-05-12,1.3575975015349377,0.9181749409856248,1.3407619977732799,0.575709009068378,0.017657722464228472,0.1684102934074536,-0.1020894528756517,-0.3492387026258449,-0.034427353550179986,0.32765584973658307,0.1392031820691079,-0.2687917760158355,1.0
2017-05-15,1.2023588631754598,1.1908756883174552,1.2131287492065306,0.5337673098492218,0.0027714210324380046,0.19054546933964644,-0.13854362008719004,-0.3492387026258449,-0.034427353550179986,0.32765584973658307,0.28493127616805697,-0.11442612983865925,0.0
2017-05-16,1.3616572881952673,1.1053150477104945,0.92591701203646,0.42414877352569996,0.10612648493163475,0.22767456485228713,-0.11247320349466527,-0.3492387026258449,-0.034427353550179986,0.32765584973658307,0.3238614382993779,-0.07482165309331196,0.0
2017-05-17,1.4785602454298634,0.8247284044583545,0.9154369749140904,0.4072239529522826,0.07119574176159789,0.18005831521055735,-0.08646742887299676,-0.3492387026258449,-0.034427353550179986,0.32765584973658307,0.20282291018786433,0.10236352459670157,1.0
2017-05-18,1.4130645092273169,0.5137613870563464,1.0100488146546949,0.4016788868993173,0.07528024268610306,0.23888477016739798,-0.03951495365081231,-0.3492387026258449,-0.034427353550179986,0.32765584973658307,0.06838223632302633,-0.021745143790777,1.0
2017-05-19,1.3745888999117462,1.1053900794886515,1.05479573813312,0.4579350837352369,0.1272144915226644,0.26098137634042223,-0.039946469479007846,-0.3492387026258449,-0.034427353550179986,0.32765584973658307,0.04822557844236415,0.04339665975167033,0.0
2017-05-22,1.3942580918657161,0.8579642985260207,0.9331167665021836,0.45268774330630934,0.14868149265503366,0.24682382991036966,-0.048130945890165804,-0.3492387026258449,-0.034427353550179986,0.32765584973658307,0.3154530548441931,0.07408829814965448,0.0
2017-05-23,1.2919992407223302,0.87905812304248,0.7504883018548116,0.4944935968172718,0.2823103364945662,0.29637524241555324,-0.08875012452151726,-0.3492387026258449,-0.034427353550179986,0.32765584973658307,0.3780242672145837,0.09624700008640184,0.0
2017-05-24,1.4119902304321141,0.6565980305502936,0.8829700633009383,0.41121285148488823,0.23186034226971144,0.29266066521653866,-0.10229040855848909,-0.3492387026258449,-0.034427353550179986,0.32765584973658307,0.3401772477198447,0.0814832728019102,0.0
2017-05-25,1.4573041312581585,0.5722745161877878,0.8636308579029213,0.3433015217100519,0.1095471580055457,0.2842553323195287,-0.10079814246372008,-0.3492387026258449,-0.034427353550179986,0.32765584973658307,0.32867524944915616,0.09145600521723592,0.0
2017-05-26,1.4187382664406036,0.7302428273080289,0.8460344789139512,0.32052686164024974,0.1320541681046208,0.31799832253752297,-0.09508815130341919,-0.3492387026258449,-0.034427353550179986,0.32765584973658307,0.21578941444036553,0.037336677584120445,0.0
2017-05-29,1.3980604643699508,0.7572513723024604,0.8488981026009069,0.45740681695361046,0.1936949428206691,0.31799832253752297,-0.06459708039462653,-0.3492387026258449,-0.034427353550179986,0.32765584973658307,0.39550279913137326,0.07185071876692922,0.0
2017-05-30,1.263123266641562,0.6110022779517651,0.9051946953133757,0.4672388523568926,0.21132251784490308,0.3394547474562602,-0.08336082234276061,-0.3492387026258449,-0.034427353550179986,0.32765584973658307,0.2643647830874238,0.07175207428060577,0.0
2017-05-31,1.2131555484276013,0.17220048174299316,0.8909905477498065,0.47950424243756085,0.1170557095185169,0.31018363866968934,-0.06274135414843433,-0.3492387026258449,-0.034427353550179986,0.6040634060061898,0.2868987535469363,-0.03014508894102073,0.0
2017-06-01,1.4376306862887014,0.49317855101389624,1.0777775340977198,0.3300458887378838,0.0956991397496637,0.11241679486430084,-0.053102415731847,-0.3492387026258449,-0.034427353550179986,0.08414559258560998,0.11519736240317598,-0.2065219884794609,0.0
2017-06-02,1.6893668140160085,0.8436287228188601,0.9442168462551337,0.39346650906108055,0.08785994854513132,0.06642802749829771,-0.04715892188651449,-0.3492387026258449,-0.034427353550179986,0.08414559258560998,0.05067149066764591,-0.27978960172464007,0.0
2017-06-05,1.8371991702803725,0.6395100092003116,0.859027881534051,0.40895018246094184,0.03459607059890051,0.0020410452819248923,-0.04759081216995491,-0.25848233138971943,-0.034427353550179986,0.08414559258560998,0.025379545231950833,-0.2563202422584613,-1.0
2017-06-06,1.8420495323407904,0.6551711341892349,0.6982348585150191,0.40135180039784163,0.05590614304989139,-0.018908520597751804,-0.07592720889215468,-0.25848233138971943,-0.034427353550179986,0.08414559258560998,-0.03488105294350698,-0.22824853553460125,0.0
2017-06-07,1.8748599071406837,0.35985483671244056,0.5281182785440968,0.3448381497565453,0.03718759321473757,-0.04412079602950301,-0.07144126651640621,-0.25848233138971943,-0.034427353550179986,0.08414559258560998,0.00013652985190662522,-0.1789017938109565,0.0
2017-06-08,1.7701211008851763,0.3464060086451225,0.5500556758443709,0.35873270809177454,0.08164522101262969,-0.00781229764837022,-0.07340458849015087,-0.25848233138971943,-0.034427353550179986,0.08414559258560998,0.053794294301462375,-0.11819137093047538,0.0
2017-06-09,1.770598067889308,0.13827338448197404,0.5580417074974139,0.37868879411152595,0.1469619061256637,-0.007682612116416783,-0.09779445693292307,-0.25848233138971943,-0.034427353550179986,0.08414559258560998,-0.12569081975577093,-0.18215523221467103,0.0
2017-06-12,1.6763863600468247,-0.05903509030619694,0.6326964411951097,0.11350479932541781,0.1433485928979765,-0.030988544629790785,-0.082985571276105,-0.25848233138971943,-0.034427353550179986,0.08414559258560998,-0.0782639017059431,-0.14720404254628586,0.0
2017-06-13,1.5995990801410105,-0.16942417121881456,0.6176481417803169,0.19421331525302174,0.14581129560085163,-0.02508688675582494,-0.09901865200392511,-0.25848233138971943,-0.034427353550179986,0.08414559258560998,-0.1526796257612964,-0.12729558398782578,0.0
2017-06-14,1.4699090846809961,-0.19427769798671293,0.8036205894811717,0.23471644241709327,0.06384084756451319,-0.05732873394008088,-0.09901865200392511,-0.25848233138971943,-0.034427353550179986,0.08414559258560998,-0.2538898934047964,-0.2719911737082694,0.0
2017-06-15,1.3442213735889492,-0.05345735478571494,0.698677333909691,0.11101521411600258,0.13586555470410935,0.002628701540789066,-0.06155406272710728,-0.25848233138971943,-0.034427353550179986,0.08414559258560998,-0.40980162974516404,-0.18762632004895516,0.0
2017-06-16,1.1368263031038905,0.3339778944374441,0.63486337091272,0.12732407101355786,0.060351773699109254,0.004377626430192885,-0.06249690298460193,-0.25848233138971943,-0.034427353550179986,0.08414559258560998,-0.5512583290323138,-0.2632748293218612,0.0
2017-06-19,1.2124912450169925,0.09728893898853733,0.6470810841003584,0.1934251014760412,0.07508446371158972,0.004377626430192885,-0.05532176631283108,-0.25848233138971943,-0.034427353550179986,0.08414559258560998,-0.5292804355103409,-0.19885004246147536,0.0
2017-06-20,1.2078543547617946,-0.1546607497404673,0.5284742656767882,0.12843783514695975,0.1266671692176929,0.00966277013911519,-0.08547707578786107,-0.25848233138971943,-0.034427353550179986,0.08414559258560998,-0.6139799826904596,-0.3438319040727669,0.0
2017-06-21,1.1557066594001006,-0.12929058583907443,0.3472095431233909,0.2347819435849144,-0.04113450765290037,-0.07165549413052667,-0.08818369146842835,-0.25848233138971943,-0.034427353550179986,0.08414559258560998,-0.5010285997514887,-0.34548608781489293,0.0
2017-06-22,1.1244575507353889,-0.10382983526803537,0.3611700871547041,0.28426504289802745,-0.11064225486558324,-0.09912788680279472,-0.09589354498759707,-0.25848233138971943,-0.034427353550179986,0.08414559258560998,-0.5439760232330413,-0.35750544544640933,0.0
2017-06-23,1.0747327805882958,-0.09354731983566704,0.4149434780975306,0.23498095060476767,-0.11872227040639886,-0.09912788680279472,-0.1022853932896876,-0.25848233138971943,-0.034427353550179986,0.08414559258560998,-0.5317177613701205,-0.36806208203104246,0.0
2017-06-26,1.0720374734813747,0.03135704581783706,0.46984297065239844,0.22773567468055875,-0.1240794032007718,-0.09912788680279472,-0.09773823816135883,-0.25848233138971943,-0.034427353550179986,0.08414559258560998,-0.5785724873313435,-0.4578605420441472,0.0
2017-06-27,0.9726806540400058,-0.21313846127786143,0.4268501150264541,0.23991549084950511,0.02450525403081395,-0.05688012216924496,-0.06995817416153476,-0.25848233138971943,-0.034427353550179986,0.08414559258560998,-0.3673928991919105,-0.185668364068726,0.0
2017-06-28,0.8883202824061495,0.05685647164825835,0.4916412665845923,0.05114231995266964,0.011471520345992218,-0.07975974832916569,-0.012387616686331558,-0.25848233138971943,-0.034427353550179986,0.08414559258560998,-0.26862747967663175,-0.12224457463700411,1.0
2017-06-29,0.8175744724495354,-0.04847726562462666,0.42334453794633775,-0.22300098150564876,-0.051694010541029865,-0.04076400241875037,-0.0483463518793,-0.25848233138971943,-0.034427353550179986,0.08414559258560998,0.030179193742933676,0.003797038241875941,1.0
2017-06-30,0.7730484811765074,-0.1286807851971503,0.48056763940630975,-0.20006708957374836,-0.07143307869941563,-0.05403370478414036,-0.053372377264972674,-0.25848233138971943,-0.034427353550179986,0.08414559258560998,-0.0027614398579042785,-0.00019360990180939308,1.0
2017-07-03,0.7603268980900291,-0.11331117731935121,0.36908043847867317,-0.2752879507552135,-0.06704550606397276,-0.021678672932365237,-0.04456364092078946,-0.06459372011254409,-0.034427353550179986,0.08414559258560998,0.0034589313596982466,0.22069095242479267,1.0
2017-07-04,0.563997119299108,-0.0884235159919168,0.2401488597153647,-0.3085911497212854,-0.053917190740338516,-0.024312585832098756,-0.0867244507981883,-0.06459372011254409,-0.034427353550179986,0.08414559258560998,0.12662264600061227,0.18829584824430995,1.0
2017-07-05,0.7877763961983848,-0.13830807216366553,0.256667609130685,-0.3160333317611906,-0.030514035589107022,-0.05571231817849667,-0.06805860808617818,-0.06459372011254409,-0.034427353550179986,0.08414559258560998,0.030371231565905186,0.2186083985186246,1.0
2017-07-06,0.7763844626248019,-0.3632777695036338,0.20239254502713297,-0.346521377064796,-0.09870573155434664,-0.06677696401002899,-0.06899894994997693,-0.06459372011254409,-0.034427353550179986,0.08414559258560998,0.15559506635651446,0.33064185274109015,1.0
2017-07-07,0.8373363220303972,-0.4458381245582831,0.18614341587171213,-0.299457969534469,-0.09870573155434664,-0.07621285127870014,-0.05105627532058929,-0.06459372011254409,-0.034427353550179986,0.08414559258560998,0.2537900444072236,0.41894997886695823,1.0
2017-07-10,0.8709957500106551,-0.09352294908454184,0.21055424503071604,-0.24740003812451014,-0.10415641397438384,-0.08323533947104042,-0.06660086083360513,-0.06459372011254409,-0.034427353550179986,0.08414559258560998,0.23687343913392314,0.43291595788489257,1.0
2017-07-11,0.886108069578291,0.18802145469928513,0.1806265946657535,-0.33066910194810695,-0.03775661481706539,-0.05339548475221194,-0.052034125202435916,-0.06459372011254409,-0.034427353550179986,0.08414559258560998,0.33456696909898864,0.43515855885375804,1.0
2017-07-12,0.8303869387398947,0.49234289985173335,0.3298412050253112,-0.15586888472470153,-0.08750795948900811,-0.07652777249326755,-0.06180468260086161,-0.06459372011254409,-0.034427353550179986,0.08414559258560998,0.3611932264156255,0.26240983831948833,1.0
2017-07-13,0.9675572491451003,0.602677197328659,0.3406038822371455,-0.21677341123659574,-0.11163959373295902,-0.07747888441799458,-0.07607167661581225,-0.06459372011254409,-0.034427353550179986,0.08414559258560998,0.4536460687834111,0.28674784747875276,1.0
2017-07-14,0.9131314666629035,1.1004085277766107,0.408413065228315,-0.18416231541993985,-0.14820157240745865,-0.0785419972508174,-0.07842301940127017,-0.06459372011254409,-0.034427353550179986,0.08414559258560998,0.6179838363652549,0.34976215550190987,1.0
2017-07-17,1.012095455761136,0.9620382789488388,0.4413240214528639,-0.14927750542140714,-0.099745417194797,-0.08492036105610634,-0.07277980792825792,-0.06459372011254409,-0.034427353550179986,0.08414559258560998,0.5888685373101582,0.3136519760200325,1.0
2017-07-18,1.0345205466874199,0.8120038065298218,0.43013880086664014,-0.2789694303043964,-0.05158014684856918,-0.04337916210583321,-0.06527375121258516,-0.06459372011254409,-0.034427353550179986,0.08414559258560998,0.521968558103437,0.29362271748245056,1.0
2017-07-19,1.0076103556291838,1.236496946086164,0.5483033708943414,-0.12261645589447259,0.035741006342388734,0.017214012208099486,-0.03206833181788803,-0.06459372011254409,-0.034427353550179986,0.08414559258560998,0.469715972892268,0.21642787343661188,1.0
2017-07-20,1.0936729299636563,1.162801578994017,0.514809097316137,-0.18854200081995345,0.17129662818187463,0.05290424590970713,0.006939657747437341,-0.06459372011254409,-0.034427353550179986,0.08414559258560998,0.5370643743194323,0.20083488152632273,1.0
2017-07-21,1.1262688745458063,1.0356309004671103,0.49579267014226924,-0.560776214362276,0.33717546399090864,0.06671764508620777,0.02796915264482336,-0.06459372011254409,-0.034427353550179986,0.08414559258560998,0.3639023181307074,0.20913351658400062,1.0
2017-07-24,1.1152349255213385,0.9844122411863934,0.49823252621366426,-0.5835559171540182,0.3676852365240425,0.027409631841998905,0.010294699480142057,-0.06459372011254409,-0.034427353550179986,0.08414559258560998,0.23505227068808446,0.24992972138972755,1.0
2017-07-25,1.0487756073302394,0.7212987161870492,0.4236964005032309,-0.49587420638607843,0.3498878944704016,0.027513925214912627,0.018449471149853933,-0.06459372011254409,-0.034427353550179986,0.08414559258560998,0.4600437580254487,0.1625436636128983,1.0
2017-07-26,0.7803145350730368,1.1570748746473447,0.4698665115449151,-0.39779051269064003,0.06755620644397292,0.00701099127282401,-0.011129246789584265,-0.06459372011254409,-0.034427353550179986,0.08414559258560998,0.5899158676813891,0.3980716363022984,1.0
2017-07-27,0.9509941497730797,0.8688953161454147,0.4289517272316514,-0.31627275430096397,0.03993392422679596,-0.002233068422102021,-0.030234627268708857,-0.06459372011254409,-0.034427353550179986,0.08414559258560998,0.6813070874216212,0.46691946377060806,1.0
2017-07-28,0.5855596077122519,1.13855046152836,0.4811534405255811,-0.42198515835431355,-0.06578241949403546,-0.0978447559057022,-0.03925390054317601,-0.06459372011254409,-0.034427353550179986,0.08414559258560998,0.5827099327655278,0.4223821943518676,1.0
2017-07-31,0.6237295641471131,1.0625449367762456,0.5059695034808792,-0.44882344972648475,-0.04070279588991177,-0.1031417155740755,-0.04438589848993647,-0.165944585098341,1.554910206645347,-0.15228769329423317,0.760479474868155,0.45074494594543835,1.0
2017-08-01,0.5698398995248071,1.0008049901267022,0.4408892972161794,-0.4357019811023354,-0.04645048700229827,-0.10624754801043797,-0.04197342073823865,-0.165944585098341,1.554910206645347,-0.15228769329423317,0.4903244609315315,0.28014269397897495,1.0
2017-08-02,0.7340003937950877,1.0207255280075043,0.43255245921675867,-0.5661247951319025,-0.06542766035058531,-0.12620505181074043,-0.033375514247890196,-0.165944585098341,1.554910206645347,-0.15228769329423317,0.47962749893408047,0.3049029756478853,1.0
2017-08-03,0.7034635503378504,0.9730729569386737,0.34531024504806984,-0.5185809544710204,-0.0956607550027044,-0.12159171284110756,-0.029420620945693955,-0.165944585098341,1.554910206645347,-0.15228769329423317,0.37390553171973023,0.212487717361693,1.0
2017-08-04,0.6289265994598453,1.3199965098802364,0.36716593705404543,-0.522959226105399,-0.07813555276278464,-0.1452865055873323,-0.047416147902630955,-0.165944585098341,1.554910206645347,-0.15228769329423317,0.4767211901445153,0.29272588082675083,1.0
2017-08-07,0.6279717836611082,1.4280321849010067,0.392031318608919,-0.5759562850865748,-0.12520181389074553,-0.14713819468600442,-0.07776999628026615,-0.165944585098341,1.554910206645347,-0.15228769329423317,0.4529915313218367,0.4384922046202431,1.0
2017-08-08,0.6357477667733794,1.2235248672407883,0.27252677281580395,-0.5779542719627879,-0.14422583855223353,-0.13483768667118903,-0.07914856601393795,-0.165944585098341,1.554910206645347,-0.15228769329423317,0.5325947493360959,0.5845988694901948,0.0
2017-08-09,0.5840015657923576,0.8459390760287611,0.14772412233028226,-0.7076589368942104,-0.20240557300974438,-0.1340062944554551,-0.08412236464333146,-0.165944585098341,1.554910206645347,-0.15228769329423317,0.4469839354594935,0.41257643207215916,0.0
2017-08-10,0.49306618646171624,-0.07165593703380028,-0.020038336689597324,-0.7508288485274875,-0.19562867546481927,-0.14783248076616143,-0.0828739359816489,-0.165944585098341,1.554910206645347,-0.15228769329423317,0.32787854432597957,0.4329404671327829,0.0
2017-08-11,0.4480607887434492,-0.12520131912205928,-0.014486203709463992,-0.7987937158649399,-0.18403464030069674,-0.1776102535944965,-0.08518032005707883,-0.165944585098341,1.554910206645347,-0.15228769329423317,0.29497837071369165,0.4373632674390943,0.0
2017-08-14,0.43890158515606653,-0.173177795520199,0.09354396196442923,-0.6582853193973554,-0.19580120558268685,-0.17179659634084546,-0.10017055388345417,-0.165944585098341,1.554910206645347,-0.15228769329423317,0.3660598320590704,0.40057559249147506,0.0
2017-08-15,0.5683192656355883,-0.05340011110026518,0.09352882879349127,-0.6285513596311857,-0.21194211006937339,-0.1843872224212407,-0.08480418057845297,-0.165944585098341,1.554910206645347,-0.15228769329423317,0.3832353924906731,0.3142969669619571,0.0
2017-08-16,0.6160590045410376,0.09935668365415763,0.11514737020095786,-0.6273714183634752,-0.3094843352340128,-0.19844418744066983,-0.08468000938828156,-0.165944585098341,1.554910206645347,-0.15228769329423317,0.3159650402586175,0.2509222026238971,0.0
2017-08-17,0.651921546514527,-0.33899074662973844,-0.041352328693271434,-0.659788511162233,-0.4179694751256576,-0.195092022664759,-0.08800430663236507,-0.165944585098341,1.554910206645347,-0.15228769329423317,0.12502053344827788,0.3067783145496538,0.0
2017-08-18,0.7116847741960262,-0.1397808186958947,-0.006297235358657145,-0.7670859325391091,-0.45044781608385553,-0.21792561258444657,-0.08325533483176405,-0.165944585098341,1.554910206645347,-0.15228769329423317,0.13475123627267102,0.35928201587258474,0.0
2017-08-21,0.63889896467258,-0.049508512860884146,-0.05979525867313161,-0.8344376561826637,-0.5446503057038207,-0.22932385328987753,-0.09145552933905801,-0.165944585098341,1.554910206645347,-0.15228769329423317,0.22277987886108694,0.3963674927206054,1.0
2017-08-22,0.640923190800638,0.12076082973102277,0.02626342199237496,-0.7661959600749779,-0.50375805616982,-0.20809536203172302,-0.08178404571452469,-0.165944585098341,1.554910206645347,-0.15228769329423317,0.15975553803497688,0.3418116336164769,1.0
2017-08-23,0.66771208845415,0.2734055393014132,0.007500553906798991,-0.7747826961539178,-0.5223190600003349,-0.22168251175607495,-0.07770910098529295,-0.165944585098341,1.554910206645347,-0.15228769329423317,0.19724433126395463,0.28713870090044,1.0
2017-08-24,0.6539402112841111,0.16635652320743605,0.023654903723787566,-0.8645120287062974,-0.394169582142052,-0.20745649236831606,-0.0689892902620015,-0.165944585098341,1.554910206645347,-0.15228769329423317,0.23508148751308736,0.4457225558779525,1.0
2017-08-25,0.7075306765975159,0.4048814769143401,0.03713402695328248,-0.8743910435098851,-0.3666762474482166,-0.20982751130213725,-0.0625730383306846,-0.165944585098341,1.554910206645347,-0.15228769329423317,0.3209013673462808,0.4127781187623262,1.0
2017-08-28,0.6738779519710598,0.33878589795625313,0.05853660543915805,-0.9422322229662865,-0.29216641636508994,-0.23536775815511282,-0.0888705455754734,-0.165944585098341,1.554910206645347,-0.15228769329423317,0.43590353745178484,0.5133548547819419,1.0
2017-08-29,0.6141926432664003,0.2767081374736401,-0.0577389299982814,-0.9921459555681763,-0.2809026952864718,-0.22996935979060168,-0.15625828348240758,-0.165944585098341,1.554910206645347,-0.15228769329423317,0.3888059477498061,0.35273004987782713,1.0
2017-08-30,0.49254122331778577,0.24714633144262738,0.08156568620766227,-1.0188238070405282,-0.31856051948201203,-0.24304556406121858,-0.17917430470248802,-0.165944585098341,1.554910206645347,-0.15228769329423317,0.3807173631016323,0.299465975404319,1.0
2017-08-31,0.6433227109551635,0.260932551113388,0.13508317601537942,-0.971754375185366,-0.34669572955674377,-0.2542462939638282,-0.2070068408065479,-0.06459372011254409,1.554910206645347,0.1854933816157117,0.28731652446874556,0.21353764457475188,1.0
2017-09-01,0.6975297439848027,0.504041921845342,0.2351736359347671,-0.8960407086076866,-0.34770784676046296,-0.2567360436505035,-0.21539135593649308,-0.06459372011254409,1.554910206645347,0.1854933816157117,0.4464043558170866,0.2838276641252652,0.0
2017-09-04,0.7193095656587487,0.42620917413987325,0.3911154170395275,-0.925928996413197,-0.33722130067956274,-0.26813593913679046,-0.22914903636032966,-0.06459372011254409,1.554910206645347,0.1854933816157117,0.38635847366876697,0.2664025966378582,0.0
2017-09-05,0.7247446148723725,0.005383264951818272,0.4971845115901755,-0.940622659463292,-0.2988527644214879,-0.269614287028614,-0.21750110131357225,-0.06459372011254409,1.554910206645347,0.1854933816157117,0.1746592612279279,0.15295597172212355,1.0
2017-09-06,0.512239531034975,0.13650287652967974,0.5449258680844797,-0.9187096110149945,-0.16561019964495433,-0.23444077955203255,-0.20124040257287626,-0.06459372011254409,1.554910206645347,0.1854933816157117,0.31115248918048916,0.1201428832952843,1.0
2017-09-07,0.44498855444682456,0.48410129879526187,0.5560800436023458,-0.5211734246950392,-0.18866315030273334,-0.2400478138241427,-0.21204494091201367,-0.06459372011254409,1.554910206645347,0.1854933816157117,0.2309344056123926,0.09733482087033775,1.0
2017-09-08,0.5091669373531068,0.8576249824279107,0.4597659264709024,-0.5697374784691874,-0.17937430374802077,-0.2499351401249648,-0.21444186906591317,-0.06459372011254409,1.554910206645347,0.1854933816157117,0.2952859955412993,0.08905471866528773,1.0
2017-09-11,0.5268922021629698,1.096798424990133,0.6093840850134058,-0.519090253957409,-0.16764281359866634,-0.2499351401249648,-0.2256640732389439,-0.06459372011254409,1.554910206645347,0.1854933816157117,0.568165079105783,0.2088788776045372,1.0
2017-09-12,0.6822276636522097,0.8499240210108473,0.30915246052607165,-0.4310981885768345,-0.14855897405869853,-0.2588990182483317,-0.20897099589708162,-0.06459372011254409,1.554910206645347,0.1854933816157117,0.7444435213661386,0.21739395357297242,1.0
2017-09-13,0.6881576519074427,0.710289458101106,0.38599499946537197,-0.4893386890895178,-0.16050150973671656,-0.2529107385841379,-0.20557499049540454,-0.06459372011254409,1.554910206645347,0.1854933816157117,0.6979363849213663,0.07899621763033526,1.0
2017-09-14,0.8654774314225332,0.54554090718957,0.41035948426623275,-0.6045765413499344,-0.08047925163877466,-0.24560918151657885,-0.20216753606450819,-0.06459372011254409,1.554910206645347,0.1854933816157117,0.7081048783045897,0.10252530487925302,1.0
2017-09-15,0.9942368390180835,0.9518475733472805,0.4791159918323392,-0.5487317669346128,-0.10641853278557137,-0.26469322204339096,-0.20927039540933295,-0.06459372011254409,1.554910206645347,0.1854933816157117,0.9165039192037193,0.1844125184927026,1.0
2017-09-18,0.9877216030231919,0.842860144730376,0.6411827075781587,-0.5686976106912235,-0.15522314159311704,-0.2532305492155402,-0.23207171649121214,-0.06459372011254409,1.554910206645347,0.1854933816157117,0.9582690569625794,0.298981117926734,1.0
2017-09-19,1.2771077201937546,0.8108849539082807,0.6069582612497766,-0.6508363202774412,-0.05375111686973114,-0.21148357013477004,-0.22412468933440174,-0.06459372011254409,1.554910206645347,0.1854933816157117,1.1185588009445373,0.37856927585097755,0.0
2017-09-20,1.2639139673894204,0.4728917062511099,0.5958311321168016,-0.6494650401691154,-0.12443314312395955,-0.2099418878489553,-0.22347964951898783,-0.06459372011254409,1.554910206645347,0.1854933816157117,0.8793490087132997,0.22053286516731704,1.0
2017-09-21,1.1069420091629392,0.37221842009787814,0.4822278692479171,-0.6387021312909139,-0.11625916679496485,-0.21919207345645172,-0.22734992685933564,-0.06459372011254409,1.554910206645347,0.1854933816157117,1.030791681884134,0.2909186357433241,1.0
2017-09-22,1.089533853067781,0.18496758846310782,0.5317964293690134,-0.501205915722553,-0.17215017367845684,-0.2675617922770963,-0.2332302411837906,-0.06459372011254409,1.554910206645347,0.1854933816157117,0.7547666181806025,0.2564279743923549,0.0
2017-09-25,1.0170780690952363,-0.2921850884157436,0.4125274499672883,-0.44861322286358524,-0.17688240379901676,-0.2675138527192561,-0.24098521330079295,-0.06459372011254409,1.554910206645347,0.1854933816157117,0.43664375051422233,0.1045903846962632,0.0
2017-09-26,0.7626698401877714,-0.27418296744426035,0.39286344751886343,-0.26483917047826083,-0.09434174304095229,-0.248323805918352,-0.21918045363179742,-0.06459372011254409,1.554910206645347,0.1854933816157117,0.19769692457057897,0.152409008163314,-1.0
2017-09-27,0.8010815256265496,-0.3115281083811368,0.2916110541516345,-0.2928891051039939,-0.11827229777050857,-0.24441355193077843,-0.2220908322783221,-0.06459372011254409,1.554910206645347,0.1854933816157117,0.34965373901126817,0.23784616872742953,-1.0
2017-09-28,0.8981142509255805,-0.35757823670112376,0.2997775197591294,-0.22407897886348713,-0.10797411058796752,-0.2554297928673822,-0.21575303737545765,-0.06459372011254409,1.554910206645347,0.4606845726534369,0.47319457856954206,0.33138535073159797,-1.0
2017-09-29,0.8180504232000371,-0.1537782310950042,0.34770978550364384,-0.13967575915653507,-0.06275946327261063,-0.2568681824834201,-0.21731506910160156,-0.06459372011254409,1.554910206645347,0.4606845726534369,0.49658585030668106,0.4392602734563864,-1.0
2017-10-02,0.8920530034677118,-0.30061373697846006,0.32729872656464576,-0.042512391863142936,-0.11660320439844606,-0.28194158707828626,-0.23914105511338696,-0.06459372011254409,1.554910206645347,0.4606845726534369,0.4489081274202118,0.3337350349287573,-1.0
2017-10-03,0.9167384123745254,0.025312910546295093,0.38985312059469546,0.03944188736965861,-0.06362146443512613,-0.25774153534344,-0.23233663781004013,-0.06459372011254409,1.554910206645347,0.4606845726534369,0.2855230182132484,0.30743317343445764,-1.0
2017-10-04,0.9605251403600884,0.297335077071078,0.33530140122553326,-0.009871930550364833,-0.03924469100110681,-0.25203355507814545,-0.2331373454513383,-0.06459372011254409,1.554910206645347,0.4606845726534369,0.2643151454703455,0.36373720074766813,-1.0
2017-10-05,0.9568074617134352,0.31758255921730977,0.37604942445561557,-0.04863938618900679,-0.17260814883954612,-0.25570668286005144,-0.23713880589553069,-0.06459372011254409,1.554910206645347,0.4606845726534369,0.23656445079739294,0.3311503450671952,-1.0
2017-10-06,0.7616961130125955,0.057312131291933376,0.30798370329215913,0.03767223857217238,-0.13765849964420673,-0.27004361564246093,-0.2331373454513383,-0.06459372011254409,1.554910206645347,0.4606845726534369,0.22784017950182991,0.3959884081189851,-1.0
2017-10-09,0.848543813504151,0.18335488950417858,0.35724470394125696,0.02424385447259169,-0.12589396276736253,-0.26153917171661145,-0.23732399543539703,-0.06459372011254409,1.554910206645347,0.4606845726534369,0.3334674552380293,0.49291391864782125,-1.0
2017-10-10,1.0401674665850045,0.11067590256005863,0.35977313295985064,0.007679656516359448,-0.10263769175402852,-0.2471870152050334,-0.23150003787883489,-0.06459372011254409,1.554910206645347,0.4606845726534369,0.25799325498467884,0.5050096940985555,-1.0
2017-10-11,1.1253627433497244,0.2295696686669221,0.3847943619974982,-0.008757960172324584,-0.06752483757739156,-0.2341961699087006,-0.2263113331174458,-0.06459372011254409,1.554910206645347,0.4606845726534369,0.2237803331048267,0.5995241104060168,-1.0
2017-10-12,1.3156410839377946,0.3324558519943858,0.291897787774047,0.054327624940811385,-0.10247777839438343,-0.25373753237051083,-0.23688382337748443,-0.06459372011254409,1.554910206645347,0.4606845726534369,0.16022658755879104,0.5311136035005518,-1.0
2017-10-13,1.3344134486177377,0.46842276735022753,0.32461503559156935,0.15622620620579725,-0.1332690617335553,-0.2700904769309474,-0.22976579542546063,-0.06459372011254409,1.554910206645347,0.4606845726534369,0.11065592434847729,0.44584480251672315,-1.0
2017-10-16,1.2792657510539331,0.3283754766097207,0.25895515827297716,-0.024366681258181342,-0.07834525122838687,-0.2968917804215484,-0.2219130948000645,-0.06459372011254409,1.554910206645347,0.4606845726534369,0.09304241640212482,0.3949974205928205,-1.0
2017-10-17,1.1247522096756024,0.14546824014430654,0.3131636703991725,-0.014093863712347533,-0.010868393017264838,-0.3028533517167475,-0.21318931610200012,-0.06459372011254409,1.554910206645347,0.4606845726534369,0.018514717057202756,0.3885365157460881,0.0
2017-10-18,1.0896318443490232,0.14936013037581317,0.22594775911587392,0.23622390155046738,-0.06752483757739156,-0.32124519303372906,-0.21784007284331827,-0.06459372011254409,1.554910206645347,0.4606845726534369,0.05509440913414813,0.2905715078785566,-1.0
2017-10-19,1.0846240015140065,0.05987148972152294,0.18538723814066319,0.30140697467334915,-0.07938114350407573,-0.33016440623133164,-0.23447258756477263,-0.06459372011254409,1.554910206645347,0.4606845726534369,0.03266587930788311,0.18116429867650166,0.0
2017-10-20,0.989421322020352,0.13708731346111794,0.22849195299480346,0.23302907948840695,-0.02636244109239163,-0.31979316186593126,-0.22948827460447255,-0.06459372011254409,1.554910206645347,0.4606845726534369,-0.08691493067091689,0.2552464999058281,0.0
2017-10-23,1.116578981618972,0.08844886198528405,0.1854295722883505,0.20392173017455748,-0.02557643887134399,-0.2934260624160107,-0.22361931886342093,-0.06459372011254409,1.554910206645347,0.4606845726534369,-0.18948435288576387,0.27216102068394066,0.0
2017-10-24,1.1540697422771742,0.45029689320949384,0.19352409270576548,0.08480967936917587,0.05365497549213863,-0.26366252321867634,-0.21285119562544622,-0.06459372011254409,1.554910206645347,0.4606845726534369,-0.2113979762520388,0.3209577809438765,-1.0
2017-10-25,0.46910199713916323,0.4612201298644505,0.10609821667968865,0.1450030912350095,-0.09306092455596389,-0.25651576896386646,-0.24252348718565955,-0.06459372011254409,1.554910206645347,0.4606845726534369,-0.06092036013658234,0.36246706869336903,0.0
2017-10-26,0.5117409992383293,0.3932526095084167,0.055023565134506375,0.3596528898841135,-0.08805189408379666,-0.25856471636260014,-0.24520435081134878,0.039114141733387425,-0.034427353550179986,0.4606845726534369,-0.20677911457682607,0.3807891873190601,0.0
2017-10-27,0.5697822100128768,0.7165074116343204,0.2468970240820252,0.37081301873474243,-0.0850035120029603,-0.2668092487152791,-0.24969501177225123,0.039114141733387425,-0.034427353550179986,0.4606845726534369,-0.2566145813727707,0.15156941613802766,-1.0
2017-10-30,0.6017632216385226,0.33660074982834004,0.20066945525876653,0.3998716658358364,-0.07558056667377953,-0.2598819218464835,-0.2536735097267203,0.039114141733387425,-0.034427353550179986,0.4606845726534369,-0.3362832646292523,0.08514165353626409,0.0
2017-10-31,0.5383671925369494,0.5307646174608409,0.1789025165112059,0.3120168802391287,0.07355236436242435,-0.23282034901257995,-0.2410501448593987,-0.1683015819584751,0.9543118771472375,1.2468664317437657,-0.21323539943919115,0.10073719179432931,0.0
2017-11-01,1.2825749481012112,0.30623250922223044,0.1725025817837243,0.46217022724068857,0.052033693916187646,-0.2189504577322593,-0.24398200808473386,-0.1683015819584751,0.9543118771472375,1.2468664317437657,-0.3607890630212389,0.06499306627486776,0.0
2017-11-02,1.2989850922919717,0.3382170956354451,0.056373085778044986,0.4005498595383157,0.03202820571610317,-0.20390188525293232,-0.23869391867253226,-0.1683015819584751,0.9543118771472375,1.2468664317437657,-0.3510814335364162,0.05539157385414818,0.0
2017-11-03,1.1769280431978721,0.07245061038470343,0.05638479496644469,0.39055656329326505,0.05477163465228651,-0.19461161832601748,-0.230416154562653,-0.1683015819584751,0.9543118771472375,1.2468664317437657,-0.5146423969674656,-0.009465999623264295,0.0
2017-11-06,1.13620680736798,0.41428392280821186,0.06712583200824304,0.537810814577295,0.07751506358846985,-0.1836847676220472,-0.22571128172431967,-0.1683015819584751,0.9543118771472375,1.2468664317437657,-0.4114226402180364,0.006663634916181117,0.0
2017-11-07,1.1959842837603087,0.29189924551805874,-0.0536665837107218,0.5360750749400828,0.14057427446067838,-0.15690308507572792,-0.2203538027670763,-0.1683015819584751,0.9543118771472375,1.2468664317437657,-0.45338419337797664,-0.10797100035982309,0.0
2017-11-08,1.1383475194513462,0.1840922685513238,-0.19285147838469488,0.5925953414603176,0.13075220892606298,-0.147790525809136,-0.2285312817780994,-0.1683015819584751,0.9543118771472375,1.2468664317437657,-0.48634894074664436,-0.15520103156900839,0.0
2017-11-09,1.0825987309479292,-0.04146212846193279,-0.20474965772593298,0.30192610309169454,0.11581474260461137,-0.1335953668509216,-0.22077265537420554,-0.1683015819584751,0.9543118771472375,1.2468664317437657,-0.4071818592491271,-0.04722248043874167,1.0
2017-11-10,1.0823017515165012,-0.12211557692585404,-0.180266373749319,0.24087480302897754,0.14711924279760644,-0.14001462311438104,-0.22826872481357305,-0.1683015819584751,0.9543118771472375,1.2468664317437657,-0.15325734282158832,0.15144809469873752,1.0
2017-11-13,0.904329160461951,-0.35334884045438,-0.23886043002614166,0.18164347652256593,0.12095501987995766,-0.13097466592275997,-0.2305185216688456,-0.1683015819584751,0.9543118771472375,1.2468664317437657,-0.16758258430666573,0.0929131729914778,1.0
2017-11-14,0.9931077991955783,-0.47796448096889244,-0.4091838449457991,0.2363746362876473,0.23193352386660443,-0.08433566321161219,-0.21173946750154893,-0.1683015819584751,0.9543118771472375,1.2468664317437657,-0.035351550653542355,0.05249031349239491,1.0
2017-11-15,1.0941123219796907,-0.47968749799649857,-0.4065462591602383,0.2864814844789386,0.16305430838359403,-0.10084453821875387,-0.2274431714159347,-0.1683015819584751,0.9543118771472375,1.2468664317437657,-0.24701893316323478,-0.09402613808437447,1.0
2017-11-16,1.072635706162763,-0.10440252962616503,-0.21873937150195685,0.3753496469448571,0.17578477805160378,-0.07950422007383587,-0.2245701399714474,-0.1683015819584751,0.9543118771472375,1.2468664317437657,-0.1630321718625862,0.029724264371512633,1.0
2017-11-17,1.0450011898389135,0.18381129235579838,-0.21630639182030448,0.3018658261009081,0.20575380129823495,-0.09991544293942409,-0.22299655103928745,-0.1683015819584751,0.9543118771472375,1.2468664317437657,-0.21088131255786002,-0.05001392224529399,1.0
2017-11-20,0.9876078955215498,0.21397392557663505,-0.22416002323396272,0.375102462961653,0.18006145202977666,-0.08619666263364045,-0.22372064598670963,-0.1683015819584751,0.9543118771472375,1.2468664317437657,-0.21662038940906667,-0.027496944228032564,1.0
2017-11-21,0.9988281264683195,0.6686091887250085,-0.17605114919179354,0.5552261490937865,0.27709185665540736,-0.07522521984263386,-0.21364655703720534,-0.1683015819584751,0.9543118771472375,1.2468664317437657,-0.26320403404513737,-0.034527495530422524,1.0
2017-11-22,1.0677214346754513,0.7228209925587348,-0.1624803216391461,0.4272393363579267,0.17675545201850545,-0.08184500630241716,-0.2170929600466804,-0.1683015819584751,0.9543118771472375,1.2468664317437657,-0.21885969293770463,0.058882707091897066,1.0
2017-11-23,1.054675898211604,0.7699867745609882,-0.15983242556847227,0.4901594193662714,0.21460796179994102,-0.09094315643008782,-0.23121341937220927,-0.1683015819584751,0.9543118771472375,0.9650056071417847,-0.29543364420404966,0.08431524205859514,1.0
2017-11-24,0.9482203011585526,0.871948548605162,-0.21190104791485304,0.6096150284823634,0.16739369631044645,-0.11322673510603723,-0.23689772426861153,-0.1683015819584751,0.9543118771472375,0.9650056071417847,-0.15449505343954778,0.1545170733236163,1.0
2017-11-27,0.8593938094317981,0.246359268004815,-0.29695173805418384,0.549298600569434,0.147579078798183,-0.11486067572178488,-0.24285678740532649,-0.1683015819584751,0.9543118771472375,0.9650056071417847,0.022191599971558097,0.27854322232356193,1.0
2017-11-28,0.6121120885526256,0.5382016539768291,-0.20398631819974128,0.5022976581705936,0.23522748676887825,-0.06595111841432394,-0.23053570497402417,-0.26729545008413746,0.9543118771472375,0.9650056071417847,-0.06417600253577106,0.14806556512154062,1.0
2017-11-29,0.3604159143501406,0.0032877469937897465,-0.19624332446994963,0.29258966409275766,0.10112931455584935,-0.07767319487986714,-0.23565878470164356,-0.26729545008413746,0.9543118771472375,0.9650056071417847,-0.044992490735377734,0.276373893493344,1.0
2017-11-30,0.27865637950285727,-0.3316956055342058,-0.14310915000655003,0.3002468525791225,0.02441372551306993,-0.09227630901498537,-0.24550141786640592,-0.26729545008413746,0.9543118771472375,0.9650056071417847,-0.008534544486910859,0.2600305206885893,1.0
2017-12-01,0.3210323204590876,-0.47387708887440955,-0.16921230774852183,0.13512049283896915,0.018160232295398277,-0.09263208662462184,-0.24624525043039194,-0.26729545008413746,0.9543118771472375,1.100547206817961,0.0436099061450652,0.14555427183492714,1.0
2017-12-04,0.2431794134299126,-0.3279522722558379,-0.19585445187079562,0.19914935777462286,0.0163989545999971,-0.1335807921056332,-0.24597075420565812,-0.26729545008413746,0.9543118771472375,1.100547206817961,-0.14130934107785367,0.10871028975198856,1.0
2017-12-05,0.2516217065314682,-0.5692346858942199,-0.24890141369073146,0.08079378000513765,0.07202557956994997,-0.09421698880329747,-0.2343440180777464,-0.26729545008413746,0.9543118771472375,1.100547206817961,-0.2436007567698638,-0.023182768148784724,1.0
2017-12-06,0.24475298206091228,-0.7144405878450866,-0.3124271016291795,0.07981140855380207,-0.03427810988518049,-0.10566607704526297,-0.24248852905899013,-0.26729545008413746,0.9543118771472375,1.100547206817961,-0.39908077492123506,-0.09115881203112668,1.0
2017-12-07,0.509025605238508,-0.7516456771204689,-0.3043768425625596,-0.023179198906821945,-0.055006132210880576,-0.10778139795928884,-0.24322479466601374,-0.26729545008413746,0.9543118771472375,1.100547206817961,-0.34497112355556114,0.14131308088726424,1.0
2017-12-08,0.7056785301086206,-0.38978442640371797,-0.19054826055532045,0.007705588574020454,-0.08544173280708914,-0.11098137070125337,-0.24803951749097256,-0.26729545008413746,0.9543118771472375,1.100547206817961,-0.4002084930662672,0.22457500143733108,1.0
2017-12-11,0.6713514327263684,-0.19827342681025728,-0.14534459839675193,-0.10299789743031,-0.05949726917152599,-0.10391650452361846,-0.2431179115931952,-0.26729545008413746,0.9543118771472375,1.100547206817961,-0.3055728966635258,0.2624697479944381,1.0
2017-12-12,0.589305206526645,-0.2926400852652169,-0.2276750595859044,0.05663568819864626,0.06619130651336916,-0.07971454363445946,-0.23160660243937944,-0.26729545008413746,0.9543118771472375,1.100547206817961,-0.3120885467383133,0.26480482747824646,1.0
2017-12-13,0.36310014766512044,0.09494850219229158,-0.13197755101720665,0.038199714761157764,-0.12090507358997722,-0.08972799355747554,-0.2431805490672779,-0.26729545008413746,0.9543118771472375,1.100547206817961,-0.3195216429265003,0.4067702447144962,1.0
2017-12-14,0.42040122895481746,0.05078317522847094,-0.04397033586473088,0.09037768513755533,-0.08182045058215497,-0.07347114870392724,-0.23270088861019664,-0.26729545008413746,0.9543118771472375,1.100547206817961,-0.4965129018964498,0.3023983220700582,1.0
2017-12-15,0.50620407695555,-0.33141849969975334,-0.10565614714226314,0.15951488086994212,-0.07796335906332012,-0.08837381577679146,-0.2201887298375973,-0.26729545008413746,0.9543118771472375,1.100547206817961,-0.7451216817130577,0.22512143524267242,1.0
2017-12-18,0.6305155585811466,-0.2020895591304358,-0.17742894587003258,0.26351593282640334,-0.04055822793116807,-0.0690007386813842,-0.2124315360585399,-0.26729545008413746,0.9543118771472375,1.100547206817961,-0.33272139358315367,0.370520513714257,1.0
2017-12-19,0.5331382031229974,-0.416185269954578,-0.2574887180442613,0.14562966807119881,0.032136417734221726,-0.030849723810944647,-0.20260579015090766,-0.26729545008413746,0.9543118771472375,1.100547206817961,-0.1754908720406378,0.5970641834027783,1.0
2017-12-20,0.5636905840692223,-0.6599812520989855,-0.16441360952808876,-0.06034177058131768,-0.05039279543716817,-0.028188538129028398,-0.2234796294018225,-0.26729545008413746,0.9543118771472375,1.100547206817961,0.037858158061404405,0.5599431045000558,1.0
2017-12-21,0.7925923053654127,-0.5786655349442432,-0.23540242291144933,-0.010535768017318287,-0.08089791128737578,-0.04495807571791412,-0.2291573572864207,-0.26729545008413746,0.9543118771472375,1.100547206817961,0.057559375785179036,0.34492126810463986,1.0
2017-12-22,0.7162969295597692,-0.4070062301735506,-0.15553120530857398,-0.03680209751787225,-0.1221526923097312,-0.1011698091783411,-0.24025089555051093,-0.26729545008413746,0.9543118771472375,1.100547206817961,0.10063041107034185,0.2036728586503857,1.0
2017-12-27,0.7279309508169668,-0.3288133590707919,-0.16553985291565126,-0.023668128814293428,0.13735228623559778,-0.020642203007485545,-0.21038248324560269,-0.26729545008413746,0.9543118771472375,1.100547206817961,-0.2240458238663794,0.07554248178146596,1.0
2017-12-28,0.7173853217772942,0.12038680180490241,-0.16485122081961462,-0.16389689494138088,0.10108779072046394,-0.0395986965061124,-0.22194441631351433,-0.26729545008413746,0.9543118771472375,1.100547206817961,-0.2970213888258672,0.10957471509300327,1.0
2017-12-29,0.7874430041456894,0.06298519900339375,-0.12986212269905367,-0.24604582682812545,-0.015265589624169079,-0.048231821846660104,-0.22556313294106106,-0.26729545008413746,0.9543118771472375,1.100547206817961,-0.24438916194774565,0.1650523052181784,1.0
2018-01-02,0.6662649024293127,0.8017400678409984,-0.08963440391371263,-0.41908650314201484,0.04224280881941355,-0.017865234369052425,-0.2265328488596101,-0.26729545008413746,0.9543118771472375,1.100547206817961,0.038856014803996405,0.339990509654501,1.0
2018-01-03,0.7054507022487905,1.251540750753073,0.08272982876954917,-0.3119582553017921,0.06889156678220287,-0.04422000270828724,-0.22456751498663308,-0.26729545008413746,0.9543118771472375,1.100547206817961,-0.024946124719960123,0.17545588732514703,1.0
2018-01-04,0.9361084785195988,1.4872212748019313,0.14488465099800193,-0.2011150912957319,0.07526829487119678,-0.05152195403349635,-0.22456751498663308,-0.26729545008413746,0.9543118771472375,1.100547206817961,-0.02136903426219288,0.16281654464868361,0.0
2018-01-05,0.8724955994405486,1.6358434042291068,0.13399028572628147,-0.13360119086252878,0.05413221232657777,-0.05152195403349635,-0.2261859076483173,-0.26729545008413746,0.9543118771472375,1.100547206817961,0.01956906237660862,0.17270572099605008,0.0
2018-01-08,0.8442313611168296,1.6505570965817993,0.13133955819603535,-0.14532742282979408,-0.004691094940933791,-0.04462642773017428,-0.23016739999637323,-0.26729545008413746,0.9543118771472375,1.100547206817961,-0.04713090028107544,0.1178057935651554,0.0
2018-01-09,0.9424389848679814,1.9218071174700753,-0.09447449615864074,-0.3144391148743094,0.1014486867035138,-0.022359464336914266,-0.21876316061991957,-0.26729545008413746,0.9543118771472375,1.100547206817961,0.15132520961970766,0.3391136230263082,0.0
2018-01-10,0.7124681557442791,1.7128791596205062,-0.16403472211185577,-0.34869368344146645,0.07012340023143593,-0.04522445440192802,-0.2202321126719019,-0.26729545008413746,0.9543118771472375,1.100547206817961,0.14651526088432212,0.2808175993188524,1.0
2018-01-11,0.7742861608913256,1.5897213438219633,-0.15271078282271894,-0.5948392695972662,0.09994079200069074,-0.051412823815011374,-0.21666951676802448,-0.26729545008413746,0.9543118771472375,1.100547206817961,0.1192650923630095,0.2361337490433328,0.0
2018-01-12,0.7533316906367401,1.692036251794571,-0.20072819863063013,-0.6821471627335608,0.09205779368091616,-0.0331731746550396,-0.21896429670471693,-0.26729545008413746,0.9543118771472375,1.100547206817961,0.3812896606231641,0.3803662449727807,0.0
2018-01-15,0.6920389717253053,1.844584109583322,-0.21129130506594487,-0.7332737518652576,-0.002955057825104856,-0.030421621609364263,-0.22537755789956343,-0.26729545008413746,0.9543118771472375,1.100547206817961,0.4570072791820402,0.3987919595471572,1.0
2018-01-16,0.7412400264436317,1.4891781435818239,-0.2641846062962543,-0.6180504957981696,0.04330334624269369,-0.04522445440192802,-0.24227819305196574,-0.26729545008413746,0.9543118771472375,1.100547206817961,0.4928598010057056,0.4117453994253768,0.0
2018-01-17,0.7048306671105231,1.951150360484256,-0.27466253112384625,-0.6511522912734069,0.06002042996848732,-0.04777215054949209,-0.2457462714449743,-0.26729545008413746,0.9543118771472375,1.100547206817961,0.5174928326191255,0.37442939981887147,1.0
2018-01-18,0.8229331513436602,1.9290606392403031,-0.280256077472343,-0.6310234707693977,0.037488349625950136,-0.05006601700670833,-0.25460406421109594,-0.26729545008413746,0.9543118771472375,1.100547206817961,0.628772147416897,0.48185954266000247,1.0
2018-01-19,0.8901869116012964,1.8598761341069157,-0.27466253112384625,-0.585052779505404,-0.025290661452740823,-0.04875151071105398,-0.25813161274842333,-0.26729545008413746,0.9543118771472375,1.100547206817961,0.6987020722128763,0.5156127962492584,1.0
2018-01-22,0.8046477305414086,2.1120444666196008,-0.26385038032887886,-0.5978148362412239,-0.11916464347943652,-0.06626242768612796,-0.2590729756543363,-0.26729545008413746,0.9543118771472375,1.100547206817961,0.6343634349672743,0.38019276985158135,1.0
2018-01-23,0.8285391863606295,2.1905497691264797,-0.22879958308876455,-0.5657523168594811,-0.07333475240875728,-0.04645735561007767,-0.24114512573271796,-0.26729545008413746,0.9543118771472375,1.100547206817961,0.7001324823221657,0.3507280879908184,0.0
2018-01-24,0.6198292359376264,2.2337991457436766,-0.24500219730357015,-0.5658487448028922,-0.02229785588647833,-0.07264196057321883,-0.23690715747662605,-0.26729545008413746,0.9543118771472375,1.100547206817961,0.9018838380476354,0.47800935816063195,1.0
2018-01-25,0.924828686548526,2.0266166979488722,-0.26359215427078764,-0.7008890490229911,-0.010418655327862326,-0.0711394890610891,-0.23331032763242296,-0.26729545008413746,0.9543118771472375,1.100547206817961,0.6122437808886011,0.3836652637968084,1.0
2018-01-26,0.8628242671101435,2.303266240301036,-0.24497000828882004,-0.7631497915247234,-0.21772980524183197,-0.07189957825127463,-0.2344558536594294,-0.26729545008413746,0.9543118771472375,0.9608317512595222,0.7742462833642428,0.3905936449850416,1.0
2018-01-29,1.0547442497020627,1.795926479606167,-0.3505799713411615,-0.8139708497216526,-0.17537719653885056,-0.07458308856560462,-0.23892297758021216,-0.26729545008413746,0.9543118771472375,0.9608317512595222,1.034032678453268,0.537751706080465,1.0
2018-01-30,0.7840636024590778,1.382109758479999,-0.43559175950712237,-0.9230090489351341,-0.06148868488167286,-0.04284650467270897,-0.22504617361847937,-0.26729545008413746,0.9543118771472375,0.9608317512595222,1.1667582261237048,0.5710996762749669,1.0
2018-01-31,0.6676938125686839,1.1594972125019332,-0.35111771478594883,-0.8661254406994539,-0.09451998085675324,-0.08039361701091821,-0.22638174125788094,-0.276947913416118,-0.9355542277391405,1.3320608536376017,1.0678979318436799,0.5948139399122359,1.0
2018-02-01,0.8014032592553039,0.6552705657586209,-0.400245171736339,-1.1462263533822385,-0.04032103257210213,-0.07792923843029503,-0.21956401530834596,-0.276947913416118,-0.9355542277391405,1.3320608536376017,1.5328426359656506,0.8109217817431418,1.0
2018-02-02,0.6363218994830669,0.00017198613224939026,-0.5368765087288129,-1.1778909871125214,-0.04551533370141724,-0.07982514487533615,-0.2138195073094297,-0.276947913416118,-0.9355542277391405,1.3320608536376017,1.6611498610992752,0.9091510791466665,1.0
2018-02-05,0.524435511420625,-0.9040502515583567,-0.5663234543650407,-1.227139274350604,-0.031663588810255945,-0.08279577288937445,-0.2109594389474605,-0.276947913416118,-0.9355542277391405,1.3320608536376017,1.607762535160578,0.7435884453610567,1.0
2018-02-06,0.4091182695670518,-0.25424161634662085,-0.33679902605127054,-1.4478940384913705,0.0016113139855965513,-0.07205133930764553,-0.20223267375499834,-0.276947913416118,-0.9355542277391405,1.3320608536376017,1.590041069721729,0.8117806698376202,1.0
2018-02-07,0.3777136055604769,-0.8714800919322367,-0.2742187054145204,-1.2949472334644463,-0.01639206144795788,-0.0790431392502169,-0.19342597040793438,-0.276947913416118,-0.9355542277391405,1.3320608536376017,1.78779388559982,0.9179834874528424,1.0
2018-02-08,0.4390587178617797,-1.4417874197145835,-0.5175451269453373,-1.4729037387618724,0.02002058446895068,-0.08441573240599043,-0.1916538683951742,-0.276947913416118,-0.9355542277391405,1.3320608536376017,1.8198567964301984,0.9144837161768778,1.0
2018-02-09,0.2975877861431314,-1.252087922800104,-0.7032108550615881,-1.4525508964318832,0.022238529972646644,-0.08450070839231694,-0.1856513984575861,-0.276947913416118,-0.9355542277391405,1.3320608536376017,1.8283381382384563,0.9829764802577574,1.0
2018-02-12,0.21599055540524745,-1.1327009904246266,-0.5547257023074896,-1.3812213562168032,0.026261628973076146,-0.07622814870401282,-0.18507752389359006,-0.276947913416118,-0.9355542277391405,1.3320608536376017,1.500889776805462,0.9497079774196383,1.0
2018-02-13,0.251712491203144,-0.9819632745342988,-0.6300965229961915,-1.3994518784318661,0.08514472876872148,-0.04334035994448791,-0.16792689999246782,-0.276947913416118,-0.9355542277391405,1.3320608536376017,1.5813679024176948,0.9960058463075397,1.0
2018-02-14,0.4259287939404247,-0.4051373541662885,-0.4605754003162918,-1.3329470142256987,0.07953663256949285,-0.09720491201476227,-0.17010817005105972,-0.276947913416118,-0.9355542277391405,1.3320608536376017,1.9432931235311626,1.3593505137904205,1.0
2018-02-15,0.5922766858367086,-0.25654378783939746,-0.3082694578342649,-1.3117899689180157,0.05904700910530917,-0.08404875308033366,-0.1715362862278181,-0.276947913416118,-0.9355542277391405,1.3320608536376017,2.1278765535728588,1.3393559239488428,1.0
2018-02-16,0.7543871235109799,-0.34756820310108305,-0.23761891711189648,-1.302076265609084,0.09454443967672035,-0.0782015015028754,-0.15995740622314317,-0.276947913416118,-0.9355542277391405,1.3320608536376017,1.8271012187934028,1.1749754713689884,1.0
2018-02-19,0.7441607253177542,-0.5144226576320766,-0.333291564685895,-1.3513146833118317,0.09832303813667113,-0.0856047884202709,-0.17179149211403677,-0.276947913416118,-0.9355542277391405,1.3320608536376017,1.9337558996058064,1.213116875451321,1.0
2018-02-20,0.6093374096137942,-0.9087057914798731,-0.4166663705871502,-1.3329683662593155,0.12826887798891556,-0.08386483556578683,-0.16522653789400274,-0.276947913416118,-0.9355542277391405,1.3320608536376017,1.9092871889125138,1.1911428406893554,1.0
2018-02-21,0.7474577713972654,-1.018988480174054,-0.5557098309653399,-1.4217420786425554,0.14333110027023774,-0.09129589927109252,-0.16374998416115552,-0.276947913416118,-0.9355542277391405,1.3320608536376017,2.0789968178801757,1.274694548302571,1.0
2018-02-22,0.6887541173652193,-1.1729995563219275,-0.5814377610727732,-1.3030041882493906,0.14402762801021546,-0.08370201311655927,-0.16330538951054177,-0.276947913416118,-0.9355542277391405,1.3320608536376017,1.951718816643341,1.2195662129695057,1.0
2018-02-23,0.6901719621176969,-0.8103970130376842,-0.43114894719162233,-1.3121330980765447,0.17698050800142778,-0.08370201311655927,-0.16717751315093754,-0.276947913416118,-0.9355542277391405,1.3320608536376017,1.821334323359112,1.066295036368953,1.0
2018-02-26,0.7303462974923175,-0.9008342222359381,-0.3619368752099074,-1.3229981231283696,0.19195330857563028,-0.06356467113176091,-0.1683682383532884,-0.276947913416118,-0.9355542277391405,1.3320608536376017,1.7569760947734785,1.1316375243486916,1.0
2018-02-27,0.8587854259554919,-1.1832846612903523,-0.48666373719689854,-1.2575045537897305,0.26451580428350085,-0.034722966053556216,-0.15722324667646095,-0.276947913416118,-0.9355542277391405,1.3320608536376017,1.5794232000382755,1.142735813423764,1.0
2018-02-28,0.7259264158303235,-1.1976594075963818,-0.5840123865767197,-1.2041419940104325,0.13724506499488348,-0.07631097658400217,-0.15333426057222502,-0.276947913416118,-0.9355542277391405,1.261860779652257,1.5838352537793783,1.0784925474504936,1.0
2018-03-01,0.6601137873414453,-1.403888716530262,-0.7599086676281301,-1.2467133748786159,0.0813799858004218,-0.08720004401800635,-0.16302846808046476,-0.276947913416118,-0.9355542277391405,1.261860779652257,1.392283007655313,0.9558633252323577,1.0
2018-03-02,0.6064632690648667,-1.0546371215370403,-0.6313216251275318,-1.3323470254742238,0.06411796850699111,-0.06380082679990616,-0.1593546441464625,-0.276947913416118,-0.9355542277391405,1.261860779652257,1.538409251508384,1.089233884607065,1.0
2018-03-05,0.5460178149943788,-0.5037761497722969,-0.5791753948953996,-1.072595863857618,0.1022582555304941,-0.04988883133374866,-0.1536464366138607,-0.276947913416118,-0.9355542277391405,1.261860779652257,1.7449783792017217,1.2789433368437135,1.0
2018-03-06,0.769537773954148,0.4336342087755369,-0.53123457487552,-1.1354081419413498,0.11695740910047647,-0.0470916620785194,-0.1705943783281923,-0.276947913416118,-0.9355542277391405,1.261860779652257,1.8704933707413767,1.2231475224740205,1.0
2018-03-07,0.6192977463384923,-0.21664249816144418,-0.5902703901917901,-0.9724419777662087,0.07422263937039512,-0.07127878388913397,-0.16334450511923254,-0.276947913416118,-0.9355542277391405,1.261860779652257,2.012628648942268,1.2431966884242593,1.0
2018-03-08,0.8426906034491577,0.45991030329082616,-0.4899352265906814,-0.9075630174894023,0.003857793593320614,-0.06517383129790383,-0.16574781832605862,-0.276947913416118,-0.9355542277391405,1.261860779652257,1.916966329142337,1.051843928713756,1.0
2018-03-09,0.8467265158911892,1.697583053700798,-0.48012434943002547,-0.8718269924165377,0.003857793593320614,-0.06295706308634318,-0.16574781832605862,-0.276947913416118,-0.9355542277391405,1.261860779652257,1.900191293209125,1.0829165900311075,1.0
2018-03-12,0.8865490843023728,1.3961981460064266,-0.5465421559565619,-0.906681839824322,-0.000485252500017206,-0.05315148782328251,-0.16309222823697508,-0.276947913416118,-0.9355542277391405,1.261860779652257,1.8854663777045828,1.028748560077196,1.0
2018-03-13,0.986016762854609,0.853519780330035,-0.6267884830701876,-0.9211826007796298,0.05549774497832178,-0.03385453488827652,-0.1519540471310546,-0.276947913416118,-0.9355542277391405,1.261860779652257,1.7823909098008097,1.030699979297765,1.0
2018-03-14,0.7669210792204109,0.7237906739375218,-0.6848140877124975,-1.04951468667467,0.039581275788999885,-0.053009441948823,-0.14927900247294767,-0.276947913416118,-0.9355542277391405,1.261860779652257,1.7050633633347114,0.9708042134158159,1.0
2018-03-15,0.6250147118828796,0.11939081895407429,-0.6894949828405654,-0.9852472952616587,0.09603128362895047,-0.01712066416350859,-0.13851081168005203,-0.276947913416118,-0.9355542277391405,1.261860779652257,1.6322073018376126,0.9133944546553244,1.0
2018-03-16,0.5597395921339453,-0.3489163578627763,-0.6309258623253737,-1.083631347857546,0.08663297907692101,-0.02194908720941309,-0.13316514302222374,-0.276947913416118,-0.9355542277391405,1.261860779652257,1.7936741090653607,0.8881006516827761,1.0
2018-03-19,0.35344007328702554,-0.5044147781363654,-0.7479175570380494,-1.2534818694616972,0.054690444704614254,-0.029062340685027954,-0.1429487218381908,-0.276947913416118,-0.9355542277391405,1.261860779652257,2.0861881224026857,0.8943257615728702,1.0
2018-03-20,0.3076421958333003,-0.27844326341088355,-0.6998571190561638,-1.3658547381478587,0.10001795145145788,-0.03471892964662229,-0.1366561404715812,-0.276947913416118,-0.9355542277391405,1.261860779652257,1.835962859648609,1.0471948364492156,1.0
2018-03-21,0.3627509091426681,0.13125616018200031,-0.6632907297977738,-1.2247850025673406,0.022566531680980943,-0.08723809033503856,-0.14319417320540925,-0.276947913416118,-0.9355542277391405,1.261860779652257,1.6778397677193468,1.05865373560654,1.0
2018-03-22,0.34184573555592945,-0.5521806453356833,-0.8231129699258036,-1.1339452518347082,-0.07339380355099288,-0.09960225693626791,-0.14764822578531162,-0.276947913416118,-0.9355542277391405,1.261860779652257,1.3029827045897613,0.955501393262459,1.0
2018-03-23,0.03105631794716957,-0.976300081333631,-0.894819807435395,-1.2506769971231302,-0.06136321292768595,-0.07650057421652069,-0.14441148564849862,-0.276947913416118,-0.9355542277391405,1.261860779652257,1.5228113306422704,1.1294499720407374,1.0
2018-03-26,0.10214306840859831,-0.6907353624560942,-0.7761094721603872,-1.284437059427581,-0.036237606118413646,-0.051492714767145134,-0.15808422677330758,-0.276947913416118,-0.9355542277391405,1.261860779652257,1.751203742076861,1.328315390699476,1.0
2018-03-27,0.14289808050638858,-1.239317354101305,-0.8077813715553083,-1.163362860298931,0.00036693014118451244,-0.11099640745896339,-0.14967691321873802,-0.276947913416118,-0.9355542277391405,1.261860779652257,1.7109882620567765,1.0441598950940756,1.0
2018-03-28,-0.044258470186522236,-0.7530031330790969,-0.8184521020101785,-1.1115541033472507,-0.09698347237918956,-0.10639176627616057,-0.15544894882259103,-0.276947913416118,-0.9355542277391405,1.261860779652257,1.450491234281155,0.8022136829949132,1.0
2018-03-29,-0.14932193329561788,-0.03229466322527322,-0.7745119147489027,-1.0312499175837049,-0.10779780453723392,-0.1098108880522883,-0.16054352363168467,-0.276947913416118,-0.9355542277391405,1.261860779652257,1.3059398723927542,0.7402945664228398,1.0
2018-04-03,-0.0450684762493283,-0.16615248389963325,-0.7872604643661159,-1.0422805376731368,-0.0005292919423711115,-0.10216308852805804,-0.14449974972410984,-0.276947913416118,-0.9355542277391405,1.261860779652257,1.156971130073139,0.8509113138015157,1.0
2018-04-04,-0.15359548604755865,-0.24360234683707463,-0.7777118021731615,-1.1555781596723984,-0.09092258452659205,-0.12056589753473314,-0.16366028939931968,-0.276947913416118,-0.9355542277391405,1.261860779652257,1.3217145961104455,0.9206177142465075,1.0
2018-04-05,-0.09330589413129262,-0.2219494101074809,-0.735755548438642,-1.0146581538849226,-0.11104572956216643,-0.11689114825990621,-0.16502330839671508,-0.276947913416118,-0.9355542277391405,1.261860779652257,1.2955293206019374,0.9045400245460601,1.0
2018-04-06,-0.07119539402112351,-0.8135383934441144,-0.8149422635986515,-1.1315337751318777,-0.13061461093356594,-0.11426631840918977,-0.1638667993883721,-0.276947913416118,-0.9355542277391405,1.261860779652257,1.114876673249677,0.8058262845444767,1.0
2018-04-09,-0.003384474581996976,-0.812849631356071,-0.6957790948307989,-1.044779184396423,-0.1480931307055645,-0.1232630176656745,-0.16502330839671508,-0.276947913416118,-0.9355542277391405,1.261860779652257,1.2383892668175804,0.8436697816752073,1.0
2018-04-10,0.09959718875306244,-0.4254194959887749,-0.615387937932266,-0.9682144946914923,-0.09698347237918956,-0.1346898452099169,-0.1611475833706215,-0.276947913416118,-0.9355542277391405,1.261860779652257,1.0731965387341529,0.8760658024909332,1.0
2018-04-11,0.0026938534649912312,-0.8445793031191046,-0.625576502255621,-0.960556416984325,-0.09988531057536992,-0.12336947907105558,-0.16531401091283454,-0.276947913416118,-0.9355542277391405,1.261860779652257,0.9703361371142133,0.7977597283100313,1.0
2018-04-12,-0.035996778395202725,-0.9010913611723332,-0.5191933210118367,-0.6313979710624045,-0.0945198011250185,-0.1221950163779248,-0.16731572482840953,-0.276947913416118,-0.9355542277391405,1.261860779652257,1.04032986714552,0.8278468911936957,1.0
2018-04-13,-0.0338293625789824,-0.9205620278099973,-0.47964549289782255,-0.5525240158011532,-0.14473288699923662,-0.11990311337132112,-0.15885105394252133,-0.276947913416118,-0.9355542277391405,1.261860779652257,0.8349507785756779,0.8760671729026597,0.0
2018-04-16,-0.09684520522259164,-0.9276886270612281,-0.45531889600827785,-0.5631331664251759,-0.19093842238435546,-0.12245348003311222,-0.15887526463468626,-0.276947913416118,-0.9355542277391405,1.261860779652257,0.870341252702263,0.9591113996564877,0.0
2018-04-17,-0.08804432720830482,-0.8128599070954352,-0.4576890413874203,-0.5300809869813642,-0.15392095685257376,-0.09140483472876679,-0.15113639403001486,-0.276947913416118,-0.9355542277391405,1.261860779652257,0.8164431344499165,0.9462944080745912,0.0
2018-04-18,-0.14989695672264175,-0.5952916677457577,-0.515744448301454,-0.4804114794694145,-0.14035891586418173,-0.09656952360275088,-0.15449613907792537,-0.276947913416118,-0.9355542277391405,1.261860779652257,0.9525757949684766,1.0655235502632208,-1.0
2018-04-19,-0.19450266129942875,-0.4937339432056032,-0.6112920687421048,-0.6131299582736718,-0.10853251381868662,-0.08351183158575105,-0.1496964992314312,-0.276947913416118,-0.9355542277391405,1.261860779652257,0.7728560163624284,1.0159725562127722,0.0
2018-04-20,-0.3515729417687026,-0.9700512521215872,-0.6699587220412085,-0.8080791854894992,-0.17458929304039322,-0.09143792230524572,-0.15263944011639288,-0.276947913416118,-0.9355542277391405,1.261860779652257,0.7120137622925243,1.0229576597183623,0.0
2018-04-23,-0.3667949725214068,-1.2457533183778484,-0.7520081756981438,-0.7114572377530204,-0.08276783128291322,-0.0736625804793646,-0.1523191405282751,-0.276947913416118,-0.9355542277391405,1.261860779652257,0.5805918514690458,0.8770520467408498,0.0
2018-04-24,-0.42588927176262964,-0.6643118070259374,-0.7716130419399304,-0.5417359152721403,0.013291463592207231,-0.06831966200788793,-0.1414307445018601,-0.276947913416118,-0.9355542277391405,1.261860779652257,0.6919064274363911,1.009009144335428,0.0
2018-04-25,-0.5110059275451813,-0.4053824763190881,-0.7689527675348794,-0.5803198330689763,-0.0055617466114218665,-0.07042595148814543,-0.15366991912414302,-0.276947913416118,-0.9355542277391405,1.261860779652257,0.40865580344320346,0.9458910228399287,0.0
2018-04-26,-0.17790433799563288,-0.7611836012413516,-0.6239841881287679,-0.3521917298672753,-0.07273190531912306,-0.07461683164761451,-0.15482934318811226,-0.276947913416118,-0.9355542277391405,1.261860779652257,0.4354476667597786,0.7527173359047857,-1.0
2018-04-27,-0.21318471131950642,-0.2622920230528014,-0.6060652763286042,-0.2851573929402378,-0.13338887770506386,-0.07906934563664039,-0.15707552935927285,-0.276947913416118,-0.9355542277391405,1.261860779652257,0.22515928023618767,0.7144182107473674,-1.0
2018-04-30,-0.2613858729908842,-0.3067355288531297,-0.6844774741319141,-0.2826777438118991,-0.08886912744123324,-0.07405957692249707,-0.15606997761141317,-0.276947913416118,-0.9355542277391405,1.261860779652257,0.06171928166909344,0.7795697306155154,-1.0
2018-05-02,-0.3436992537138125,-0.986118195437775,-0.6704421872348615,0.016430671689707115,-0.02068353630257027,-0.09531222186127745,-0.15187031282861266,-0.276947913416118,-0.9355542277391405,1.261860779652257,-0.1263221109133682,0.7316596333715538,-1.0
2018-05-03,-0.36714181383403804,-0.8632694968837212,-0.6783090603207657,-0.03851692802787361,-0.0801756421779807,-0.09695338074100306,-0.16834784404765973,-0.06459372011254409,-0.034427353550179986,0.4753241113889052,0.012988154133125273,0.7669546148273257,-1.0
2018-05-04,-0.8025648936982491,-0.7807299462507109,-0.6402968859397024,0.18825378471671927,-0.006266213617110498,-0.10871311010506261,-0.1723507884172715,-0.06459372011254409,-0.034427353550179986,0.4753241113889052,-0.3616799960714517,0.8102279998693199,-1.0
2018-05-07,-0.778499121488177,-0.9475130448400971,-0.6057229513772356,0.4103354758944045,-0.016922508964335076,-0.10687696990500016,-0.1723507884172715,-0.06459372011254409,-0.034427353550179986,0.4753241113889052,-0.47580710065858295,0.8114134264075099,-1.0
2018-05-08,-0.7722750239308362,-0.43515037350702845,-0.6433210141940355,0.5120678301434157,0.03482382094193479,-0.09103880861886304,-0.16683563230535176,-0.06459372011254409,-0.034427353550179986,0.4753241113889052,-0.40393007361556993,0.830118891557188,-1.0
2018-05-09,-0.7329042021987681,-0.4172449499671418,-0.6082719585530494,0.7542679758081787,0.05672017096685844,-0.10445492576518994,-0.16808235432924368,-0.06459372011254409,-0.034427353550179986,0.4753241113889052,-0.3029284128127524,0.8965039644401496,-1.0
2018-05-10,-0.7360956850908134,-0.39045309844722814,-0.4753287305566269,0.7245671818270194,0.02588937835459943,-0.12034756073366579,-0.17778870472003955,-0.06459372011254409,-0.034427353550179986,0.4753241113889052,-0.4471523296940775,0.9228970912813668,-1.0
2018-05-11,-0.6759839571723928,-0.4334832200403504,-0.38018573824781526,0.9479900916271267,0.04995699090740895,-0.11322673510603723,-0.17695521100068404,-0.06459372011254409,-0.034427353550179986,0.4753241113889052,-0.49146845836319725,0.9104408799386313,-1.0
2018-05-14,-0.7373822178752738,-0.3990792337332969,-0.2598610966444851,1.0287816632896438,0.024658153643911808,-0.12137482753123865,-0.18045495511265064,-0.06459372011254409,-0.034427353550179986,0.4753241113889052,-0.5546046375537523,0.8665102404074809,-1.0
2018-05-15,-0.6908657264250445,-0.6195450832356905,-0.424845184774836,0.8533574091596041,0.03274424880550124,-0.11770334560621169,-0.1755041914334732,-0.06459372011254409,-0.034427353550179986,0.4753241113889052,-0.5003829755725012,0.6798206593713174,-1.0
2018-05-16,-0.6662875121124827,-0.3403884840431851,-0.37897676338323816,0.9703291671263893,0.02645306129167889,-0.14186884848399622,-0.17276848523377383,-0.06459372011254409,-0.034427353550179986,0.4753241113889052,-0.4377067094168097,0.7851551406097499,-1.0
2018-05-17,-0.674904575843967,-0.6961264186251491,-0.2661957129144324,0.9451724659394045,-0.03805662507224472,-0.13177302997957752,-0.18999850817619435,-0.06459372011254409,-0.034427353550179986,0.4753241113889052,-0.7403820895179454,0.7992659661069358,-1.0
2018-05-18,-0.7365299340208717,-1.0359354225375794,-0.290768124076715,0.9564403040383549,-0.07011817088300185,-0.1410025208785378,-0.18862081278708337,-0.06459372011254409,-0.034427353550179986,0.4753241113889052,-0.9602098555309037,0.7671020081516496,-1.0
2018-05-21,-0.8591602317131,-0.798590382047867,-0.4847173071064128,0.9073157689292625,-0.07760084808894688,-0.14278502018334832,-0.187051716914538,-0.06459372011254409,-0.034427353550179986,0.4753241113889052,-0.7582490883822197,0.7047732010032902,-1.0
2018-05-22,-0.8848400049500633,-0.4735190209351412,-0.45263409435038016,0.9814058612266607,-0.012003926152923854,-0.12904228086669187,-0.1841618684992339,-0.06459372011254409,-0.034427353550179986,0.4753241113889052,-0.7783211096909988,0.7625430081315578,-1.0
2018-05-23,-0.8106461891699042,-0.31699152060652563,-0.43898792966912237,0.9399611259794247,-0.06429664388730624,-0.13984042834828964,-0.18805296161720755,-0.06459372011254409,-0.034427353550179986,0.4753241113889052,-0.8432468501683806,0.6941583912902635,-1.0
2018-05-24,-0.819886290742997,-0.3311364503003925,-0.47305104955367494,0.9810746803127652,-0.13588905961386782,-0.16429482343665702,-0.2013420608537717,-0.06459372011254409,-0.034427353550179986,0.4753241113889052,-1.0525182044507901,0.6435574937538948,-1.0
2018-05-25,-0.7745221749818428,-0.08632146288038954,-0.5476542961166311,1.0754134389256371,-0.13436997998305514,-0.1658765328600206,-0.1990687541458038,-0.06459372011254409,-0.034427353550179986,0.4753241113889052,-1.186793348175917,0.45031642646666176,-1.0
2018-05-28,-0.7630105634856145,-0.382863884666699,-0.5476542961166311,0.9598368189704556,-0.09366722568663269,-0.1658765328600206,-0.1990687541458038,-0.06459372011254409,-0.034427353550179986,0.4753241113889052,-1.0754028329080072,0.45031642646666176,-1.0
2018-05-29,-0.8679263508350549,-0.9823529182851084,-0.6603451346802277,0.7997122889010014,-0.09022104905727611,-0.17324013890537104,-0.19447326990041292,-0.06459372011254409,-0.034427353550179986,0.4753241113889052,-1.5658442986195888,0.02050210524370776,-1.0
2018-05-30,-0.9158799290442237,-0.6791450687544374,-0.5193968076916831,0.8162852641926974,-0.029300474165807423,-0.17011500051301304,-0.1820014123356233,-0.06459372011254409,-0.034427353550179986,0.4753241113889052,-1.2686726998461284,0.13522227164812264,-1.0
2018-05-31,-0.8378647347563675,-0.42648700823172986,-0.6118706082821915,0.7523736943425359,-0.07107545124357881,-0.16499143011937134,-0.19582669369326336,-0.28756562308129663,-0.034427353550179986,0.21229764489754357,-1.0699922878808872,0.29328792302676965,-1.0
2018-06-01,-0.6438625976592233,-0.09519248799215137,-0.5305029155831553,1.0718812157743398,-0.07789848145428978,-0.15125826883979362,-0.19422582586435794,-0.28756562308129663,-0.034427353550179986,0.21229764489754357,-1.0386300265828523,0.18744563899217992,-1.0
2018-06-04,-0.5242459154713468,0.020667469807958312,-0.487031560977016,1.300979447769068,-0.08877848916382132,-0.1604993220628423,-0.18902323209855526,-0.28756562308129663,-0.034427353550179986,0.21229764489754357,-1.0684545886404568,0.2636338484995957,-1.0
2018-06-05,-0.48633504529144284,-0.018786571644376998,-0.45254354979103106,1.2171454662528614,-0.038504444444710705,-0.15396667665171085,-0.18071738467170428,-0.28756562308129663,-0.034427353550179986,0.08039577126210595,-1.0828016344353215,0.3926522322574592,-1.0
2018-06-06,-0.49709044144688685,0.17701338905291128,-0.38767546050131546,1.1879920079854382,-0.10000789875858271,-0.16450715868267152,-0.18428454412140435,-0.28756562308129663,-0.034427353550179986,0.08039577126210595,-1.0384875500469606,0.5129165960093146,-1.0
2018-06-07,-0.3615553211135328,-0.18465037716320196,-0.3662515289613202,1.0072377678010547,-0.1326061403068173,-0.17457379213980834,-0.19800953126690818,-0.28756562308129663,-0.034427353550179986,0.08039577126210595,-1.220763151583992,0.46433617442252945,-1.0
2018-06-08,-0.42474581885544954,-0.6466444964591388,-0.3584928506095613,0.9580998943454119,-0.13903470280605223,-0.16923525150724686,-0.19335185321630027,-0.28756562308129663,-0.034427353550179986,0.08039577126210595,-1.0504323081518945,0.5350584502158946,-1.0
2018-06-11,-0.6212200247497998,-0.6125002893027154,-0.3257601088237747,1.0249750121522707,-0.17383185900911882,-0.17451379797964645,-0.19479443499045973,-0.28756562308129663,-0.034427353550179986,0.08039577126210595,-1.0818849054201027,0.49871838999556917,-1.0
2018-06-12,-0.7415204027768089,-0.6905408854394391,-0.33076621236798487,1.0452975405608975,-0.14183482223145386,-0.16976000311174433,-0.18894562197102144,-0.28756562308129663,-0.034427353550179986,0.08039577126210595,-1.0979208011029016,0.47602077602268533,-1.0
2018-06-13,-0.677419362089675,-0.4032155439615424,-0.3279690672195701,1.2236504810582827,-0.15873181791133953,-0.18976519965752348,-0.1904866777651859,-0.28756562308129663,-0.034427353550179986,0.08039577126210595,-0.9787008847910308,0.5001014931822316,-1.0
2018-06-14,-0.732149312450555,-0.8431799744685391,-0.24956762703808955,1.379795530121678,-0.161139965169346,-0.20793218072693936,-0.20568317882534598,-0.28756562308129663,-0.034427353550179986,0.08039577126210595,-1.1569278848292444,0.30735145384482293,-1.0
2018-06-15,-0.8015045755659285,-0.6933615679351441,-0.27647468402127645,1.2598759070055372,-0.15220238648866016,-0.21268009667704885,-0.1946566701322265,-0.28756562308129663,-0.034427353550179986,0.08039577126210595,-1.1205738918861066,0.28655979157192196,-1.0
2018-06-18,-0.871858614163849,-0.7700052134309544,-0.23102451556918513,1.201741948835942,-0.14822872944064922,-0.21700326258321143,-0.1983855950248256,-0.28756562308129663,-0.034427353550179986,0.08039577126210595,-1.0784353008181264,0.4291445772797909,-1.0
2018-06-19,-0.9435890135527397,-1.1120515141780432,-0.26626803828906914,1.3022253270554138,-0.13946948496384542,-0.2062508842249188,-0.1961205454988369,-0.28756562308129663,-0.034427353550179986,0.08039577126210595,-1.3277843652499461,0.4282673607220443,-1.0
2018-06-20,-0.9268448856624615,-1.0947990222128687,-0.2659479472331727,1.4382364251936177,-0.19030019653587069,-0.22382243329061835,-0.20608443800031334,-0.28756562308129663,-0.034427353550179986,0.08039577126210595,-1.1831684465833208,0.3750807129170912,-1.0
2018-06-21,-0.9334278216725503,-1.3645648376246338,-0.2666047262874886,1.265535132921639,-0.1625043060388817,-0.2013002267505846,-0.2154558761819104,-0.28756562308129663,-0.034427353550179986,0.08039577126210595,-1.323268554552254,0.15849838841984168,-1.0
2018-06-22,-0.9103499904981865,-1.056011479981439,-0.2826375286057826,1.2945624485619407,-0.1712812016944692,-0.19709431428062024,-0.21828102687831277,-0.28756562308129663,-0.034427353550179986,0.08039577126210595,-1.0959823818598422,0.08253185215157569,-1.0
2018-06-25,-0.9785489893871295,-1.4022691508297438,-0.3612877125195562,1.1968439757599694,-0.18403464030069674,-0.20670451280871513,-0.21379316437016804,-0.28756562308129663,-0.034427353550179986,0.08039577126210595,-1.1749817348537377,0.1701260514053635,-1.0
2018-06-26,-0.8648190721614509,-1.478668048149853,-0.38536696317132496,1.3199266169984085,-0.13282817421063872,-0.19770364491924147,-0.20061868137043187,-0.28756562308129663,-0.034427353550179986,0.08039577126210595,-1.4425807501074732,0.1137076295033118,-1.0
2018-06-27,-0.8517309020991579,-1.3986342245504029,-0.4793195753615159,1.2459751222965707,-0.13246638908395053,-0.21600014518655558,-0.23033326762680878,-0.28756562308129663,-0.034427353550179986,0.08039577126210595,-1.467994293556057,0.06700465195959447,-1.0
2018-06-28,-0.8080409986269097,-1.3876958336701857,-0.5336253772742245,1.031786564955934,-0.1815084301895502,-0.19850872191750452,-0.22139852980891597,-0.28756562308129663,-0.034427353550179986,0.08039577126210595,-1.261079805543937,0.05452445701518697,-1.0
2018-06-29,-0.779188525267588,-1.0868869459758876,-0.6220317295637561,1.1299833849645193,-0.1713494018357053,-0.18656704072930327,-0.21773371060828606,-0.28756562308129663,-0.034427353550179986,0.08039577126210595,-1.0043609347099653,0.15508911461559172,-1.0
2018-07-02,-0.8281772573159399,-1.55389570071809,-0.6211159705449026,1.1479958601917217,-0.14974785680474298,-0.2005931216816029,-0.22069441804777207,-0.28756562308129663,-0.034427353550179986,0.08039577126210595,-1.1308400564830463,-0.04313227338127284,-1.0
2018-07-03,-0.8573982483427243,-1.7345612392750696,-0.7284068194434469,1.2420321632628606,-0.09754372959636466,-0.1627438622068994,-0.21206558251599905,-0.28756562308129663,-0.034427353550179986,0.08039577126210595,-1.1961945997065857,0.01800785792277152,-1.0
2018-07-04,-1.176590841961703,-1.5861807389283649,-0.7674419409476256,0.8411922551417933,-0.14663885045463396,-0.166226989029516,-0.21206558251599905,-0.28756562308129663,-0.034427353550179986,0.08039577126210595,-1.2183861165858552,-0.016729348065812537,-1.0
2018-07-05,-1.1919929697373282,-1.921303461726615,-0.6968895579106097,0.987806500521749,-0.17154969488612487,-0.17854342145580462,-0.21611573183088448,-0.28756562308129663,-0.034427353550179986,0.08039577126210595,-1.0816830623452292,-0.034130030049054176,-1.0
2018-07-06,-1.144705226254291,-1.3621131668001274,-0.6193890050084397,0.9184839260595062,-0.1588660502635241,-0.17824950389830777,-0.21942705082523797,-0.28756562308129663,-0.034427353550179986,0.08039577126210595,-1.142490971889715,0.0030332220337140592,-1.0
2018-07-09,-1.1376986513458323,-0.9729096948411675,-0.5134546119526019,1.0814091197163402,-0.13987246680300527,-0.18365791508739945,-0.22595953214341022,-0.28756562308129663,-0.034427353550179986,0.08039577126210595,-1.1024869350369217,-0.07825369700527898,-1.0
2018-07-10,-1.03260854312843,-1.0179469883996402,-0.4605644229345453,1.2275625104924703,-0.0989525771420341,-0.17420177329509143,-0.21781986011381083,-0.28756562308129663,-0.034427353550179986,0.08039577126210595,-1.098727690011874,-0.14513872538604858,-1.0
2018-07-11,-1.0487580146289261,-1.354708873189196,-0.572153863579838,0.9743584211764962,-0.1438289145847622,-0.18631451080354794,-0.22230724191130383,-0.28756562308129663,-0.034427353550179986,0.08039577126210595,-1.316125276746336,-0.2628737377912509,-1.0
2018-07-12,-1.0743253102752632,-0.9546696647837496,-0.45973600068772547,1.0783957761525689,-0.14272558272220023,-0.1890939088131203,-0.22257747636500097,-0.28756562308129663,-0.034427353550179986,0.08039577126210595,-1.2953042551976928,-0.3847691670179112,-1.0
2018-07-13,-1.0252523138438339,-0.8054757309551523,-0.45973600068772547,1.2438509467488514,-0.12734516550726932,-0.18673805576173935,-0.22257747636500097,-0.28756562308129663,-0.034427353550179986,0.08039577126210595,-1.3247855320637818,-0.38324858834445674,-1.0
2018-07-16,-1.0739254881705405,-0.756457720681624,-0.46271610751350245,1.0959228758402304,-0.12121314706384498,-0.20201197860409725,-0.2173010435638426,-0.28756562308129663,-0.034427353550179986,0.08039577126210595,-1.2310067274079222,-0.3488717840068241,-1.0
2018-07-17,-1.0750194896739333,-0.35936412566159054,-0.4572593585579615,1.1929755927964254,-0.06813603836002759,-0.19370822974571109,-0.21572992390353823,-0.28756562308129663,-0.034427353550179986,0.08039577126210595,-1.361966458716212,-0.3563271333555885,-1.0
2018-07-18,-1.158119012360479,-0.15397693844564173,-0.42261281558001645,1.3630959628600898,-0.10654629403335351,-0.2056098464116796,-0.21590891126048076,-0.28756562308129663,-0.034427353550179986,0.08039577126210595,-1.3445500855060732,-0.46332380134844264,-1.0
2018-07-19,-1.0937953967578347,-0.49717330430930085,-0.4572593585579615,1.15092382370756,-0.10864884841647451,-0.2024368729089092,-0.21749259938077684,-0.28756562308129663,-0.034427353550179986,0.08039577126210595,-1.4888361697863641,-0.6118349299080983,-1.0
2018-07-20,-1.1621866333537834,0.08914411505408451,-0.4675793499785911,0.9915166090679123,-0.130065296340166,-0.21650079423833332,-0.2169632556240908,-0.28756562308129663,-0.034427353550179986,0.08039577126210595,-1.0435189559769253,-0.3684306152474725,-1.0
2018-07-23,-1.196637573078967,-0.2625327702359443,-0.5441063898083824,0.6468938059302423,-0.12060844797573843,-0.2387377657604722,-0.22464373611355382,-0.28756562308129663,-0.034427353550179986,0.08039577126210595,-1.0253226306160725,-0.27913225641492967,-1.0
2018-07-24,-1.1240700513896125,0.3243391219266796,-0.46137864967304254,0.8674709773118411,-0.047057221423946576,-0.21954882942279588,-0.21710233310586036,-0.28756562308129663,-0.034427353550179986,0.08039577126210595,-1.068841806756571,-0.5040084342694281,-1.0
2018-07-25,-1.1100137972047344,0.7536683049635035,-0.4023652847181693,0.756311882950828,-0.108847965478611,-0.2093161053791894,-0.21422206706762756,-0.28756562308129663,-0.034427353550179986,0.08039577126210595,-0.8321605542953451,-0.3114377994344228,-1.0
2018-07-26,-0.9950595972856816,0.9328909295359586,-0.41816131087708713,0.786970162166146,-0.1020190248179456,-0.20589811770079,-0.21439411333356093,-0.28756562308129663,-0.034427353550179986,0.08039577126210595,-0.8233560238266836,-0.4497555976323856,-1.0
2018-07-27,-1.039177171507658,0.8266917626192073,-0.3440938333110759,0.7391592805600343,-0.1020190248179456,-0.2027601944141254,-0.2111979062093128,-0.28756562308129663,-0.034427353550179986,0.08039577126210595,-0.7276748734509211,-0.4931754734779286,-1.0
2018-07-30,-0.9403961410832787,0.47264919347158924,-0.2558769252733711,0.3499857412553923,-0.1020190248179456,-0.2125393874922091,-0.2231717996973018,-0.28756562308129663,-0.034427353550179986,0.08039577126210595,-0.5508055464394951,-0.4968415962226891,-1.0
2018-07-31,-0.7656391515539844,0.8025985452705442,-0.24718117647647053,0.31083749300398705,-0.07137350634798603,-0.1977647189898804,-0.21757494588907839,-0.28756562308129663,0.07329857321895315,-0.017854415752219615,-0.6963621879530062,-0.5043465461559415,-1.0
2018-08-01,-0.676880757092514,0.5942913684294027,-0.1820090109816714,0.1510757360550032,-0.1288113777686786,-0.20279909100172083,-0.22403809257262078,-0.28756562308129663,0.07329857321895315,-0.017854415752219615,-0.5398062279262824,-0.6535939149184297,-1.0
2018-08-02,-0.5995795925495581,0.30938925506448883,-0.018887097498829778,0.06434451449141698,-0.14476475171868938,-0.20801362596963408,-0.22552154825666126,-0.28756562308129663,0.07329857321895315,-0.017854415752219615,-0.6520950941662157,-0.8122340635719777,-1.0
2018-08-03,-0.49301970309545057,0.5284083187827008,0.13249171696006398,0.07715759524757561,-0.1219365959005902,-0.22801379264406188,-0.2281427186537244,-0.28756562308129663,0.07329857321895315,-0.017854415752219615,-0.6344993771615239,-0.7498701273187702,-1.0
2018-08-06,-0.392646895131981,0.07514765082851349,0.03331181703435953,0.06485860627169279,-0.1055857498444258,-0.22905894718911532,-0.23338424098164498,-0.28756562308129663,0.07329857321895315,-0.017854415752219615,-0.7686623953252332,-0.7746458842225764,-1.0
2018-08-07,-0.40085899745628545,-0.08354718085725134,0.13236859933862635,-0.04211298450613423,-0.068834095309559,-0.2134665086622469,-0.23270106632708104,-0.28756562308129663,0.07329857321895315,-0.017854415752219615,-0.5863165976449705,-0.7460732442082756,-1.0
2018-08-08,-0.42675601025297344,-0.06459642855685771,0.3274179971111693,0.04982171981395857,-0.09454303699104169,-0.2197789497964144,-0.23270106632708104,-0.28756562308129663,0.07329857321895315,-0.017854415752219615,-0.5395505780448989,-0.7441943954923114,-1.0
2018-08-09,-0.3559269724237582,0.2870546597578118,0.37831637721002853,0.09199945307592947,-0.07901774655865618,-0.21884919479930848,-0.2352723579693008,-0.28756562308129663,0.07329857321895315,-0.017854415752219615,-0.8373598086086271,-0.9964875747647489,-1.0
2018-08-10,-0.4869249896244333,-0.44257191952278907,0.17416955271908394,0.07076054520180863,-0.09544839563329761,-0.22905895648296948,-0.23812452928651948,-0.28756562308129663,0.07329857321895315,-0.017854415752219615,-1.061424277183588,-1.1162379994888842,-1.0
2018-08-13,-0.584836161011456,-0.7922104275627723,0.23280001471770276,0.13421909537837617,-0.10160021003126603,-0.22687370940081183,-0.24590020023217657,-0.28756562308129663,0.07329857321895315,-0.017854415752219615,-1.1329766548714657,-1.1239761122488117,-1.0
2018-08-14,-0.648960903884071,-0.5581023063282439,0.2325199140172182,0.08838254224710262,-0.06775313932001813,-0.21137805840984697,-0.23603017954560837,-0.28756562308129663,0.07329857321895315,-0.017854415752219615,-1.1879710111318487,-1.3668576578608234,-1.0
2018-08-15,-0.8146738045701358,-1.2865292794994971,0.0002453420473812122,-0.025468053674906392,-0.12998589059615107,-0.2130335803102178,-0.24006893857987024,-0.28756562308129663,0.07329857321895315,-0.017854415752219615,-1.1138874755453776,-1.4645393355899636,-1.0
2018-08-16,-0.8673127555071637,-1.141377250160832,-0.06519181681160789,0.20304620617052693,-0.11746935551130694,-0.21832684640499034,-0.2428269619511567,-0.28756562308129663,0.07329857321895315,-0.017854415752219615,-1.131736441256502,-1.3400485865396585,-1.0
2018-08-17,-0.9460277201834615,-0.6850387236958783,-0.03780222791050218,0.1735811638462274,-0.12680117520925852,-0.23825321959107074,-0.24590020023217657,-0.28756562308129663,0.07329857321895315,-0.017854415752219615,-1.0493028742158794,-1.2967277414901923,-1.0
2018-08-20,-0.9184234587333348,-0.8801916135909844,0.05524105666947973,0.1975395319144865,-0.11040367235515158,-0.23092768270764127,-0.24679156811536615,-0.28756562308129663,0.07329857321895315,-0.017854415752219615,-0.9839682113375116,-1.295934805671373,-1.0
2018-08-21,-0.9455687458613776,-0.49106817729489394,0.1987237283586822,0.13796531206037263,-0.041953064495786424,-0.20933881781883876,-0.24714342647068233,-0.28756562308129663,0.07329857321895315,-0.017854415752219615,-0.7504167333830322,-1.2799769815239646,-1.0
2018-08-22,-0.8437668059474871,-0.6264257652137766,0.1903686787171569,0.07096072231633387,-0.09326384987014438,-0.2063663008942625,-0.24657274817204478,-0.28756562308129663,0.07329857321895315,-0.017854415752219615,-0.6614001148297459,-1.31275387569952,-1.0
2018-08-23,-0.8207838899331396,-1.272446983050248,0.030644834149449917,0.25550404504003105,-0.0868654361978211,-0.20714259626234027,-0.24687338278376325,-0.28756562308129663,0.07329857321895315,-0.017854415752219615,-0.8198472675222855,-1.3429397060575998,-1.0
2018-08-24,-0.8620687571954382,-0.684566446308409,0.03073499283690439,0.40897164158400723,-0.05841473724372062,-0.19570454144702545,-0.24519303670023068,-0.28756562308129663,0.07329857321895315,-0.017854415752219615,-0.23811313832556674,-1.2966609065496195,-1.0
2018-08-27,-0.8878471058415439,-0.46924949289189544,0.10193068686758075,0.39188198773359056,-0.04377960352507373,-0.20730670231461595,-0.24849645994021596,-0.28756562308129663,0.07329857321895315,-0.017854415752219615,-0.33956888236068716,-1.1535115444620934,-1.0
2018-08-28,-0.8816457253948119,-0.5115693829005648,0.1267141057626411,0.35611796961213443,-0.021826466780514475,-0.19700883997845894,-0.24261897945217076,-0.06459372011254409,0.07329857321895315,-0.017854415752219615,-0.2920937066537862,-0.9807806198159701,-1.0
2018-08-29,-0.815798479257601,-0.4957448784781815,0.27124096635343303,0.2767630878683429,-0.0705065494789437,-0.19538320534490833,-0.23685932806459567,-0.06459372011254409,0.07329857321895315,-0.017854415752219615,-0.3848769182652172,-1.021673910843738,-1.0
2018-08-30,-0.7622118006157801,-0.8486027681446116,0.11833190880295072,0.21556763363392942,-0.08809356527481843,-0.2025788484399305,-0.24311561140272017,-0.06459372011254409,0.07329857321895315,-0.017854415752219615,-0.5649784266871483,-1.165040789346272,-1.0
2018-08-31,-0.7646733293091375,-0.47531470130955245,0.14858367107165169,0.05922962826636275,-0.07538688301569081,-0.21956024613253416,-0.2473682357977932,-0.06459372011254409,0.07329857321895315,-0.017854415752219615,-0.6142498782198135,-1.2085013252749055,-1.0
2018-09-03,-0.9175003013564315,-0.6321956341783889,0.11538871443609416,0.054963453912321554,-0.06905834422898237,-0.21833394851621674,-0.2507106272120403,-0.06459372011254409,0.07329857321895315,-0.017854415752219615,-0.6993714558985111,-1.235546580209729,-1.0
2018-09-04,-0.8487392031927359,-0.8722516017516572,0.1240249402276058,-0.08965236014423615,-0.06349895121059684,-0.2071839271443539,-0.2500900022724915,-0.06459372011254409,0.07329857321895315,-0.017854415752219615,-0.48522788498475217,-1.2177214268283425,-1.0
2018-09-05,-1.0471544172313245,-1.3606754397923246,0.07152039696965899,-0.40750775313235293,-0.08716428008127462,-0.19666930056282422,-0.244069895232382,-0.06459372011254409,0.07329857321895315,-0.017854415752219615,-0.4086811911695022,-1.0461837570407548,-1.0
2018-09-06,-1.119346828083439,-1.315494632323785,0.005500461949262669,-0.5465878558452458,-0.09897772490536307,-0.19538320534490833,-0.24554541680166,-0.06459372011254409,0.07329857321895315,-0.017854415752219615,-0.5021165649713186,-1.131756521505411,-1.0
2018-09-07,-1.3773612121648582,-1.356522211987858,0.01916722377681423,-0.4216165610992741,-0.08583632008346545,-0.20081900505709033,-0.24586511150902376,-0.06459372011254409,0.07329857321895315,-0.017854415752219615,-0.3642202503524577,-1.049488551941002,-1.0
2018-09-10,-1.4390753813165151,-1.1285047620574342,0.1406234401472916,-0.3759474646899306,-0.08559081866396966,-0.20565479142112345,-0.25510532987587903,-0.06459372011254409,0.07329857321895315,-0.017854415752219615,-0.45939871157843315,-1.030274643206466,-1.0
2018-09-11,-1.3586273951238652,-0.7545463054521947,0.17393560293426133,-0.4222038153639526,-0.04967267870461694,-0.19106806588295025,-0.2564409200225426,-0.06459372011254409,0.07329857321895315,-0.017854415752219615,-0.05854141894101645,-0.8845664214157256,-1.0
2018-09-12,-1.4361920984040897,-0.7750871769748099,0.21259331832759248,-0.2789970195690337,-0.10002368211368741,-0.1943431362721748,-0.2594206913397917,-0.06459372011254409,0.07329857321895315,-0.017854415752219615,-0.03125038038914214,-0.839987325815341,-1.0
2018-09-13,-1.4785013201126624,0.1001754302157805,0.20680331059322046,-0.21820639086576116,-0.09830877449944772,-0.1967972939057405,-0.2619294153271056,-0.06459372011254409,0.07329857321895315,-0.017854415752219615,-0.11109304044514719,-0.8638948388759364,-1.0
2018-09-14,-1.40889375635291,-0.050232470984411665,0.326496284781738,-0.11922903509082206,-0.08043759433575552,-0.19932582117756675,-0.25885202960009085,-0.06459372011254409,0.07329857321895315,-0.017854415752219615,0.02962180784120734,-0.9482075077311178,-1.0
2018-09-17,-1.3780424546632741,-0.45394430567304556,0.262380193822298,-0.2972073087671996,-0.04967267870461694,-0.19320032521344527,-0.2631761414012115,-0.06459372011254409,0.07329857321895315,-0.017854415752219615,-0.027535183291388623,-0.8824790235257424,-1.0
2018-09-18,-1.386238594882271,-0.34988480750423806,0.25123781446669646,-0.17183002195800454,-0.02692342680410007,-0.18758104382503224,-0.2526576935910501,-0.06459372011254409,0.07329857321895315,-0.017854415752219615,0.212286126955235,-0.8226604928379867,-1.0
2018-09-19,-1.3592708557297914,-0.3279926722789261,0.34963486996389337,-0.21358528159362275,-0.08495278544586639,-0.1808556640067002,-0.2485648483006668,-0.06459372011254409,0.07329857321895315,-0.017854415752219615,0.21964251310225882,-0.6521599175953381,-1.0
2018-09-20,-1.2763947779696247,-0.2642798699702297,0.44517821196294804,-0.06643528707500078,-0.08728395972611361,-0.17415156998440195,-0.24975081175752678,-0.06459372011254409,0.07329857321895315,-0.017854415752219615,0.2763645127489669,-0.6714141933542376,-1.0
2018-09-21,-1.2450501074904834,0.17192891000826194,0.2959320960390101,0.13241115332978814,-0.07902108166253115,-0.18962244850430043,-0.2520615279355647,-0.06459372011254409,0.07329857321895315,-0.017854415752219615,0.3423383764589376,-0.8230706905627411,-1.0
2018-09-24,-1.3236837994510884,-0.4456664654447407,0.30725249930854276,-0.03242252079547359,-0.09716443586049128,-0.1840449767329608,-0.25691495744164516,-0.06459372011254409,0.07329857321895315,-0.017854415752219615,0.5842764882014055,-0.68106987524426,-1.0
2018-09-25,-1.1776268759518695,-0.6534896345712274,0.2990341039159951,0.4818264049186089,-0.05966987178318967,-0.16682995652558186,-0.24388447665823823,-0.06459372011254409,0.07329857321895315,-0.017854415752219615,0.5969976116691142,-0.5189024613408031,-1.0
2018-09-26,-1.0998794043139373,-0.5371003555545516,0.24298156352121478,0.39866910336150013,-0.09042748586577551,-0.16989035997172255,-0.24042081613029692,-0.06459372011254409,0.07329857321895315,-0.017854415752219615,0.28203948784084726,-0.5428800697981105,-1.0
2018-09-27,-1.3017924620648784,-0.5629027403831708,0.312751867172433,0.455838370590208,-0.11560726206828303,-0.18402167929012456,-0.2510702157571079,-0.06459372011254409,0.07329857321895315,-0.017854415752219615,0.19409603537142353,-0.6948442393950381,-1.0
2018-09-28,-1.1961254164026582,-0.15901598025021382,0.27611595582041987,0.24486819814145772,-0.077991365262187,-0.19626746885841287,-0.24149300981595953,-0.06459372011254409,0.07329857321895315,-0.017854415752219615,0.20561044849584936,-0.7346258629854377,-1.0
2018-10-01,-1.165113997723013,-0.25978383433756713,0.3256113260470632,0.40856509701351196,-0.06860206015750099,-0.19440718368989898,-0.24207241796211185,-0.18194735325399206,0.07329857321895315,-0.11497887429691046,0.2747027494657509,-0.7042471789582682,-1.0
2018-10-02,-1.1884749366927505,-0.5190984650860402,0.35947169993239303,0.24024815664000024,-0.04551554412886194,-0.1772210404273227,-0.2401241749548586,-0.18194735325399206,0.07329857321895315,-0.11497887429691046,0.15120406096598313,-0.6881935311477418,-1.0
2018-10-04,-1.2375178971051242,-0.8007824286921974,0.11760084992204481,0.2179493170191634,-0.06703345259583235,-0.17695909316384267,-0.239911972893713,-0.18194735325399206,0.07329857321895315,-0.11497887429691046,0.48238376748436546,-0.5083243422520586,-1.0
2018-10-05,-1.3793032689454308,-0.5818059215099618,-0.07285677232621343,-0.088800670498573,-0.09890987474431864,-0.18311502201607435,-0.24431146725110756,-0.18194735325399206,0.07329857321895315,-0.11497887429691046,0.5233364493720064,-0.45101702304274166,-1.0
2018-10-08,-1.366652295227276,-0.5714516019391483,-0.13345794430402305,-0.32198697186169756,-0.08709610371783198,-0.19151909631480057,-0.2439474304827907,-0.18194735325399206,0.07329857321895315,-0.11497887429691046,0.6421261947255966,-0.3676872956317706,-1.0
2018-10-09,-1.463417228356755,-0.5436792456215686,-0.18209562043605268,-0.048897911988722495,-0.0738346987149374,-0.17774075272396928,-0.24328886829260435,-0.18194735325399206,0.07329857321895315,-0.11497887429691046,0.6126748185694891,-0.5492970834427777,-1.0
2018-10-10,-1.4847739331689533,-0.9507728824277558,-0.36316937324790854,-0.5580410326414096,-0.02801752906712976,-0.16808077481540196,-0.24071346194845494,-0.18194735325399206,0.07329857321895315,-0.11497887429691046,0.7086367402045791,-0.46946898643665613,0.0
2018-10-11,-1.5866825580711148,-1.1953915656959229,-0.37894471863170226,-0.7512281810559828,-0.06362720400367058,-0.1699459733079382,-0.24050772086265773,-0.18194735325399206,0.07329857321895315,-0.11497887429691046,0.5770401477842897,-0.5795908013598883,1.0
2018-10-12,-1.4803280311711586,-0.7198216212284825,-0.2663496133634787,-0.6644571465535203,-0.056694104046685956,-0.1730961305975498,-0.24756070234584793,-0.18194735325399206,0.07329857321895315,-0.11497887429691046,0.5234386361283785,-0.546066340820223,1.0
2018-10-15,-1.5044000453358857,-1.2008049145346114,-0.25850965176194124,-0.7537852339012021,-0.02876295174882162,-0.18414663782647933,-0.24850895182709073,-0.18194735325399206,0.07329857321895315,-0.11497887429691046,0.6193182311223863,-0.5789431841172729,1.0
2018-10-16,-1.4745987260807019,-0.6879963325991792,-0.10547162112338465,-0.5931345292657343,-0.006941706766168418,-0.16692365872752749,-0.2466659110171396,-0.18194735325399206,0.07329857321895315,-0.11497887429691046,0.5691357449572206,-0.5995446396273094,0.0
2018-10-17,-1.3414277297265573,-0.752791324316411,-0.09492457505986371,-0.361410927933368,-0.012988417140224674,-0.1618150830256722,-0.24354738919772204,-0.18194735325399206,0.07329857321895315,-0.11497887429691046,0.7103194278658245,-0.6129585240239869,0.0
2018-10-18,-1.3928359516011866,-1.4679667058947217,-0.13140376808264304,-0.7563650478257686,-0.03891524574399958,-0.15720050453702467,-0.24734241697451873,-0.18194735325399206,0.07329857321895315,-0.11497887429691046,0.33107006587134263,-0.5381501492888254,1.0
2018-10-19,-1.373897930120763,-1.5522270384999086,-0.07086641694680292,-0.6567776268796451,-0.027383636833579278,-0.14964682534822374,-0.25337546646824366,-0.18194735325399206,0.07329857321895315,-0.11497887429691046,0.2257612135616202,-0.5965189498751313,1.0
2018-10-22,-1.2595901158811393,-1.5561250277350174,-0.06252595648583607,-0.7759443111900123,-0.0272359910678371,-0.16765757470908219,-0.2523230806150777,-0.18194735325399206,0.07329857321895315,-0.11497887429691046,0.2763839465896138,-0.5938488991960787,1.0
2018-10-23,-1.5619004042059108,-1.8565003350401807,-0.16692714963381497,-0.9711328378570049,0.002563494169049904,-0.15290359737117082,-0.24295394199442635,-0.18194735325399206,0.07329857321895315,-0.11497887429691046,0.12071399126509857,-0.5280572672902908,1.0
2018-10-24,-1.5885268101611867,-2.2593074782880707,-0.2720429353857306,-1.1997171497047192,-0.0030231359467261035,-0.151283837576615,-0.2410125357048737,-0.18194735325399206,0.07329857321895315,-0.11497887429691046,0.056963930838672655,-0.5655748301061344,1.0
2018-10-25,-1.6935112704796291,-1.9755526488701254,-0.20871788898396132,-1.0389977199693012,-0.06148857783899533,-0.1531327334875792,-0.24046017359655628,-0.18194735325399206,0.07329857321895315,-0.11497887429691046,0.09731191465030711,-0.46853615721525,1.0
2018-10-26,-1.6475118368244606,-2.232059880455026,-0.3227800367582146,-0.8821519664983336,-0.05993657521176214,-0.15572111723476134,-0.24525153667385274,-0.18194735325399206,0.07329857321895315,-0.11497887429691046,0.010140735084249473,-0.4014508789975048,1.0
2018-10-29,-1.6244911777076676,-2.644103599499602,-0.342176331784302,-0.884949311776434,-0.05101747304545793,-0.17736806056919546,-0.24752102282957222,-0.18194735325399206,-0.034427353550179986,-0.11497887429691046,0.13165490572084,-0.42205632137371224,1.0
2018-10-30,-1.465901514864375,-2.1634968861201673,-0.3032594952691774,-0.8636153728505112,-0.037292961589446186,-0.16610741206627777,-0.24527671704921053,-0.18194735325399206,-0.034427353550179986,-0.11497887429691046,0.06102745172607088,-0.35793371129213003,1.0
2018-10-31,-1.4088182112020913,-1.965043609919146,-0.3250613804136256,-0.6659045907808213,-0.04864076713601675,-0.16244562511874155,-0.24594944997079107,-0.06459372011254409,-0.39283325857279167,-0.37403892105144554,0.27485588548389994,-0.2904110810598296,1.0
2018-11-01,-1.5792888951379072,-1.039479109950596,-0.1826756825768526,-0.8130267228680564,-0.08042381288593467,-0.16325425379078332,-0.25401660649094254,-0.06459372011254409,-0.39283325857279167,-0.37403892105144554,0.4453535627310925,-0.15891951793546633,1.0
2018-11-02,-1.4152619440903749,-0.23050867122676758,-0.23489115478229144,-0.7458177027342018,-0.07143997363562404,-0.16554390407123276,-0.2552418768557417,-0.06459372011254409,-0.39283325857279167,-0.37403892105144554,0.6337932748809316,-0.12766037654821674,0.0
2018-11-05,-1.4207480495830782,-0.09884500652507276,-0.2836557223435579,-0.7590529983240613,-0.07117993380713387,-0.18388186031189688,-0.255895680441729,-0.06459372011254409,-0.39283325857279167,-0.37403892105144554,0.4574784254123504,-0.11494383129340119,0.0
2018-11-06,-1.513361860179912,-0.164809562893581,-0.21463614707433049,-0.8613651223592496,-0.025161415960187807,-0.16883872676348038,-0.25283973624825057,-0.06459372011254409,-0.39283325857279167,-0.37403892105144554,0.44531205221272574,-0.08895969431819804,0.0
2018-11-07,-1.530100117811523,0.3031527607292427,-0.08460259885626444,-0.7605260472694363,-0.048328580611091174,-0.16760085461299892,-0.25203215091245107,-0.06459372011254409,-0.39283325857279167,-0.37403892105144554,0.7104718724618094,-0.12603408453852671,0.0
2018-11-08,-1.5140127658842013,0.3850023536286044,-0.02720686200009947,-0.6586377524555901,-0.09534651384300899,-0.16804648769365238,-0.25613730484255576,-0.06459372011254409,-0.39283325857279167,-0.37403892105144554,0.8193459965260315,-0.2194895247424469,0.0
2018-11-09,-1.5607283117925579,0.20503806069841565,-0.1907724773541763,-0.7019656705419023,-0.09300432133467867,-0.16705240943558344,-0.254936545119571,-0.06459372011254409,-0.39283325857279167,-0.37403892105144554,0.6616277994957974,-0.3799928476069394,0.0
2018-11-12,-1.555707911611682,-0.6847938460619706,-0.3486965496199778,-1.1461433670597303,-0.096335957239152,-0.182550676444162,-0.25461715295266923,-0.06459372011254409,-0.39283325857279167,-0.37403892105144554,0.4782026063436216,-0.5447339345972869,0.0
2018-11-13,-1.5522125966477374,-0.23294841994738788,-0.36306206066929436,-0.9041127676945355,-0.11489143160218178,-0.17909441460506978,-0.2539829260236831,-0.06459372011254409,-0.39283325857279167,-0.37403892105144554,0.6191527568299492,-0.3945402234763267,0.0
2018-11-14,-1.4703558906039824,-0.6163770160293488,-0.440037285453032,-1.098020625799849,-0.11580926093470599,-0.16635914088600803,-0.25137978149587153,-0.06459372011254409,-0.39283325857279167,-0.37403892105144554,0.6512971684107816,-0.3860602260056709,1.0
2018-11-15,-1.5034407740704459,0.09174643966165363,-0.4618092779702856,-1.0760713536026383,-0.1315536754995425,-0.16344737996249825,-0.2580628078152623,-0.06459372011254409,-0.39283325857279167,-0.37403892105144554,0.6197540222169495,-0.34609535343823244,1.0
2018-11-16,-1.6198765378878455,0.6994583307161555,-0.5499461528509234,-1.154211600255613,-0.1366971707856586,-0.16622035036423874,-0.25620731175436934,-0.06459372011254409,-0.39283325857279167,-0.37403892105144554,0.6753480759457567,-0.259559404742029,0.0
2018-11-19,-1.532175141738811,0.21081724993646658,-0.6353388294273191,-1.3480906431766218,-0.14204986845977335,-0.1833503789241323,-0.25413676728757506,-0.06459372011254409,-0.39283325857279167,-0.37403892105144554,0.4845618520984597,-0.21725657907550144,1.0
2018-11-20,-1.6202427521245732,-0.4650517545839508,-0.6698056186639868,-1.433321503568603,-0.10314213965354636,-0.17098074598551047,-0.24845305792288835,-0.06459372011254409,-0.39283325857279167,-0.37403892105144554,0.4128191574811481,-0.20135334278630992,1.0
2018-11-21,-1.5114385204159544,0.14295609925301733,-0.5533994364837719,-1.4025541770391525,-0.12188251003386312,-0.16486244761242222,-0.2465001773071247,-0.06459372011254409,-0.39283325857279167,-0.37403892105144554,0.6297709289213738,-0.16852909147781475,1.0
2018-11-22,-1.4546530235790271,0.843924983039881,-0.45600959747990605,-1.491049107511152,-0.11655595961708284,-0.1709514609582968,-0.24433854386983786,-0.06459372011254409,-0.39283325857279167,-0.37403892105144554,0.5440107697487759,0.20340908515102238,1.0
2018-11-23,-1.3672827489692867,0.18402400829811966,-0.6540695720835114,-1.4745964187945448,-0.11328646745250011,-0.17645693605871665,-0.2508299450587926,-0.06459372011254409,-0.39283325857279167,-0.37403892105144554,0.3406960478005666,-0.015523295326156964,0.0
2018-11-26,-1.3630457147717443,0.6917692291193552,-0.5242612706776271,-1.4083459609283266,-0.11098150708872226,-0.18528838923262472,-0.2501846342733201,-0.06459372011254409,-0.39283325857279167,-0.11580348752501986,0.26982216607963605,-0.030962090278565613,0.0
2018-11-27,-1.3124902952046762,1.2247805313527655,-0.587896044436783,-1.4004645414663175,-0.08642002074565179,-0.18261035633591935,-0.24856953308490923,-0.06459372011254409,-0.39283325857279167,-0.11580348752501986,0.2600924981700233,-0.10559477377558883,0.0
2018-11-28,-1.3635677084494855,1.3217052324010508,-0.4456234238618858,-1.3346877538425979,-0.1300042041266223,-0.1802034246680103,-0.2504090915824297,-0.06459372011254409,-0.39283325857279167,-0.11580348752501986,0.4919584556642885,-0.07512144218352668,0.0
2018-11-29,-1.3957766446341104,0.8930623565069855,-0.46719697474851773,-1.2699829711351103,-0.15071237342033336,-0.18776164025892522,-0.2596097920323878,-0.06459372011254409,-0.39283325857279167,-0.11580348752501986,0.507778251823044,-0.10050832033452052,0.0
2018-11-30,-1.3704707431556211,0.12124192507452361,-0.5707310719311718,-1.2851124338985869,-0.14432466459271984,-0.18846154480077837,-0.2594013297758654,-0.06459372011254409,-0.39283325857279167,-0.11580348752501986,0.39132845125468535,-0.24419600533645608,0.0
2018-12-03,-1.3704843248175913,0.40902505769720626,-0.41944635914430906,-1.0775833485976238,-0.16838027306069614,-0.20049481624948623,-0.2596290045104448,-0.06459372011254409,-0.39283325857279167,-0.11580348752501986,0.23240155128168555,-0.19828072900984686,0.0
2018-12-04,-1.3844585714016395,-0.09895238743288455,-0.5498818124010654,-0.8925947128351773,-0.08258046855173752,-0.18237374346865434,-0.2489693249937022,-0.06459372011254409,-0.39283325857279167,-0.11580348752501986,-0.08791494309658711,-0.36812973912718855,0.0
2018-12-05,-1.4112636530819713,-0.06335698206917488,-0.592853618987306,-0.9901207190533828,-0.12755500222352814,-0.1784610729299557,-0.247019749218772,-0.06459372011254409,-0.39283325857279167,-0.11580348752501986,-0.0499704849645802,-0.408502665021322,1.0
2018-12-06,-1.51114399004821,-0.637528943473506,-0.6916711720052783,-1.3086303192454751,-0.13987790357340948,-0.18572764888308857,-0.25178864706702014,-0.06459372011254409,-0.39283325857279167,-0.11580348752501986,-0.1289596584816241,-0.3652474995306482,1.0
2018-12-07,-1.5315807089241429,-0.4870631600213391,-0.7438245048417835,-1.346879745197688,-0.1459238675588466,-0.18827069109705283,-0.2545542810877172,-0.06459372011254409,-0.39283325857279167,-0.11580348752501986,-0.12548281551869836,-0.4308725051024244,1.0
2018-12-10,-1.5681480271059276,-0.32162888067448037,-0.793633546849825,-1.4207867491337864,-0.1530936883678941,-0.2012643306199393,-0.2539370157827236,-0.06459372011254409,-0.39283325857279167,-0.11580348752501986,-0.3678674285722086,-0.3181391233649714,1.0
2018-12-11,-1.474764863484515,0.13017994226357843,-0.7390846143470609,-1.4040177913187872,-0.11183908579082354,-0.18646481111691307,-0.24961639791382828,-0.06459372011254409,-0.39283325857279167,-0.11580348752501986,-0.4243671529398093,-0.3394884231438095,1.0
2018-12-12,-1.3898485124120008,0.23153381368284898,-0.6620821782172608,-1.2654156550690479,-0.10134568099284853,-0.1801040309826417,-0.24817165277254152,-0.06459372011254409,-0.39283325857279167,-0.11580348752501986,-0.33664081073818114,-0.3328883402910746,1.0
2018-12-13,-1.3581025978155423,0.09948638215034665,-0.574915071438434,-1.3331893269269972,-0.14526428473583963,-0.18808860601211327,-0.25210170015243444,-0.06459372011254409,-0.39283325857279167,-0.11580348752501986,-0.2978561791839647,-0.2054004612144497,1.0
2018-12-14,-1.5618274642924754,-0.6473069177222812,-0.6953871406135769,-1.3106254906763626,-0.12447427688605794,-0.1882995152193451,-0.24987193871711805,-0.06459372011254409,-0.39283325857279167,-0.11580348752501986,-0.4723768653612341,-0.3713941676587616,1.0
2018-12-17,-1.5063916893912435,-0.8744149053219668,-0.7964819233971964,-1.4292215560128383,-0.14278003772362619,-0.20423939418374207,-0.253766186850382,-0.06459372011254409,-0.39283325857279167,-0.11580348752501986,-0.6641041144542532,-0.3426514841112198,1.0
2018-12-18,-1.5277612232270514,-0.4641086442338128,-0.8404525950591457,-1.429170039022394,-0.15515627095865084,-0.2064424104462022,-0.2521197614708153,-0.06459372011254409,-0.39283325857279167,-0.11580348752501986,-0.8534782599922209,-0.4754981776125488,1.0
2018-12-19,-1.5973988777773485,-0.36075983323733507,-0.9930264888625938,-1.280854398538023,-0.18098689929983436,-0.20230102503128056,-0.24806247559164013,-0.06459372011254409,-0.39283325857279167,-0.11580348752501986,-1.089137495928747,-0.608691326969696,1.0
2018-12-20,-1.733786152403574,-0.576207851944974,-1.187792078916392,-1.5560123730788191,-0.1991758371720433,-0.2051870701648497,-0.25487674172071473,-0.06459372011254409,-0.39283325857279167,-0.11580348752501986,-0.8469756286325194,-0.38638360555532214,1.0
2018-12-21,-1.6882084777754718,-0.7174954775512882,-1.2520422742673387,-1.6181734183687575,-0.20422306323914893,-0.20688094807446505,-0.25346065526570327,-0.06459372011254409,-0.39283325857279167,-0.11580348752501986,-0.9983303983087685,-0.332374821665551,1.0
2018-12-27,-1.7273202759975395,-0.29377932032598975,-0.9963646097670791,-1.8842106158111018,-0.18403464030069674,-0.21729335686861473,-0.25115081777906806,-0.06459372011254409,-0.39283325857279167,-0.11580348752501986,-0.8187302529033827,-0.19027132461583252,1.0
2018-12-28,-1.7213933488632425,-0.35092246691687196,-0.9096130194216373,-1.8475054180909667,-0.19922107315964907,-0.22106780811606985,-0.2537172834788731,-0.06459372011254409,-0.39283325857279167,-0.11580348752501986,-0.7984612327859,-0.39239290891528766,1.0
2019-01-02,-1.6859924517651432,-0.5343479885621434,-0.9452846332638901,-1.8416158900611803,-0.17193693426031795,-0.20138867998679835,-0.2513715775526496,-0.06459372011254409,-0.39283325857279167,-0.11580348752501986,-0.8116300743226638,-0.4626149563520725,1.0
2019-01-03,-1.6643588624086278,-1.3701854045427142,-0.9367717899723652,-1.9349868734199027,-0.16371652843561332,-0.2084306513275238,-0.25853847528364415,-0.06459372011254409,-0.39283325857279167,-0.11580348752501986,-0.8918843323329455,-0.5131022991778394,1.0
2019-01-04,-1.6790821804828706,-0.5648834983335029,-0.5563426980632752,-1.8167699853631356,-0.13474327973351222,-0.2092571810802013,-0.25816405775178003,0.055931632843538026,-0.39283325857279167,-0.11580348752501986,-0.7734452429239101,-0.3791754002619748,1.0
2019-01-07,-1.5398758746153667,-0.4990042579513805,-0.4200212776840681,-1.765711588222713,-0.13778420914132422,-0.21814690230879363,-0.25525180333177155,0.055931632843538026,-0.39283325857279167,-0.11580348752501986,-0.5493273469608044,-0.30177133500552183,1.0
2019-01-08,-1.5416810090090793,-0.8272289379129519,-0.32971471489538695,-1.6659395831907984,-0.0679158252174369,-0.2007768881293347,-0.24851967321041243,0.055931632843538026,-0.39283325857279167,-0.11580348752501986,-0.9036066152896606,-0.3318990848921312,1.0
2019-01-09,-1.5496523669375908,-0.028041834766891774,-0.33734112731099375,-1.4563505511172032,-0.158959049384307,-0.20226177379870558,-0.25136657664440754,0.055931632843538026,-0.39283325857279167,-0.11580348752501986,-0.8420825291255211,-0.2582905227022192,1.0
2019-01-10,-1.530892310548191,0.12072245668002927,-0.24851397497611982,-1.2910521822512735,-0.1740044517618523,-0.20724474684715094,-0.2563487430985969,0.055931632843538026,-0.39283325857279167,-0.11580348752501986,-0.8453904052606874,-0.17904024490650972,1.0
2019-01-11,-1.491234380970155,0.21348295942562767,-0.2879721158227415,-1.4426355677578326,-0.1668963836489223,-0.21611220332402512,-0.25466368589816013,0.055931632843538026,-0.39283325857279167,-0.11580348752501986,-0.7530440346617573,-0.13063412477785352,1.0
2019-01-14,-1.4579954887836737,0.43598029329305726,-0.4363056811955442,-1.1665327171415933,-0.16375994212965575,-0.23165072669090286,-0.25715061880064954,0.055931632843538026,-0.39283325857279167,-0.11580348752501986,-0.7281353459973063,-0.04568517902542573,1.0
2019-01-15,-1.408984416487538,0.8121209705538668,-0.35871392712244915,-0.9470989991456455,-0.13007607402597585,-0.22245678565908092,-0.2542726599533698,0.055931632843538026,-0.39283325857279167,-0.11580348752501986,-0.6192177164297342,-0.05594762243299036,1.0
2019-01-16,-1.4184385185542956,0.9130976675621164,-0.3063893346828442,-1.0070362158167134,-0.19104093626633104,-0.22998850066486812,-0.25830092004243865,0.055931632843538026,-0.39283325857279167,-0.11580348752501986,-0.6665433737245539,-0.12830220658375935,1.0
2019-01-17,-1.4909450534818813,0.6563592707026537,-0.2508004448557176,-0.9208228684327108,-0.20401055271334703,-0.23669176531679578,-0.2647888428287353,0.055931632843538026,-0.39283325857279167,-0.11580348752501986,-0.7840935806947731,-0.14913550061824785,1.0
2019-01-18,-1.3905875629530267,0.7658519571405609,-0.19522765205682,-0.9289473361379715,-0.1990925380863067,-0.24900146921324556,-0.26344892074370535,0.055931632843538026,-0.39283325857279167,-0.11580348752501986,-0.7528588880211314,-0.16059483873657726,1.0
2019-01-21,-1.392784013001005,1.0755512961651137,-0.18428967117828204,-0.9731013790964926,-0.20406960287190717,-0.24900146921324556,-0.26166858835017276,0.055931632843538026,-0.39283325857279167,-0.11580348752501986,-0.7660453549658909,-0.07284883066131755,1.0
2019-01-22,-1.3594489556720466,0.897440882561951,-0.35036475602737843,-0.5650497947389503,-0.1789658449112028,-0.24830154794773787,-0.25978652380458334,0.055931632843538026,-0.39283325857279167,-0.11580348752501986,-0.8301447751744347,-0.3817999503203646,1.0
2019-01-23,-1.3758316481699413,0.9730316849520295,-0.29510588279430156,-0.6192252223735645,-0.1585607548004578,-0.247410349218836,-0.2567997309594907,0.055931632843538026,-0.39283325857279167,-0.11580348752501986,-0.8327389670671901,-0.4561786793112711,1.0
2019-01-24,-1.2759935691991007,1.5574339511895798,-0.3191325969478813,-0.5199764160347575,-0.21751653138009455,-0.26203569289751516,-0.26874160435707345,0.055931632843538026,-0.39283325857279167,-0.11580348752501986,-0.9251495021768944,-0.48885871579265944,1.0
2019-01-25,-1.128246618031279,1.6778845363198542,-0.30450997521059886,-0.30597227670638105,-0.19114595523237607,-0.2650714699315203,-0.2648835818272837,0.055931632843538026,-0.39283325857279167,-0.11580348752501986,-0.6672975464576251,-0.4085800474766608,1.0
2019-01-28,-1.1603433444019327,1.5991617012372936,-0.3431112072948571,-0.2522526460817046,-0.18098035893318667,-0.26189793263860406,-0.26308062798360227,0.055931632843538026,-0.39283325857279167,-0.11580348752501986,-0.47387173691260553,-0.31315355091039937,1.0
2019-01-29,-1.2256731577305884,1.4341361530625054,-0.348788327298179,-0.6389552680301426,-0.16685988911881652,-0.25019344960533463,-0.2591115011946836,0.055931632843538026,-0.39283325857279167,-0.11580348752501986,-0.6083088902492162,-0.3821377424003385,1.0
2019-01-30,-1.205772277568287,1.7045225179449073,-0.17198511330981076,-0.6661360849436364,-0.14633313427919487,-0.24789600446042792,-0.2591115011946836,0.055931632843538026,-0.39283325857279167,-0.11580348752501986,-0.517362829361943,-0.37735616687986745,1.0
2019-01-31,-1.1617282304515755,1.9412425316488542,-0.16314022568587513,-0.5150177897881476,-0.20911023121708677,-0.25154736742565403,-0.26806108263453576,0.2969823387557023,-0.034427353550179986,-0.4387885600812383,-0.6765184477189607,-0.4076671392384268,1.0
2019-02-01,-1.2891857927091006,2.179243148480614,-0.19548926077673273,-0.4670723347761752,-0.19914392967572558,-0.2590494441440983,-0.2670546402735782,0.2969823387557023,-0.034427353550179986,-0.4387885600812383,-0.6172708417889452,-0.41389595357765613,1.0
2019-02-04,-1.2331107913976538,1.4955396861859094,-0.15386201318942783,-0.6204697145705127,-0.20717258194893493,-0.2590100323705812,-0.26578034654147165,0.17011354617035288,0.32625703783620513,-0.4387885600812383,-0.6730984919849735,-0.30575619099466556,0.0
2019-02-05,-1.2804263290391926,1.7523902444746076,-0.09017837275474075,-0.3586647543640436,-0.17193693426031795,-0.24690703635860534,-0.26135646852622324,0.17011354617035288,0.32625703783620513,-0.4387885600812383,-0.8780390093360174,-0.3384379633201859,0.0
2019-02-06,-1.2323329195178037,1.3610790500096974,-0.15588094622446066,-0.4355470606416364,-0.21862845923707197,-0.24789600446042792,-0.2625397949408764,0.17011354617035288,0.32625703783620513,-0.4387885600812383,-1.1194334635549557,-0.38874948941354115,0.0
2019-02-07,-1.1742048967708156,0.7532500238368985,-0.24663237420593057,-0.5497498455769274,-0.21877320310496617,-0.24941733539638716,-0.2695163927688603,0.17011354617035288,0.32625703783620513,-0.4387885600812383,-1.1816946419298102,-0.5540862368382704,1.0
2019-02-08,-1.3444515274137265,0.4784477403790385,-0.2385769208624787,-0.4606235798061516,-0.19402259650702203,-0.2598819667380438,-0.26831495956395907,0.17011354617035288,0.32625703783620513,-0.4387885600812383,-1.271163223601155,-0.6282463833419342,0.0
2019-02-11,-1.3173418135969222,0.5120509679716874,-0.21125762740932666,-0.49143795369436905,-0.1790300068200673,-0.2567685321085427,-0.26668661369962,0.17011354617035288,0.32625703783620513,-0.4387885600812383,-1.2805604731083053,-0.45722097539554946,0.0
2019-02-12,-1.0924609527537912,0.871722825920727,-0.057158975508924355,-0.4734839056573976,-0.16594190554745145,-0.25358412272127373,-0.2656103038818496,0.17011354617035288,0.32625703783620513,-0.4387885600812383,-1.1002526993938164,-0.24866619831688763,0.0
2019-02-13,-0.9017506030402884,0.5690852704698861,-0.0738583451802475,-0.46204374265657605,-0.1939890662408129,-0.25417899644910796,-0.26549604302939783,0.17011354617035288,0.32625703783620513,-0.4387885600812383,-0.9888569289710374,-0.2725669194738028,-1.0
2019-02-14,-0.9826710579526695,0.34893181263350825,-0.1121534876128412,0.021168767180245143,-0.17399596199663364,-0.25417899644910796,-0.27085974488118364,0.17011354617035288,0.32625703783620513,-0.4387885600812383,-0.8089311478486707,-0.26485907400441555,-1.0
2019-02-15,-1.0079023686614128,0.22645985686897213,0.00353195462035608,-0.10209099859775245,-0.16892559107967567,-0.2535025539707075,-0.2694057934505173,0.17011354617035288,0.32625703783620513,-0.4387885600812383,-0.8522531516603357,-0.19994468160290052,-1.0
2019-02-18,-1.0147342652658429,0.12488722434653729,-0.026683602231409424,-0.11517568304621113,-0.1618086050629537,-0.26308586602615763,-0.2687034575742802,0.17011354617035288,0.32625703783620513,-0.4387885600812383,-0.9058050057505405,-0.21774163512571112,-1.0
2019-02-19,-0.9869157171270327,0.2895358826525565,-0.04580959245002865,-0.150069489611998,-0.15877773828144948,-0.2573912487264977,-0.26549604302939783,0.17011354617035288,0.32625703783620513,-0.4387885600812383,-0.9155006813715729,-0.24657433168307188,-1.0
2019-02-20,-0.98506396111531,0.7846130205659447,-0.03745242355537652,-0.07312297205532775,-0.14559494842980558,-0.25105202515993374,-0.2639976051968559,0.17011354617035288,0.32625703783620513,-0.4387885600812383,-0.8549507194550187,-0.16332288517356683,-1.0
2019-02-21,-0.987306845208522,0.5188478059226218,-0.0950084628835292,0.2081347987200914,-0.1416929095175148,-0.247299629791774,-0.2685284138426232,0.17011354617035288,0.32625703783620513,-0.4387885600812383,-0.7026257732280448,-0.18195714136485192,0.0
2019-02-22,-1.1173438339670039,0.5473156875300563,-0.05642056375277749,0.35321800529605313,-0.09347149390530514,-0.2591413431964604,-0.2687655236889087,0.17011354617035288,0.32625703783620513,-0.4387885600812383,-0.671214110470349,-0.20857524432798605,-1.0
2019-02-25,-1.1048726960002937,0.5039160806910338,-0.034430402332815566,0.1936583170171407,-0.11780234364864019,-0.2638459948213397,-0.26848642686765556,0.17011354617035288,0.32625703783620513,-0.4387885600812383,-0.6394947696784598,-0.0343152243331653,-1.0
2019-02-26,-1.1309447709807738,0.6547050052707892,-0.045172034147834314,0.2267946083832478,-0.11591039430509638,-0.261703621119229,-0.2697416806965456,0.17011354617035288,0.32625703783620513,-0.4387885600812383,-0.6585069715000373,-0.10805873376470043,-1.0
2019-02-27,-1.205479953233157,0.4353076125467695,-0.045091634965118525,0.08501625375036406,-0.15595020804735552,-0.26322222065581713,-0.27220832763983904,0.17011354617035288,0.32625703783620513,-0.4387885600812383,-0.44474137729678037,-0.09262729252624248,-1.0
2019-02-28,-1.2314223447221864,-0.2900438707812417,-0.04791183972427208,0.059228838641569644,-0.16598039658619998,-0.2647275605295255,-0.2757968445840845,0.17011354617035288,0.32625703783620513,-0.4387885600812383,-0.5075310512841773,-0.18831942069623792,-1.0
2019-03-01,-1.2123288009803022,-0.4379357924209678,0.03252613144867469,0.10244604516014715,-0.14551256875963864,-0.2693645127411181,-0.27664275071758127,0.17011354617035288,0.32625703783620513,-0.4387885600812383,-0.29912017882819664,-0.04298920897828466,0.0
2019-03-04,-1.1149385353897905,-0.24634032311787735,0.0158056046055084,0.025265366115656253,-0.1485537976546413,-0.2646854939753274,-0.2740460271999093,0.17011354617035288,0.32625703783620513,-0.4387885600812383,-0.6436150866740883,-0.13322642686625655,-1.0
2019-03-05,-1.1376410537558517,-0.07677605460705597,-0.02532778990786372,0.060855630218020686,-0.11800065563367543,-0.24898490841972162,-0.2707046874292228,0.17011354617035288,0.32625703783620513,-0.4387885600812383,-0.7161875999720805,-0.17589224144127324,-1.0
2019-03-06,-1.104125899185846,-0.4739679008869037,-0.06395195665902796,0.06246596104135392,-0.14391388614531947,-0.24677941761866903,-0.27011772388778166,0.17011354617035288,0.32625703783620513,-0.4387885600812383,-0.5866937939900946,-0.16137162782072229,0.0
2019-03-07,-1.1918341730337925,-0.5753128097877247,-0.03142269527189724,-0.07006013974798873,-0.1539440746841634,-0.24337182915300673,-0.2730591430089641,0.17011354617035288,0.32625703783620513,-0.4387885600812383,-0.7112928720385844,-0.3630770442600891,0.0
2019-03-08,-1.2498356238758581,-0.5161179704632777,-0.04545532659282065,0.003908184103324524,-0.14575817414063613,-0.2684910418777621,-0.27623099177262805,0.17011354617035288,0.32625703783620513,-0.4387885600812383,-0.5050382198837796,-0.4371914142918853,0.0
2019-03-11,-1.1725444717056952,-0.016687690958502276,0.01277690723953866,0.174830423395603,-0.16898923792315143,-0.2724443144353276,-0.2764107706333308,0.17011354617035288,0.32625703783620513,-0.4387885600812383,-0.4506224090868174,-0.3715206891081551,0.0
2019-03-12,-0.9048907849375056,0.16134513870158218,0.07909687626091248,0.3821067217975095,-0.1640587278880462,-0.2641684053350188,-0.27573533809778056,0.17011354617035288,0.32625703783620513,-0.4387885600812383,-0.49910836149286464,-0.4617136933920236,0.0
2019-03-13,-0.9638360442011096,0.012031642526461417,0.09577942877908491,0.38071905860268385,-0.17405928463176007,-0.26225295992818903,-0.27588181086868496,0.17011354617035288,0.32625703783620513,-0.4387885600812383,-0.4004091792609321,-0.38867787664216896,0.0
2019-03-14,-0.9773001087547855,0.04764366375176437,0.07367866645383428,0.4550281243337522,-0.1690399592354696,-0.2591029327781889,-0.279161856214524,0.17011354617035288,0.32625703783620513,-0.4387885600812383,-0.1692582557765791,-0.3963074184983224,1.0
2019-03-15,-0.7930762212126705,0.3128676288570979,0.04073571181950517,0.5279659716083556,-0.1690399592354696,-0.27154354647702433,-0.2787723632398142,0.17011354617035288,0.32625703783620513,-0.4387885600812383,-0.17616413284137217,-0.44148728329566705,0.0
2019-03-18,-0.5867744892861366,0.5794935945530415,-0.011385045304040501,0.35173650529372863,-0.1690209784928668,-0.2739776695507386,-0.27754902075191157,0.17011354617035288,0.32625703783620513,-0.4387885600812383,-0.27928381041200806,-0.45183524576892536,1.0
2019-03-19,-0.6670400431422687,0.589342272137595,-0.019493902778248955,0.5071331437948303,-0.14900292183846625,-0.26422273236503774,-0.27656190398558184,0.17011354617035288,0.32625703783620513,-0.4387885600812383,-0.20564543911006167,-0.3721337875719283,0.0
2019-03-20,-0.6399017235955962,0.4565700848894628,0.09868423588524859,0.5853625738477076,-0.14904721003674745,-0.2648571887016721,-0.27687297793572124,0.17011354617035288,0.32625703783620513,-0.4387885600812383,-0.2166524139024247,-0.504158797294545,1.0
2019-03-21,-0.6294079016990012,0.3657149107397239,0.09594190900917493,0.7128791919736501,-0.15914845678428885,-0.2561059222531483,-0.2790776223949411,0.17011354617035288,0.32625703783620513,-0.4387885600812383,-0.2725551549436748,-0.6794659638076754,1.0
2019-03-22,-0.48047907921523414,-0.21271083408870653,0.05452985402100271,0.6773752555156276,-0.18106325182055052,-0.2553803637195521,-0.27957081282485774,0.17011354617035288,0.32625703783620513,-0.4387885600812383,-0.39910161090816887,-0.9008522477306169,1.0
2019-03-25,-0.452898202599478,-0.39017975887810835,0.013339098679356698,0.5267766015966624,-0.18700827595686806,-0.261009896246073,-0.2802243690039575,0.17011354617035288,0.32625703783620513,-0.4387885600812383,-0.20547686710154142,-0.9355891483761369,1.0
2019-03-26,-0.4229992825605919,-0.5541910263075203,0.06567975153133475,0.8724494606824253,-0.17213915231417556,-0.2554451937202968,-0.27916098104345927,0.17011354617035288,0.32625703783620513,-0.4387885600812383,-0.4430336768927287,-0.9264809406574411,1.0
2019-03-27,-0.36289553363635724,-0.7037807496991938,0.0931371838068819,0.9579762206930481,-0.2057793466879423,-0.2621896426715335,-0.28222913199236793,0.17011354617035288,0.32625703783620513,-0.4387885600812383,-0.4577056299930375,-1.0429102297709523,1.0
2019-03-28,-0.5041251403467598,-0.395221941672069,0.15923982697551034,1.1365787241721221,-0.20683416804788976,-0.27026723538093667,-0.28872828550234875,0.17011354617035288,0.32625703783620513,-0.4387885600812383,-0.7815406257722058,-1.1397759421213562,1.0
2019-03-29,-0.5313312248555846,0.08993057357560237,0.19498930730449648,1.1559348544730503,-0.23878386430521753,-0.2770058943153682,-0.29244244832518473,0.17011354617035288,0.32625703783620513,-0.4387885600812383,-0.6730548413497959,-1.0509797423357858,0.0
2019-04-01,-0.31844363365756445,0.4116625479335669,0.14511598293487638,1.1472892063853204,-0.23889921539546705,-0.28977824547562975,-0.2905761109717127,0.17011354617035288,0.32625703783620513,-0.4387885600812383,-0.31997468144154906,-0.8168343352376949,0.0
2019-04-02,-0.23253078943181124,0.31344096601303745,0.1396493890342633,1.4575528079373656,-0.18902873746968923,-0.2724250174997361,-0.2865203616437489,0.17011354617035288,0.32625703783620513,-0.4387885600812383,-0.2742542662394169,-0.8422792172079929,0.0
2019-04-03,-0.21461740864390572,0.251078508366303,0.07938301692726041,1.2863563131941111,-0.21072142181504386,-0.27243084562794806,-0.2868015157392883,0.17011354617035288,0.32625703783620513,-0.3426511518604211,-0.3058434622942264,-0.7800474149150054,-1.0
2019-04-04,-0.15811347088552574,0.500719260420493,0.1343898685619607,1.2482225470910764,-0.21855654039803696,-0.2718097869092689,-0.28957705482933555,0.17011354617035288,0.32625703783620513,-0.3426511518604211,-0.46546578848757,-0.7328728288702991,-1.0
2019-04-05,-0.058819962694999436,1.0714246756121544,0.3310769363969497,0.9996655483438022,-0.20879613225422053,-0.2859960076746323,-0.28897136219708824,0.17011354617035288,0.32625703783620513,-0.3426511518604211,-0.49586815238464954,-1.0025203767539794,-1.0
2019-04-08,-0.01607498708265211,1.2295431876034757,0.423803053484365,0.8190313970569608,-0.2117904638153007,-0.28452897778256125,-0.2889199838365475,0.17011354617035288,0.32625703783620513,-0.3426511518604211,-0.5570757250470675,-1.001488000314133,-1.0
2019-04-09,0.009410684585186494,0.7791138210899105,0.4607284890321234,0.48212598271250146,-0.19898521805507569,-0.2800341190799978,-0.2889199838365475,0.17011354617035288,0.32625703783620513,-0.3426511518604211,-0.6167146382312058,-1.0448165563479097,-1.0
2019-04-10,0.17519940760218602,0.7694852597954793,0.5297797182381956,0.6429806941942725,-0.2157292933268662,-0.2791301165799815,-0.2915530262611984,0.17011354617035288,0.32625703783620513,-0.3426511518604211,-0.5711878002184316,-0.9490248817129684,-1.0
2019-04-11,0.14429855485534418,0.5110473936442402,0.7401858208913057,0.73415621976386,-0.2068819045686424,-0.27548212194093874,-0.29544899214757575,0.17011354617035288,0.32625703783620513,-0.3426511518604211,-0.5876362940583506,-0.9430188698348906,0.0
2019-04-12,0.3123100683582437,0.7831229028943932,0.7564991250258833,0.5855660570603913,-0.19694832170585277,-0.279420312575053,-0.29377967690180856,0.17011354617035288,0.32625703783620513,-0.3426511518604211,-0.5124642765886435,-0.8146860142478285,-1.0
2019-04-15,0.1508447561179678,0.3607426439677041,0.6110427500737308,0.601602255085303,-0.2118488144176858,-0.2779189824950504,-0.29576109009634494,0.17011354617035288,0.32625703783620513,-0.3426511518604211,-0.5141470470035778,-0.8490059990585876,-1.0
2019-04-16,0.22249287756057642,0.28378528553560206,0.6141674416188686,0.4773930049975514,-0.19099687120348238,-0.2699818200945712,-0.29519510095915336,0.17011354617035288,0.32625703783620513,-0.3426511518604211,-0.3863958361009068,-0.8431798958484059,0.0
2019-04-17,0.2416726551797585,0.33591727842896646,0.4735349348980566,0.22334831354749096,-0.20869293880347814,-0.26720411564682084,-0.2983965375181479,0.17011354617035288,0.32625703783620513,-0.3426511518604211,-0.41475127539375733,-0.8407517069930376,0.0
2019-04-18,0.11473812543206409,0.28765267602885586,0.5327145868391896,0.42319974528011717,-0.2263942996181983,-0.2717987222192005,-0.2999977522977144,0.17011354617035288,0.32625703783620513,-0.3426511518604211,-0.529408116317557,-0.9292419280047095,-1.0
2019-04-23,0.2236835994410962,0.16849239843150393,0.6770835052409798,0.5992245209934933,-0.20176648693368956,-0.26320451371284187,-0.29676339592038214,0.17011354617035288,0.32625703783620513,-0.3426511518604211,-0.4165638047118538,-0.896426139485168,0.0
2019-04-24,0.10523409336052957,0.5101730658376614,0.6292279303898561,1.6832672725439204,-0.2067866283281882,-0.27028148144497266,-0.2989302842614852,0.17011354617035288,0.32625703783620513,-0.3426511518604211,-0.6295144759729676,-1.044814164914202,-1.0
2019-04-25,0.05731144075581525,0.4306440417715086,0.629003921572855,1.6237492716644906,-0.20884793325190337,-0.2582847656185344,-0.2997741311806523,0.17011354617035288,0.32625703783620513,-0.3426511518604211,-0.577627267650079,-1.0736056064069168,-1.0
2019-04-26,0.15001713667717528,0.44832318710812213,0.7133713255957252,1.5456867799673186,-0.2284199068313906,-0.2671199816652796,-0.3038317931399398,0.17011354617035288,0.32625703783620513,-0.3426511518604211,-0.8263802026438459,-1.0664014148170762,-1.0
2019-04-29,0.19445376394857175,0.7249777302704555,0.823068847925477,1.6342055936812883,-0.20199042320352614,-0.26868250185226533,-0.30328777515866623,0.17011354617035288,0.32625703783620513,-0.3426511518604211,-0.7324231441275395,-0.8672762357781812,0.0
2019-04-30,0.3836021391458796,0.5630726760360155,0.7767948876695963,1.8776551639105132,-0.1860363027857016,-0.27609357833936,-0.3018948465120525,0.17011354617035288,0.32625703783620513,-0.3426511518604211,-0.6699856492049243,-0.9168091834276779,0.0
2019-05-02,0.3647148535473282,0.23221859648992785,0.8234058752085456,1.8571310815773816,-0.138181549224549,-0.2745731000485815,-0.30059255094019627,0.17011354617035288,0.32625703783620513,-0.3426511518604211,-0.7938611757116274,-0.9404006336346553,0.0
2019-05-03,0.32280300775485976,0.13580847182081995,0.908939677618064,1.7473955640871182,-0.13808260980566317,-0.2683999976032297,-0.2996775093418011,-0.06459372011254409,-0.034427353550179986,-0.3426511518604211,-0.6790329322324532,-0.970459113363619,0.0
2019-05-06,0.05437531005521504,-0.23033610149991326,0.8620976042542483,1.586551183381751,-0.19104093626633104,-0.26993679366122453,-0.3027524684624418,-0.06459372011254409,-0.034427353550179986,-0.3426511518604211,-0.7717890867433935,-0.9939371431999148,0.0
2019-05-07,-0.18791158757926882,-0.7741706794525957,0.7152084866713121,1.3542382205439802,-0.1890327084341923,-0.2668415566912966,-0.30167488060776415,-0.06459372011254409,-0.034427353550179986,-0.08333381254088024,-0.912163415617987,-1.1299585190371035,0.0
2019-05-08,-0.02864277861319738,-0.9255771619282105,0.6126158334179591,1.2436113667387734,-0.18403464030069674,-0.27548541602458965,-0.3005785240202228,-0.06459372011254409,-0.034427353550179986,-0.08333381254088024,-0.7151794270473224,-1.1351532707052367,0.0
2019-05-09,-0.2870824844524561,-1.3911662225552577,0.5904013717704399,1.1554671991612242,-0.18403464030069674,-0.27548541602458965,-0.3009109623245793,-0.06459372011254409,-0.034427353550179986,-0.08333381254088024,-0.6537738296558396,-1.2607875603341396,1.0
2019-05-10,-0.3216868900724027,-1.2744438872116848,0.637809535327976,1.370997955299623,-0.17901966560055368,-0.2724250174997361,-0.3003564010543647,-0.06459372011254409,-0.034427353550179986,-0.08333381254088024,-0.5425208060275706,-1.22898032307751,1.0
2019-05-13,-0.3768646740241863,-1.8896328249654366,0.3532013889308115,1.2681083693062671,-0.19908004267824234,-0.2815674741954089,-0.3070287286475746,-0.06459372011254409,-0.034427353550179986,-0.08333381254088024,-0.5178799288123616,-1.2750036209419464,1.0
2019-05-14,-0.33768945660300026,-1.7137699123409404,0.26817583183257804,1.3581193159196492,-0.19407331860476013,-0.28366801767698274,-0.3067154173509348,-0.06459372011254409,-0.034427353550179986,-0.08333381254088024,-0.5427644784458864,-1.2982847066304604,1.0
2019-05-15,-0.2602346215218711,-1.4672678487384536,0.34961355482620154,1.454718073507222,-0.19908004267824234,-0.2854742700050572,-0.30628275786072606,-0.06459372011254409,-0.034427353550179986,-0.08333381254088024,-0.6562195208393672,-1.2491134952609548,1.0
2019-05-16,-0.28587446187614085,-1.7007364905912425,0.5589709480023851,1.7529597060764512,-0.22099005445093386,-0.2876135780960562,-0.3072203315088587,-0.06459372011254409,-0.034427353550179986,-0.08333381254088024,-0.6412302513570063,-1.161467629399483,1.0
2019-05-17,-0.3128085219822551,-1.9484170301341215,0.7003613727416452,1.6043580623338964,-0.2141889585775531,-0.29003824314551796,-0.30805946922719585,-0.06459372011254409,-0.034427353550179986,-0.08333381254088024,-0.6462530633109357,-1.0397790284097594,1.0
2019-05-20,-0.36398630783078073,-2.168171831059785,0.7183559527549355,1.2967704192749259,-0.24189184587927207,-0.2921789621703878,-0.3085782206147844,-0.06459372011254409,-0.034427353550179986,-0.08333381254088024,-0.662554547268624,-1.0811111536305147,1.0
2019-05-21,-0.47831468364701824,-1.9856010096941985,0.8415536719104173,1.4646771579165638,-0.23386974106104497,-0.28914434859938387,-0.31068737936372776,-0.06459372011254409,-0.034427353550179986,-0.08333381254088024,-0.6223866530505794,-1.0907833450979572,1.0
2019-05-22,-0.46957020588292514,-2.0659286552874554,0.8672855456811106,1.6485437649323802,-0.22917060829477542,-0.2930690202627755,-0.3101618167144015,-0.06459372011254409,-0.034427353550179986,-0.08333381254088024,-0.7696512140022739,-1.198421627852654,1.0
2019-05-23,-0.4022130398976508,-2.2283382053264,0.8183192732525116,1.3906090707055325,-0.27038470099573236,-0.30115036473700746,-0.3108915058849461,-0.06459372011254409,-0.034427353550179986,-0.08333381254088024,-0.9373335988191621,-1.2718659713872122,1.0
2019-05-24,-0.6166279653099879,-1.9537849558552336,0.8605316467544218,1.3954082663179903,-0.2709298354825597,-0.3091373119758471,-0.3124648484691053,-0.06459372011254409,-0.034427353550179986,-0.08333381254088024,-1.0034310746445851,-1.213458984285397,1.0
2019-05-27,-0.5341504095129102,-1.9278131378116403,0.9374023984938123,1.3391580868224533,-0.2612670681359426,-0.308563049720042,-0.31606212779560905,-0.06459372011254409,-0.034427353550179986,-0.08333381254088024,-0.9193498579047206,-1.1336577319097876,1.0
2019-05-28,-0.6060599478127472,-1.9350749925201407,0.7906619561960435,1.3351342589029316,-0.24635342095240143,-0.3055576029360015,-0.3165444135765857,-0.06459372011254409,-0.034427353550179986,-0.08333381254088024,-1.161552430781145,-1.2804159737298026,1.0
2019-05-29,-0.718548391217134,-1.851262525445723,0.7250957245978691,1.214993118253043,-0.24635342095240143,-0.3075720653973598,-0.3165444135765857,-0.06459372011254409,-0.034427353550179986,-0.08333381254088024,-1.2181135531888707,-1.3325664166547009,1.0
2019-05-30,-0.6085693898242486,-1.7301194437440013,0.9120084582663713,1.355194052954958,-0.24213617505856275,-0.30195110978845496,-0.3151105447243123,-0.06459372011254409,-0.034427353550179986,-0.08333381254088024,-1.4597588985144725,-1.3584908906664674,1.0
2019-05-31,-0.6860783987875366,-1.5629422617004145,0.6200535549654389,1.180538843945494,-0.26400563709558694,-0.3041684235397124,-0.31635444619478786,-0.5105375260500487,-0.034427353550179986,0.30960475185375985,-1.5683208994410998,-1.4762666021593582,1.0
2019-06-03,-0.8138882954105866,-1.6165865386185267,0.670711486604539,1.1797916558247508,-0.2721886189153781,-0.30664510106804527,-0.3186907071959249,-0.5105375260500487,-0.034427353550179986,0.30960475185375985,-1.664985888094067,-1.4071945215004233,1.0
2019-06-04,-0.7236909320549809,-1.1688554476969004,0.7124696937901471,1.1939058455595422,-0.2522975570319395,-0.3012316924324051,-0.315338903535738,-0.5105375260500487,-0.034427353550179986,0.30960475185375985,-1.2987410642989439,-1.37861102789723,1.0
2019-06-05,-0.6458401824062551,-0.9354787994797201,0.7635211184238753,1.1947538674596547,-0.26717975885477885,-0.31146775737087357,-0.31381707367591427,-0.5105375260500487,-0.034427353550179986,0.30960475185375985,-1.121936072756205,-1.3047924509528197,1.0
2019-06-06,-0.7288030637115538,-0.8974826444487972,0.8643444785854553,1.162613231094054,-0.29913834674647055,-0.3218626546161134,-0.3167461002654484,-0.5105375260500487,-0.034427353550179986,0.30960475185375985,-1.1342377398029497,-1.2256840889910448,1.0
2019-06-07,-0.665468198219462,-0.4177651135373923,0.7584184839114555,1.3482089555005163,-0.3391746986893305,-0.33105883009428505,-0.31890336036272043,-0.5105375260500487,-0.034427353550179986,0.30960475185375985,-0.9741549217072106,-1.1990824335502492,1.0
2019-06-11,-0.4422825427590658,-0.09514867307944945,0.9817187203538337,1.2746744494101707,-0.3411763611743353,-0.3311039364280977,-0.3267113314900842,-0.5105375260500487,-0.034427353550179986,0.30960475185375985,-0.8783400822548377,-0.9911006121098661,1.0
2019-06-12,-0.47061848839556925,0.39187091486615955,0.9247877700988298,1.262581607641021,-0.3707776728138718,-0.3419760526414492,-0.33160770682719115,-0.5105375260500487,-0.034427353550179986,0.30960475185375985,-0.9737873687471756,-1.020829939107257,1.0
2019-06-13,-0.4583096831181203,0.06202292658758516,1.0676246664576958,1.3806785780519462,-0.3987672400104168,-0.3535808210394758,-0.3330445914252093,-0.5105375260500487,-0.034427353550179986,0.30960475185375985,-0.915844091968496,-1.0133201160563432,1.0
2019-06-14,-0.5014782592779232,-0.20989738306405428,1.0981105169788776,1.2256916494154586,-0.4111545186907762,-0.3562147205603335,-0.33337212056702953,-0.5105375260500487,-0.034427353550179986,0.30960475185375985,-1.1628203376044262,-1.1197678081404394,1.0
2019-06-17,-0.4768599888530054,-0.02719328522004185,1.0430585857208332,1.2566463758021873,-0.3869552875910667,-0.35229945210842883,-0.33108583492115423,-0.5105375260500487,-0.034427353550179986,0.30960475185375985,-1.224543989559278,-1.0076454166129094,1.0
2019-06-18,-0.4673343088294496,0.8689877567069342,1.16984815418208,1.3184235102999873,-0.3489646204923692,-0.34326423378992543,-0.3317682367639512,-0.5105375260500487,-0.034427353550179986,0.30960475185375985,-1.2619249207747858,-1.0389605915233273,1.0
2019-06-19,-0.3693661461292928,1.143350994882923,1.2062388660970276,1.2707989453251265,-0.38341719111836997,-0.3554096894663985,-0.33660070627090266,-0.5105375260500487,-0.034427353550179986,0.30960475185375985,-1.1597723860790052,-1.0357712738099372,1.0
2019-06-20,-0.34480697651061043,1.1857238796320235,1.27176283761082,1.2879378411045994,-0.44059233332534786,-0.3747936959391642,-0.34030294077629714,-0.5105375260500487,-0.034427353550179986,0.30960475185375985,-1.1878907067790454,-1.0060379429200632,1.0
2019-06-21,-0.0743679770422368,1.2225210575899952,1.2966081110676688,1.274071467783329,-0.45499037073396537,-0.3824373657139507,-0.343094108425644,-0.5105375260500487,-0.034427353550179986,0.30960475185375985,-0.8260824416334951,-0.7559275797054299,1.0
2019-06-24,-0.20938341886299067,1.4790342138836503,1.4564952618569207,1.299782317455214,-0.4363900425045649,-0.38154134108820487,-0.34027964013004314,-0.5105375260500487,-0.034427353550179986,0.30960475185375985,-0.8620822214540486,-0.8199641415406275,1.0
2019-06-25,-0.31579716483686004,1.2265949195955763,1.395618987143599,1.407819648249377,-0.39657373271235347,-0.37148017381122955,-0.3365952642187547,-0.5105375260500487,-0.034427353550179986,0.30960475185375985,-0.7341653887602414,-0.8167575085817539,1.0
2019-06-26,-0.05657294823171161,1.4357413014089198,1.6114258934496077,1.4149972913279214,-0.38620599019372254,-0.3663798360540394,-0.3364866711479232,-0.5105375260500487,-0.034427353550179986,0.30960475185375985,-0.6464319511180198,-0.6202806787891182,1.0
2019-06-27,0.24661676126982895,1.5141414337174326,1.9037289836915512,1.1624586481171384,-0.4039068488813823,-0.3727003875882596,-0.33703572986378627,-0.5105375260500487,-0.034427353550179986,0.30960475185375985,-0.7429463008539477,-0.8533332218512694,1.0
2019-06-28,0.18746648360216536,1.3388122308675297,1.959688884647754,1.4421044136179628,-0.4555199798341478,-0.3807430458422484,-0.3417504389588937,-0.5105375260500487,-0.034427353550179986,0.30960475185375985,-0.49534549852778603,-0.6895210736560096,1.0
2019-07-01,0.4247669944064109,1.4809409823710373,1.8286716777168626,1.4464140480231638,-0.43562533247949636,-0.3695616444064351,-0.3402833438841309,-0.5105375260500487,-0.034427353550179986,0.47333433565674604,-0.4658936844870889,-0.8962485834768977,1.0
2019-07-02,0.540935215383705,1.3476146040507706,1.8465763298653335,1.3964249865769092,-0.33403923132192154,-0.332614475217941,-0.3298593820527225,-0.5105375260500487,-0.034427353550179986,0.47333433565674604,-0.591905124201602,-0.9075579506820552,1.0
2019-07-03,0.5015416790349854,1.1067789737125866,1.9588826647839965,1.4651397713739083,-0.3192882156252255,-0.33056689501089487,-0.3331378073996864,-0.5105375260500487,-0.034427353550179986,0.47333433565674604,-0.8203316773733593,-0.8229937791788657,1.0
2019-07-04,0.540935215383705,1.0587250867056892,1.9462655573839722,1.4073541427279985,-0.33390850226244007,-0.34376739287745445,-0.33220652856184013,-0.5105375260500487,-0.034427353550179986,0.47333433565674604,-0.7833323572420732,-0.7652507095422046,1.0
2019-07-05,0.9234772207808375,1.0825169131722079,1.423835348304585,1.2657479791410682,-0.3106872645600695,-0.3406522137777754,-0.3311567070191224,-0.5105375260500487,-0.034427353550179986,0.47333433565674604,-0.8239847240567378,-0.8158491836766828,1.0
2019-07-08,0.6306739441991929,0.938851484988319,1.1346934922181775,1.3135930485844733,-0.26503475065983984,-0.33527050381900136,-0.3291485469122205,-0.5105375260500487,-0.034427353550179986,0.47333433565674604,-0.851047991963985,-0.944767386152472,1.0
2019-07-09,0.46042376941392377,0.7033967753691209,0.9468419149902201,1.404233438196524,-0.20545350884175365,-0.3301116679833841,-0.33181279532901686,-0.5105375260500487,-0.034427353550179986,0.47333433565674604,-0.8231045312631075,-0.9460783952409498,1.0
2019-07-10,0.37842297599895897,0.42058487824566637,0.9854159360218725,1.3761310108463725,-0.2730032973332013,-0.3484701140744212,-0.33745073016024213,-0.5105375260500487,-0.034427353550179986,0.47333433565674604,-0.8146608250631042,-0.9823261644992763,1.0
2019-07-11,0.333077804681096,0.6106349288821283,0.8411320160478614,1.720122100101624,-0.2574449402440043,-0.3582014361492731,-0.33934331013523256,-0.5105375260500487,-0.034427353550179986,0.47333433565674604,-0.6056485478366416,-0.8778357232122649,1.0
2019-07-12,0.28153217075780945,0.6619034617221042,0.9593662705521632,1.518784943687277,-0.23945872427199835,-0.360096338144684,-0.33970805190432535,-0.5105375260500487,-0.034427353550179986,0.47333433565674604,-0.586650117151594,-0.832841355720876,1.0
2019-07-15,0.28153217075780945,0.9842687658023298,1.0556968926040842,1.550773566085068,-0.228686679811327,-0.3621547812106909,-0.33931769206423723,-0.5105375260500487,-0.034427353550179986,0.47333433565674604,-0.7287549614362968,-0.9434511227015518,1.0
2019-07-16,0.14282188560894865,0.8679545326212904,0.922528523421041,1.5427715034427645,-0.22286774053550248,-0.35937370899129645,-0.3395525652552673,-0.5105375260500487,-0.034427353550179986,0.47333433565674604,-0.7734944290936422,-0.9227552696783603,1.0
2019-07-17,0.14776055686052986,0.29044022302836126,0.8535524871801886,1.4322910839888434,-0.2879800030640262,-0.36446840873007136,-0.3408134222310976,-0.5105375260500487,-0.034427353550179986,0.47333433565674604,-0.8257356121675147,-0.9605082845047287,1.0
2019-07-18,0.21302301702974932,0.24273321187229818,0.7980491351725537,0.9155412028405417,-0.30906045738932086,-0.38739676444789756,-0.3462409220636581,-0.5105375260500487,-0.034427353550179986,0.47333433565674604,-0.8675686020799583,-0.9020557729480285,1.0
2019-07-19,0.199523593973959,-0.1686918999702022,0.6866741375745413,0.8179238042758632,-0.2582354832369446,-0.38790839605961486,-0.34562614927215307,-0.5105375260500487,-0.034427353550179986,0.47333433565674604,-0.9211216677921368,-0.9592468732027766,1.0
2019-07-22,0.1414746023429388,-0.09606529103785982,0.7680060121486788,0.6569499916812981,-0.21866441434365533,-0.38040095572314875,-0.3443931866451956,-0.5105375260500487,-0.034427353550179986,0.47333433565674604,-0.8002296997616072,-0.9531655586328321,1.0
2019-07-23,0.3460515693495467,-0.042611578274290414,0.972967328433411,0.6343931704194062,-0.21285085518316682,-0.38443515028077335,-0.3433039983627704,-0.5105375260500487,-0.034427353550179986,0.47333433565674604,-0.8167127373714009,-0.8869678690335637,1.0
2019-07-24,0.42531767541359183,0.20857752186297937,0.943020506111213,-0.263255950890675,-0.23300346508321393,-0.3784515322283204,-0.3432973903192406,-0.5105375260500487,-0.034427353550179986,0.47333433565674604,-0.6794823804330246,-0.9381455748662869,1.0
2019-07-25,0.38633329918398684,-0.17368302350530304,0.882998753067677,-0.401467011241792,-0.2214358183937707,-0.3697573901761412,-0.3368486043412137,-0.5105375260500487,-0.034427353550179986,0.47333433565674604,-0.5760171481361152,-0.8299120797411584,1.0
2019-07-26,0.12965099939549074,-0.27479414081665915,0.8754276248697385,-0.22119594408709692,-0.20906451869317244,-0.36751588082146464,-0.3386678395456804,-0.5105375260500487,-0.034427353550179986,0.47333433565674604,-0.6454358580100615,-1.0513499957748913,1.0
2019-07-29,0.06982700941440917,-0.2846410301160212,0.8766437947693663,-0.31481477536921465,-0.1665497215277511,-0.37147760180602224,-0.34047029653216726,-0.5105375260500487,-0.034427353550179986,0.47333433565674604,-0.7276772772863508,-1.042929283780927,1.0
2019-07-30,0.2996887605042588,-0.6840454095161317,0.9024250573677206,-0.48508675491211234,-0.21275317352738626,-0.3766253962068715,-0.344358658427032,-0.5105375260500487,-0.034427353550179986,0.47333433565674604,-0.7281503634278668,-1.000034921064598,1.0
2019-07-31,0.25448812251601,-0.8816684958853217,0.6671485548680807,-0.30244779551809997,-0.31434786738231946,-0.3809616289226689,-0.34537873358219884,-0.3990515745656724,-0.6437173920886237,0.7680538048683988,-0.8573400950539366,-1.174892317840808,0.0
2019-08-01,0.13638855977560232,-1.2378899825360805,0.5952606434236235,-0.2382803918865532,-0.31643338672694377,-0.3796625726102956,-0.3431663804989871,-0.3990515745656724,-0.6437173920886237,0.8352811223808851,-1.0872955812199463,-1.2555874179281603,1.0
2019-08-02,0.16915193513319257,-1.4297073691802704,0.5705723371517056,-0.42879481319621937,-0.34953300757040456,-0.38748876583948805,-0.3462593008069191,-0.3990515745656724,-0.6437173920886237,0.8352811223808851,-1.1428790247123468,-1.3569072818799766,1.0
2019-08-05,-0.016495655341262055,-2.018161745795306,0.2623614306128331,-0.4878487474062235,-0.4143398365721981,-0.40304885988145933,-0.35067374167036797,-0.3990515745656724,-0.6437173920886237,0.8352811223808851,-1.2701506908183997,-1.5390604759854967,1.0
2019-08-06,0.05210842288122665,-1.6311938280063176,0.331331078460261,-0.718295178957094,-0.3833468034215563,-0.39080397557890983,-0.34894899662528284,-0.3990515745656724,-0.6437173920886237,0.8352811223808851,-1.4607754126820727,-1.5388362085101788,1.0
2019-08-07,0.05453855792455896,-1.484665035467395,0.3510350854550931,-0.4877972974701791,-0.4293539713145531,-0.39899742498553104,-0.3517031971121824,-0.3990515745656724,-0.6437173920886237,0.8352811223808851,-1.3603320800554117,-1.428232640968836,1.0
2019-08-08,0.030389236401665607,-1.4106028282818912,0.5279184374542449,-0.3195846533797743,-0.36222378631521285,-0.39839050950641963,-0.3506458732314218,-0.3990515745656724,-0.6437173920886237,0.8352811223808851,-1.3931602466484438,-1.3768667247408835,1.0
2019-08-09,0.25850407698649813,-1.5727291337306508,0.5000840219014779,-0.4838707237674284,-0.3513735305254017,-0.39942356911795734,-0.3535393348235338,-0.3990515745656724,-0.6437173920886237,0.8352811223808851,-1.3412296748770032,-1.3240699391544177,1.0
2019-08-12,0.25850407698649813,-1.8184631125890935,0.40491551409068194,-0.6053014261654236,-0.367903949891638,-0.4069088709623124,-0.3566115961549672,-0.3990515745656724,-0.6437173920886237,0.8352811223808851,-1.5808663613039602,-1.508297892650153,1.0
2019-08-13,0.05250819369416183,-1.6483538971871783,0.39507601731577524,-0.5845205488076635,-0.3319379616482131,-0.397893349095008,-0.35411950994382785,-0.3990515745656724,-0.6437173920886237,0.8352811223808851,-1.529995966049879,-1.54778151421455,1.0
2019-08-14,-0.030692059003046276,-2.1765662780466717,0.21455269995473053,-1.0357951783174444,-0.403990665478329,-0.4092803978268831,-0.3584798018850781,-0.3990515745656724,-0.6437173920886237,0.8352811223808851,-1.8357749834475119,-1.75055419462634,1.0
2019-08-15,-0.019949018451064754,-1.9939198985519233,0.2813523278387861,-0.9246604206405347,-0.44722441483023373,-0.4273287691514001,-0.36508793757982433,-0.3990515745656724,-0.6437173920886237,0.8352811223808851,-1.9073405240449555,-1.8035831522504728,1.0
2019-08-16,0.11405693741958584,-1.8480280407680243,0.28629653878869504,-0.637346301545488,-0.4079328453731278,-0.4310767635982866,-0.3668866218819111,-0.3990515745656724,-0.6437173920886237,0.8352811223808851,-1.795769299370621,-1.7366184773131028,1.0
2019-08-19,0.08898248349322019,-1.6729622692491137,0.3556665960470495,-0.7143296559785354,-0.372580401087566,-0.4242420592580557,-0.3638328402939051,-0.3990515745656724,-0.6437173920886237,0.8352811223808851,-1.6904990298985751,-1.6371545695866145,1.0
2019-08-20,0.16536036558181136,-1.6387605061510606,0.3666621620184924,-0.9161873542792756,-0.3304632830036334,-0.40720662111323797,-0.3592931133175143,-0.3990515745656724,-0.6437173920886237,0.8352811223808851,-1.6877610360965982,-1.731785920517491,1.0
2019-08-21,0.24639631925080746,-1.4776229879114666,0.4495855674261473,-0.5439043009480999,-0.3065505978074859,-0.3941146778300815,-0.3572690533956186,-0.3990515745656724,-0.6437173920886237,0.8352811223808851,-1.528620643834429,-1.7328181154675368,1.0
2019-08-22,0.25180124125000614,-1.7599673346753697,0.5164946172770761,-0.7399712676615874,-0.30264173336334665,-0.3870240388747452,-0.3572397257143348,-0.3990515745656724,-0.6437173920886237,0.8352811223808851,-1.5237258401680502,-1.7732130887466897,1.0
2019-08-23,0.3835835460221064,-1.876546728571349,0.35785084591293786,-0.8233359788566798,-0.35676339394890016,-0.3958254859428625,-0.35989935655145605,-0.3990515745656724,-0.6437173920886237,0.8352811223808851,-1.7002017151278574,-1.8384403068074702,1.0
2019-08-26,0.2186659334423546,-1.8146355185394887,0.4571969335703897,-0.762751911831753,-0.3335152200722701,-0.3912398221286724,-0.357580633257833,-0.3990515745656724,-0.6437173920886237,0.8352811223808851,-1.5253663897000589,-1.8789683834667024,1.0
2019-08-27,0.29886233686731317,-1.7448023852608465,0.4153173570571582,-0.5009480079515654,-0.3078488691895931,-0.3881101295648974,-0.3571438322845315,-0.3990515745656724,-0.6437173920886237,0.8352811223808851,-1.6084063290592165,-1.972325287222462,0.0
2019-08-28,0.2659368617144073,-1.5416067448834392,0.46491220420550067,-0.6568938399401518,-0.3003159953673657,-0.39220304983704496,-0.3568749259812735,-0.3990515745656724,-0.6437173920886237,0.8352811223808851,-1.5385674720469826,-2.0850756593495494,-1.0
2019-08-29,0.29360500788834276,-1.082539951108289,0.5037991121344847,-0.4577288839726185,-0.2892033924775946,-0.3877250326599074,-0.3560541996673911,0.059279559314541104,-0.6437173920886237,0.8352811223808851,-1.417407030418457,-2.0768828668200436,-1.0
2019-08-30,0.30167252690237006,-0.5292766511702802,0.4136042657872144,-0.4980594661396221,-0.29738329575450173,-0.3864637086166436,-0.35635141659400055,0.059279559314541104,-0.6437173920886237,0.8352811223808851,-1.5074241498169823,-2.200338325544786,-1.0
2019-09-02,0.21148016628714386,-0.3285770690087852,0.4501300245749978,-0.5096199286874585,-0.2635014299798098,-0.39044900598424437,-0.3561037061019781,0.059279559314541104,-0.6437173920886237,0.8352811223808851,-1.7152270599794532,-2.0970390801194823,-1.0
2019-09-03,0.26193545725408957,0.32794876976911674,0.3923779314687124,-0.5705410492281805,-0.23626303863824705,-0.39503722950676334,-0.3604609914578876,0.059279559314541104,-0.6437173920886237,0.8352811223808851,-1.8172381900620265,-2.050402010142432,-1.0
2019-09-04,0.35060393654877464,0.37883966589057216,0.4817356458764032,-0.4650161456531729,-0.2910485982862929,-0.38863406004850815,-0.36136169044528355,0.059279559314541104,-0.6437173920886237,0.8352811223808851,-1.809459184423023,-2.05314119710889,-1.0
2019-09-05,0.6728292040195387,0.5223464950681092,0.5931806348974958,-0.4674332567530639,-0.24189187452053193,-0.37279152739203675,-0.35905286381013424,0.059279559314541104,-0.6437173920886237,0.8352811223808851,-1.564922418359797,-1.7819680840738703,-1.0
2019-09-06,0.8403971317246655,0.3546927093029716,0.6552590558684542,-0.4429341731522906,-0.2562826893638676,-0.37547805570569553,-0.35989935655145605,0.059279559314541104,-0.6437173920886237,0.8352811223808851,-1.7898610222945264,-1.8731270892587606,-1.0
2019-09-09,0.860027942116144,0.6406023256851864,0.6006909166899831,-0.5296120265756818,-0.23512699258115674,-0.3623802253325982,-0.3590503316924298,0.059279559314541104,-0.6437173920886237,0.8352811223808851,-1.4883872484617102,-1.7294636655153008,-1.0
2019-09-10,0.7238298667646428,0.918576701309466,0.5721032726690315,-0.7063867300037235,-0.20249008349460065,-0.35329533341829805,-0.35975796973407437,0.059279559314541104,-0.6437173920886237,0.8352811223808851,-1.2478336389609708,-1.5262435233705032,-1.0
2019-09-11,0.8253150538936808,0.7961207802071798,0.5044893197878503,-0.6186542527681016,-0.23499632173094342,-0.3487570807735102,-0.3591931172980226,0.059279559314541104,-0.6437173920886237,0.8352811223808851,-1.0833496976516814,-1.5811736668047813,-1.0
2019-09-12,0.9213157235414923,1.599962103258981,0.5351832955929895,-0.6766850873904727,-0.20019704672973643,-0.35874892958757815,-0.36101157026454117,0.059279559314541104,-0.6437173920886237,0.8352811223808851,-0.9320725144375425,-1.5212145438663212,-1.0
2019-09-13,0.7930804105001474,1.5777007160496177,0.46847520154538924,-1.0015459800115778,-0.11066953091449389,-0.3659111970891729,-0.3605064451095712,0.059279559314541104,-0.6437173920886237,0.8352811223808851,-0.5552557510105977,-1.2936442526252876,-1.0
2019-09-16,0.6450570754906224,1.0980479421621776,0.5625660527962101,-1.02343594496455,-0.025284477189506317,-0.33792669169123735,-0.3557131428315055,0.059279559314541104,-0.6437173920886237,0.8352811223808851,-0.9313014065503552,-1.476361103307946,-1.0
2019-09-17,0.680464301917036,1.0094839038101846,0.562269735503915,-1.0103223586693524,-0.07522089985932369,-0.3254604860229879,-0.35805142748182794,0.059279559314541104,-0.6437173920886237,0.8352811223808851,-1.0407296306173384,-1.5694338664877066,-1.0
2019-09-18,0.6114117421627087,0.8768854431372262,0.44477752173269625,-0.9808138700690497,-0.2090045311298405,-0.3382520058301668,-0.3641044129918158,0.059279559314541104,-0.6437173920886237,0.8352811223808851,-1.3586644869008915,-1.5421974335192483,-1.0
2019-09-19,0.6125328625032174,0.5833112750122654,0.4228507226029768,-0.960309629986371,-0.23940096988240875,-0.3381627251636432,-0.36380385274281124,0.059279559314541104,-0.6437173920886237,0.8352811223808851,-1.2672012791381813,-1.503403780827417,-1.0
2019-09-20,0.3803808543694335,0.88572141528703,0.5399782905023995,-0.8872502747333977,-0.2917479247031499,-0.35745452381393866,-0.36633708076935756,0.059279559314541104,-0.6437173920886237,0.8352811223808851,-1.3737906248823242,-1.4912526834075142,-1.0
2019-09-23,0.4734772098349853,1.2357450123183384,0.5373652617999104,-1.006261248881981,-0.26476190555185286,-0.3622245025552467,-0.3662188051320024,0.059279559314541104,-0.6437173920886237,0.8352811223808851,-1.402989715726448,-1.452990479604836,-1.0
2019-09-24,0.48231137836707716,0.8851396542567618,0.4453742830991929,-0.958095191496382,-0.24907522868677864,-0.34771901757773005,-0.3638694636057795,0.059279559314541104,-0.6437173920886237,0.8352811223808851,-1.373233985048211,-1.4967293479536254,-1.0
2019-09-25,0.39569640731603933,0.8305889537475131,0.4038786456802396,-1.2350902884217163,-0.30367938665421124,-0.34415518582006266,-0.3652790069133585,0.059279559314541104,-0.6437173920886237,0.8352811223808851,-1.3818814953085223,-1.3375018669000769,-1.0
2019-09-26,0.5078807956428038,0.7648001763244413,0.3400626231304076,-1.2691911835318976,-0.3919028287021182,-0.3797493562525363,-0.3722816170098467,0.059279559314541104,-0.6437173920886237,0.8352811223808851,-1.396773652409522,-1.3283088157622018,-1.0
2019-09-27,0.4757340217912772,0.2505327869836744,0.2517463972995429,-1.3199749113943655,-0.4408129220842994,-0.41696273211622353,-0.37317624591674603,0.059279559314541104,-0.6437173920886237,0.8352811223808851,-1.3262776972869998,-1.3631491990934366,-1.0
2019-09-30,0.33299656927936366,0.2062216876432033,0.28496814479218346,-1.3638793522762558,-0.3840652146774122,-0.40412106446811186,-0.36863628835110335,0.059279559314541104,-0.6437173920886237,0.8352811223808851,-1.3967062642267576,-1.5645551456176352,-1.0
2019-10-01,0.290796164181393,0.05663731097755258,0.21887593848876666,-1.3948031553459836,-0.4049272515544547,-0.40980778065309015,-0.3740120839398559,-0.18846699953962878,-0.6437173920886237,1.2618333136156015,-1.4559146729711214,-1.5807502714018071,-1.0
2019-10-02,0.13094715140073027,0.026753082374293406,0.07034350603483198,-1.56980351468634,-0.4013774255684109,-0.4193172175768088,-0.3760676237388226,-0.18846699953962878,-0.6437173920886237,1.2618333136156015,-1.6061516935295232,-1.711209507671928,-1.0
2019-10-04,0.14035569270802511,0.0392408039023792,0.12252732035117325,-1.493774836896682,-0.49533935117720507,-0.4497073329189342,-0.3839877453825,-0.18846699953962878,-0.6437173920886237,1.2618333136156015,-1.6851688608287934,-1.7833625206489163,-1.0
2019-10-07,0.06241949638395474,-0.3666221192228706,0.0594307789637917,-1.5189255897102905,-0.4892007877258445,-0.44804211409164074,-0.3821554812835368,-0.18846699953962878,-0.6437173920886237,1.2618333136156015,-1.5479073303144288,-1.6705221597726403,-1.0
2019-10-08,0.18566612535665208,-0.6018610372567318,-0.014602105708492215,-1.498574714276366,-0.5007342077767433,-0.4373918175942863,-0.3836315883817214,-0.18846699953962878,-0.6437173920886237,1.2618333136156015,-1.7705843670684254,-1.8183511577064986,-1.0
2019-10-09,0.17799066995472138,-0.5102431985122949,0.07311012030117296,-1.3538781156141575,-0.5321476675225038,-0.43812406605272897,-0.3863857888686209,-0.18846699953962878,-0.6437173920886237,1.2618333136156015,-1.8991815212236038,-1.7716200523743937,-1.0
2019-10-10,0.23229899095324247,-0.31474443334506913,-0.000602156346327863,-1.3678404812002432,-0.5312378068390449,-0.43426723352546026,-0.3857347557569811,-0.18846699953962878,-0.6437173920886237,1.2618333136156015,-1.684807364475058,-1.6097607867586874,-1.0
2019-10-11,0.23986625402865044,-0.12961657773013732,0.062241401021656234,-0.6862774574082164,-0.5436379093710655,-0.4363690991191202,-0.38689582644620435,-0.18846699953962878,-0.6437173920886237,1.2618333136156015,-1.4046699888518193,-1.5090162030522616,-1.0
2019-10-14,0.24109254437958236,-0.366645872366958,0.04320627879839271,-0.71912825552199,-0.5307803841232247,-0.4428708061657332,-0.38810080365839417,-0.18846699953962878,-0.6437173920886237,1.2618333136156015,-1.5406228824925796,-1.632705451993498,-1.0
2019-10-15,0.2811248933141865,-0.30158395268360866,0.11129020053059382,-0.6138511738333171,-0.5361103688897446,-0.43486301108397923,-0.38705617735935055,-0.18846699953962878,-0.6437173920886237,1.2618333136156015,-1.276484792345074,-1.4853842906385557,-1.0
2019-10-16,0.3284865658684846,-0.08022549080996588,0.10587775141428589,-0.07861058839043736,-0.5865060515625516,-0.4192032209938948,-0.3886124994774882,-0.18846699953962878,-0.6437173920886237,1.2618333136156015,-1.338052383445586,-1.5557567973708768,-1.0
2019-10-17,0.2674379666125101,-0.001082377736952531,0.19614118409561637,-0.027686724945728464,-0.5671514258995961,-0.41563042726557486,-0.3877365419277153,-0.18846699953962878,-0.6437173920886237,1.2618333136156015,-1.1204748349376896,-1.4425689815503466,-1.0
2019-10-18,0.22639621949153196,-0.025332874035505073,0.190632830603383,0.015626817619368006,-0.5057879194722391,-0.41907092248063244,-0.38669181384722195,-0.18846699953962878,-0.6437173920886237,1.2618333136156015,-1.111526025419448,-1.354526528476079,-1.0
2019-10-21,0.1942503536035655,0.2494339753014346,0.1576885532578146,0.13204460820728747,-0.5090546261701399,-0.4213419765329704,-0.3884257363980103,-0.18846699953962878,-0.6437173920886237,1.2618333136156015,-0.9967762159624597,-1.2866492602536401,-1.0
2019-10-22,0.24825996982603407,0.24407636507206307,0.19604243576437727,0.08784536737216747,-0.4853607830812593,-0.42684006103249533,-0.3884055401119984,-0.18846699953962878,-0.6437173920886237,1.2618333136156015,-1.0764736652982028,-1.2483808569162944,-1.0
2019-10-23,0.03125876320346708,0.22876961284214795,0.206903744098944,0.13016394762679817,-0.4797488218035444,-0.43236791902852173,-0.38771188900238884,-0.18846699953962878,-0.6437173920886237,1.2618333136156015,-1.1229592570254114,-1.2105860521440535,-1.0
2019-10-24,0.1685941961075603,0.4540975205279183,0.1738877984798699,0.021346900254924535,-0.5083114421604137,-0.4303988902776158,-0.3865450591688983,-0.18846699953962878,-0.6437173920886237,1.2618333136156015,-1.0344431029190044,-1.196037803025658,-1.0
2019-10-28,0.40183522463343596,0.7517654775156152,0.19845534084897723,0.3433956195792147,-0.40516645998118744,-0.43036556787096725,-0.3889393839591443,-0.18846699953962878,-0.6437173920886237,1.2618333136156015,-0.8982376441896281,-1.158040240733576,-1.0
2019-10-29,0.398870092959844,0.9215845841823556,0.21651773035935562,0.19891128314586545,-0.3691439611769781,-0.4311210335333407,-0.3903005435083054,-0.3056444260247088,-0.034427353550179986,1.2618333136156015,-0.7011169506316113,-1.1111492349961514,-1.0
2019-10-30,0.29608566861434066,0.8952930856933565,0.12601265936162284,0.12502069839677682,-0.418568378764037,-0.4311210335333407,-0.38995816678034656,-0.3056444260247088,-0.034427353550179986,1.2618333136156015,-0.6223804783760704,-1.2171484471481822,-1.0
2019-10-31,0.3148634744792864,0.87719066797619,0.03337261494220201,0.37391976992360354,-0.5290980493529167,-0.45752610599488225,-0.3995174386023525,-0.18511907306862668,-0.541642657963941,1.7212235743530166,-0.6595475298584709,-1.2809894349508202,-1.0
2019-11-01,0.4635371741475005,1.374103950581644,0.2781995532628877,0.6933978070597481,-0.525841822101076,-0.44934970673433056,-0.4011647899584211,-0.18511907306862668,-0.541642657963941,1.7212235743530166,-0.3286117945887275,-1.1471988242321094,-1.0
2019-11-04,0.5751287185994433,1.2115339369272744,0.3193590114870096,0.9723724053019165,-0.4018989614526991,-0.4543735076974625,-0.3994601869874326,-0.18511907306862668,-0.541642657963941,1.7212235743530166,-0.1098387598589677,-1.1367562355748764,-1.0
2019-11-05,0.5668140982178012,1.523916266696206,0.3307542386239719,0.7470125682859579,-0.40380865431583524,-0.4414580567764895,-0.3979333022607301,-0.18511907306862668,-0.541642657963941,1.7212235743530166,-0.08709875232381961,-1.0496582708774689,-1.0
2019-11-06,0.5509986614920462,1.6129938122699619,0.23666362050539774,0.6690089026906979,-0.38469919158934734,-0.44311649168519,-0.3982386816329908,-0.18511907306862668,-0.541642657963941,1.7212235743530166,-0.1672225905607495,-1.1266152595809682,-1.0
2019-11-07,0.701840311606744,1.6046893315036097,0.4460256643873515,0.932243625237788,-0.3443145145689926,-0.4363372681869318,-0.3966182321220699,-0.18511907306862668,-0.541642657963941,1.7212235743530166,0.07028628423037427,-0.9307084425356386,-1.0
2019-11-08,0.6189462394882785,1.1729036440787846,0.4147746846094953,0.951591419875131,-0.36270794533324713,-0.4329329130015116,-0.39763714379061643,-0.18511907306862668,-0.541642657963941,1.7212235743530166,0.35510979138664317,-0.9160348586846283,-1.0
2019-11-11,0.5206517967505522,0.6701775475782273,0.37854405121374174,0.862831643671589,-0.34480829065916685,-0.439608561059566,-0.3971315252815594,-0.18511907306862668,-0.541642657963941,1.7212235743530166,0.33645371766445736,-0.8910551075155778,-1.0
2019-11-12,0.7173050559051077,0.623826150199243,0.3115280610757964,1.0326089499238917,-0.3086527768232504,-0.4183588955657249,-0.3942706171335748,-0.18511907306862668,-0.541642657963941,1.7212235743530166,0.5754936575502085,-0.9598310171828,-1.0
2019-11-13,0.7085651182637862,0.2708750375940062,0.2950568058671562,0.9182293987647725,-0.305720624442377,-0.3971984658583063,-0.3935204112033758,-0.18511907306862668,-0.541642657963941,1.7212235743530166,0.586480467746063,-1.0058297370587652,-1.0
2019-11-14,0.8873620234211669,0.22530435850057706,0.3035491221256821,0.7435595772487534,-0.3118218663809424,-0.39338832677342594,-0.39356325278033294,-0.18511907306862668,-0.541642657963941,1.7212235743530166,0.350923391067944,-1.0764298999084307,-1.0
2019-11-15,1.0960141036520679,0.31232436064404395,0.3000845290905462,0.7633772149873529,-0.3256332663488771,-0.4031480155097753,-0.39424518748221005,-0.18511907306862668,-0.541642657963941,1.7212235743530166,0.2651956842254182,-1.05540199008857,-1.0
2019-11-18,1.2361465561679115,0.38879472477245075,0.2504696364216384,0.8177113309161808,-0.3329321574227302,-0.4197111144867567,-0.3940831833452286,-0.18511907306862668,-0.541642657963941,1.7212235743530166,0.3834200986428431,-0.9759018140297095,-1.0
2019-11-19,1.3012232496301732,0.2420866458187153,0.2844589249199352,0.6135183268816172,-0.33001263579704687,-0.42733745093024184,-0.39270463774644193,-0.18511907306862668,-0.541642657963941,1.7212235743530166,0.17167206364997623,-0.9990709146227105,-1.0
2019-11-20,1.351003932075938,0.13421830844626242,0.26816377154864923,0.7801889066555453,-0.32357243804423946,-0.43212833677396606,-0.3921845403062261,-0.18511907306862668,-0.541642657963941,1.7212235743530166,-0.08530933510464124,-1.165587815353535,-1.0
2019-11-21,1.1383488124248238,0.08525839599457433,0.27369366584741406,0.8809937882705069,-0.30888426723932,-0.420093615253226,-0.3911301357436932,-0.18511907306862668,-0.541642657963941,1.7212235743530166,0.1928782770901525,-1.1098597277644482,-1.0
2019-11-22,1.0413527653682864,0.08525839599457433,0.3873399984810386,0.8846310793644326,-0.3009609789887828,-0.4221117301135566,-0.39046739082897136,-0.18511907306862668,-0.541642657963941,1.7212235743530166,0.1051123069502789,-1.040752157567359,-1.0
2019-11-25,1.2240635911062419,0.14676740034516447,0.5158132349750816,0.7724553887899426,-0.3008170715016347,-0.4243261342909219,-0.3902574300900179,-0.18511907306862668,-0.541642657963941,1.7212235743530166,0.20640122897609503,-1.0341758287643879,-1.0
2019-11-26,1.1945897038294981,-0.03834461306872079,0.49274392182704696,0.8208988605207955,-0.24315338349850896,-0.4160272950124684,-0.38901126197847247,-0.18511907306862668,-0.541642657963941,1.7212235743530166,0.16529059971126933,-1.0105185429294858,-1.0
2019-11-27,1.318688905952504,0.09319570604566807,0.6993903012718611,0.762339488343579,-0.22865168524963903,-0.4160272950124684,-0.38779952052206634,-0.18511907306862668,-0.541642657963941,1.3111053736778862,0.15862609871273137,-0.9269440312086513,-1.0
2019-11-28,1.4040118247069757,0.0003796704000016939,0.6603437576524518,0.706088776095532,-0.22865168524963903,-0.4139262447325726,-0.3868606992304948,-0.18511907306862668,-0.541642657963941,1.3111053736778862,0.23052071694911097,-0.9446848589121145,-1.0
2019-11-29,1.2221570934658466,-0.16401147397065113,0.3667234261023101,0.7962271214294658,-0.11752609231052184,-0.42322793669766845,-0.39057100097683123,-0.18511907306862668,-0.541642657963941,1.3111053736778862,0.29803352237962594,-1.0519671709201381,-1.0
2019-12-02,1.0931083784917242,-0.47549778755895233,0.2945087714274508,0.505194932601103,-0.0993723816526943,-0.4170812360383011,-0.39007369662163566,-0.18511907306862668,-0.541642657963941,1.3111053736778862,0.539245188434577,-0.9696576871831228,-1.0
2019-12-03,1.2221310827974048,-0.7809325454522666,0.21134856081863374,0.4837879727196016,-0.12879519598525557,-0.4155612145628143,-0.3879134262235251,-0.18511907306862668,-0.541642657963941,1.3111053736778862,0.20904169382539087,-1.1788202932657363,-1.0
2019-12-04,1.0238375067153744,-0.7442571350618133,0.22195949290312722,0.4434699750553731,-0.21528812631611502,-0.4350809327940683,-0.3892986396934926,-0.18511907306862668,-0.541642657963941,1.3111053736778862,0.16714921401998822,-1.0284359361343733,-1.0
2019-12-05,0.8496011963636169,-0.5898428938102975,0.18862320654529913,0.3976294073512867,-0.21848151496376367,-0.43402581862341394,-0.3896962679868578,-0.18511907306862668,-0.541642657963941,1.3111053736778862,0.40292748967055514,-1.038208431013995,-1.0
2019-12-06,0.9887074214826861,-0.6195305463314112,0.27680697745691685,0.5530536492958025,-0.24341630098708583,-0.43833677634368906,-0.38753637464495283,-0.18511907306862668,-0.541642657963941,1.3111053736778862,0.17305545397522556,-0.9689177016289868,-1.0
2019-12-09,1.1924503356437832,-0.5147202297764306,0.22150834699939354,0.6522353603826793,-0.20288604348714614,-0.43302767293823574,-0.3835805863514009,-0.18511907306862668,-0.541642657963941,1.3111053736778862,-0.08926364310897218,-0.9704796963791681,-1.0
2019-12-10,1.2558045309606547,-0.297485628203972,0.2956554267007651,0.6050746826619514,-0.18089900077270576,-0.4266364338272749,-0.3804585495909127,-0.18511907306862668,-0.541642657963941,1.3111053736778862,-0.08300696753193948,-0.8483519846476887,-1.0
2019-12-11,1.4343120295003526,0.13931651831600705,0.3811513138710288,0.564206175950101,-0.2041506686743244,-0.41932860039549114,-0.3809401708924461,-0.18511907306862668,-0.541642657963941,1.3111053736778862,-0.29906007740200746,-0.8877748890561145,-1.0
2019-12-12,1.7598567139798118,0.6699482001117266,0.2698411183461176,0.7364181056683515,-0.19176147955341472,-0.4170614268092782,-0.38220075104718193,-0.18511907306862668,-0.541642657963941,1.3111053736778862,-0.37728112326299135,-0.6754081394132452,-1.0
2019-12-13,1.8540872531319403,0.6451583243059223,0.1820153211392169,1.0065744027909735,-0.19179687722296057,-0.43304915634429914,-0.3795503199658967,-0.18511907306862668,-0.541642657963941,1.3111053736778862,-0.24890056864371907,-0.8528957104511794,-1.0
2019-12-16,1.803933838709277,0.656664885194695,0.10845928049536478,0.8954772834609469,-0.18869201946732017,-0.4302728068589809,-0.3754074136705999,-0.18511907306862668,-0.541642657963941,1.3111053736778862,-0.023529253065641544,-0.777335185051265,-1.0
2019-12-17,1.656694865280134,0.8883530464577171,0.25766449643697903,0.570982271204726,-0.17313186904925135,-0.4109002780418111,-0.37283889066598375,-0.18511907306862668,-0.541642657963941,1.3111053736778862,0.04483425172177949,-0.9603151026895056,-1.0
2019-12-18,1.700013508215342,0.9607266199854743,0.3037666480670156,0.45120330450925095,-0.19492311301961343,-0.4164161381980363,-0.37450741207232985,-0.18511907306862668,-0.541642657963941,1.3111053736778862,0.13709255895803243,-0.8323336693309953,-1.0
2019-12-19,1.7749379954036606,1.0671594058650908,0.3929234540283589,0.389583273068425,-0.16374656679394514,-0.40024249382300014,-0.3749058409025373,-0.18511907306862668,-0.541642657963941,1.3111053736778862,0.3083907988012496,-0.795296623674334,-1.0
2019-12-20,1.6571782198727085,1.1576794758515503,0.3684506474758455,0.6298644783722974,-0.18713543947092534,-0.4005764680237292,-0.37633045662753883,-0.18511907306862668,-0.541642657963941,1.3111053736778862,0.2034117563086536,-0.8866282591729195,-1.0
2019-12-23,1.4855966764543647,1.187309718874942,0.31332241292031504,0.5953907893112388,-0.21939385477918127,-0.4147258279536393,-0.37658034452186523,-0.18511907306862668,-0.541642657963941,1.3111053736778862,0.3176957933286986,-0.7886775015010945,-1.0
2019-12-30,1.219426155713241,1.0830356537075718,0.3251778285908511,0.6352948705021949,-0.2977156282889619,-0.3907782787727226,-0.37838177779260435,-0.18511907306862668,-0.541642657963941,1.1431488351009784,0.4709782391309586,-0.7037255618449649,-1.0
2020-01-02,1.0676209055675256,1.5524296700918085,0.3952197015875183,0.7342519316083999,-0.29013690780247414,-0.37470124939288907,-0.3845464711132134,-0.18511907306862668,-0.541642657963941,1.1431488351009784,0.4611241321213655,-0.658288340669231,-1.0
2020-01-03,1.1119154411592627,1.1360100461534464,0.2801626674539926,0.6143030283579723,-0.3234832418048303,-0.3976858722596054,-0.3871712507277942,-0.18511907306862668,-0.541642657963941,1.1431488351009784,0.3631171888167175,-0.7755836943276491,-1.0
2020-01-06,0.9457313464181462,1.4331132327206568,0.2558105723754814,0.63204899812858,-0.2641328257859889,-0.38572755165388334,-0.38548812678963995,0.06281879586960065,-0.541642657963941,1.1431488351009784,0.5808244983212419,-0.6743950643903233,-1.0
2020-01-07,0.8391000209585265,1.4234230180538272,0.3300527664553958,0.9759632647402356,-0.24264410847038484,-0.3744197068536889,-0.38515321839779154,0.06281879586960065,-0.541642657963941,1.1431488351009784,0.6390984368274732,-0.7475337274371173,-1.0
2020-01-08,0.7880097164865383,1.6694810503732864,0.39871712947621885,0.8985046489244161,-0.2534405459025033,-0.3474053012168258,-0.3870807761950738,0.06281879586960065,-0.541642657963941,1.1431488351009784,0.8224492709969768,-0.6861525953449443,-1.0
2020-01-09,1.1459684157647607,1.6492542210156946,0.4890994179349463,1.1256976758748338,-0.1808676025435631,-0.351376659127665,-0.38759221705133173,0.06281879586960065,-0.541642657963941,1.1431488351009784,0.6254841815066045,-0.7131664410448721,-1.0
2020-01-10,1.2325231739818436,1.6679872522055865,0.43076477600094104,1.2276888952542095,-0.176090435509958,-0.34523248129527745,-0.3827877533552972,0.06281879586960065,-0.541642657963941,1.1431488351009784,0.6179121883698505,-0.8837804325938342,-1.0
2020-01-13,1.1516912489477988,1.8861751542574607,0.47783260600693717,1.0272804480299884,-0.13595073012979209,-0.32913494887187983,-0.37882002020105926,0.06281879586960065,-0.541642657963941,1.1431488351009784,0.5238216288623526,-1.0403402248346587,-1.0
2020-01-14,1.2575460885817258,1.8480477558552122,0.4363365762056754,1.1000218363738465,-0.13336146986878203,-0.3223690605445601,-0.3758467892977168,0.06281879586960065,-0.541642657963941,1.1431488351009784,0.19842024572178316,-1.095027253813449,-1.0
2020-01-15,1.1946290107201138,1.5918127918924856,0.42518871742799913,0.1910569705061568,-0.19499498405880583,-0.32796613664905055,-0.37796881814165934,0.06281879586960065,-0.541642657963941,1.1431488351009784,-0.10837311712913321,-1.0956143569272077,-1.0
2020-01-16,1.2098565779976018,1.4083445021002674,0.48319242541433166,0.2199776807009377,-0.18715583944626746,-0.3214560936597729,-0.3783151040359356,0.06281879586960065,-0.541642657963941,1.1431488351009784,0.04941384310328934,-1.088625522221598,-1.0
2020-01-17,1.217287251306333,1.1511424020656296,0.49465430017154455,0.4090857642591635,-0.19488752980870325,-0.3192335863419904,-0.3752131231126535,0.06281879586960065,-0.541642657963941,1.1431488351009784,-0.044588729674604144,-0.961024373393999,-1.0
2020-01-20,1.2739862117639351,1.161055518084805,0.4835363767550388,0.30258893072283494,-0.18403464030069674,-0.3179760362999379,-0.36993023513963946,0.06281879586960065,-0.541642657963941,1.1431488351009784,-0.010517859263704033,-0.9824630396497269,-1.0
2020-01-21,0.9762793492932726,0.42265656796190065,0.47338716857496804,0.38670142731529517,-0.21825563403031778,-0.33100151348077606,-0.37232713304126164,0.06281879586960065,-0.541642657963941,1.1431488351009784,-0.32802387741581196,-1.0409018090576427,-1.0
2020-01-22,1.0245593089383302,0.4034819444151287,0.4365772596494507,0.42752808570693046,-0.2103917104842591,-0.3265756465170866,-0.3722032130394001,0.06281879586960065,-0.541642657963941,1.1431488351009784,-0.3851626702685034,-1.073286137653477,-1.0
2020-01-23,0.8523510598801752,0.06976023634690069,0.3217814675194135,0.029743389716575242,-0.18872270046010378,-0.325690483676448,-0.37267517536730466,0.06281879586960065,-0.541642657963941,1.1431488351009784,-0.5860005656040106,-1.1293111892055725,-1.0
2020-01-24,0.8635454644845129,-0.1072755396817238,0.2021042897136999,0.18031700911488746,-0.2505721874768261,-0.3326718434824739,-0.37624852933499203,0.06281879586960065,-0.541642657963941,1.1431488351009784,-0.6447039877660008,-1.2247691506213696,-1.0
2020-01-27,0.5560520489009063,-0.8648331224054991,0.07456142559794339,-0.04314407732525131,-0.2197409671563754,-0.32599193595288356,-0.3762026036627456,0.06281879586960065,-0.541642657963941,1.1431488351009784,-0.8406305367994708,-1.3897666207211257,-1.0
2020-01-28,0.5782896117753075,-0.7246417823028426,0.2263904094382872,-0.24702763992246388,-0.16842845853248203,-0.3182172413951983,-0.3735354024824013,0.06281879586960065,-0.541642657963941,1.1431488351009784,-0.7281360814422537,-1.2523174828951773,-1.0
2020-01-29,0.7132563950024658,-0.8068813441310461,0.24839060018299838,-0.25919309958635567,-0.18090932895624903,-0.3234775501946032,-0.37357761298875825,0.06281879586960065,-0.541642657963941,1.1431488351009784,-0.8879733375635526,-1.382491739934441,-1.0
2020-01-30,0.418400770664572,-0.9733865437926753,0.26186584798699414,-0.4118875360461013,-0.12353708275613005,-0.3115097748846514,-0.37175469532534566,0.06281879586960065,-0.541642657963941,1.1431488351009784,-0.9828161085490473,-1.3326736079039998,-1.0
2020-01-31,0.5222035543315418,-1.8064249509979722,0.20512825635519621,-0.38319786878070183,-0.16023390861404613,-0.3153334003186331,-0.3730036965916893,0.06281879586960065,-1.8256948042528913,1.8358072662690585,-1.069671936012789,-1.258353508213608,-1.0
2020-02-03,0.46977677761545544,-1.228813325269457,0.2131365786961823,-0.27123600424566724,-0.11156601955303576,-0.311726099944494,-0.37205296359643825,0.06281879586960065,-1.8256948042528913,1.8358072662690585,-0.9552020512977614,-1.1251735805789083,-1.0
2020-02-04,0.580063869793552,-0.6718158508694316,0.39129609185116915,-0.031885928948245455,-0.10432565028893326,-0.2578015319859394,-0.36693447010966984,-0.06459372011254409,-1.8256948042528913,1.8358072662690585,-0.6691844467648015,-0.9518359105721087,-1.0
2020-02-05,0.7134770859883125,-0.5425710559934341,0.7434767439654335,0.019272705811921365,-0.15240611231400036,-0.26005497302681674,-0.36469331784718395,-0.06459372011254409,-1.8256948042528913,1.8358072662690585,-0.6700572995793851,-0.7226199664527635,-1.0
2020-02-06,0.6560992525491933,-0.6415150915488618,0.6070655498226188,-0.07465121188768147,-0.12524756273018509,-0.2640860846780044,-0.3674369213691749,-0.06459372011254409,-1.8256948042528913,1.8358072662690585,-0.8519672842275381,-0.7009175484125326,-1.0
2020-02-07,0.6254765890948184,-1.0542070156536647,0.5741546536566563,-0.06583619156456223,-0.15556892740849038,-0.2770058943153682,-0.36636959955769494,-0.06459372011254409,-1.8256948042528913,1.8358072662690585,-1.1754387615017161,-0.9171344829517094,-1.0
2020-02-10,0.5698433620838156,-1.049422152834402,0.511835723440195,-0.20840335662069834,-0.1491968474270422,-0.2746322857728254,-0.3663135968072928,-0.06459372011254409,-1.8256948042528913,1.8358072662690585,-1.1318657923987911,-0.9401310444586104,-1.0
2020-02-11,0.5698433620838156,-1.0982295265296322,0.5618374260181983,-0.1390719581188295,-0.14004790801737113,-0.2675302239802339,-0.3621775590052198,-0.06459372011254409,-1.8256948042528913,1.8358072662690585,-1.2313902974940545,-0.851319021406475,-1.0
2020-02-12,0.731225062051152,-0.7163832150292744,0.7094650098298038,-0.08190769717422747,-0.1762825499629186,-0.2650985534852056,-0.3603817338554517,-0.06459372011254409,-1.8256948042528913,1.8358072662690585,-1.2021422717321846,-0.6381761019256916,-1.0
2020-02-13,0.8612509971905429,-0.8252663878421022,0.610652669036759,-0.10169797097291039,-0.1258323142640854,-0.2617947304753511,-0.3618003997022469,-0.06459372011254409,-1.8256948042528913,1.8358072662690585,-1.2648463673976578,-0.6967118114713058,-1.0
2020-02-14,0.8042784157370074,-0.9427307122396008,0.8258104633715697,-0.06661387611003354,-0.1574692144446855,-0.27606761015150877,-0.3583683977088777,-0.06459372011254409,-1.8256948042528913,1.8358072662690585,-1.2363241755328112,-0.5149789370447703,-1.0
2020-02-17,0.7597774336759003,-1.054832154626922,0.754627865599227,0.03200567922464916,-0.16534414877337703,-0.2770058943153682,-0.35152327359188923,-0.06459372011254409,-1.8256948042528913,1.8358072662690585,-1.1470968973417364,-0.44133395132723313,-1.0
2020-02-18,0.4419476249951839,-1.1848766856138515,0.6231625248884547,0.06492364546870147,-0.16534414877337703,-0.2737111256416366,-0.34931886413365915,-0.06459372011254409,-1.8256948042528913,1.8358072662690585,-1.1606732079890234,-0.6105802108847055,-1.0
2020-02-19,0.6466253164380606,-0.5263926213901914,0.5639848931542036,0.13164164470454282,-0.12090384679733501,-0.26994565168173434,-0.35156607944144586,-0.06459372011254409,-1.8256948042528913,1.8358072662690585,-1.2457998391122114,-0.7306684781056977,-1.0
2020-02-20,0.5879842671202717,-1.0069838148793562,0.5854414984211017,0.062081935697367384,-0.14483867894809044,-0.26992247296902394,-0.3571702721573122,-0.06459372011254409,-1.8256948042528913,1.8358072662690585,-1.3998509527478702,-0.7643588966932428,-1.0
2020-02-21,0.4870971757263329,-0.9145518853703516,0.46051878959252907,-0.0846691325348714,-0.1793372967888343,-0.28030714454667544,-0.3625089156411818,-0.06459372011254409,-1.8256948042528913,1.8358072662690585,-1.3539294814590686,-0.8721307119239693,-1.0
2020-02-24,0.4412702812820991,-1.5064383575291176,0.15790290999610443,-0.3773226546445324,-0.1633380824846427,-0.2850496051663238,-0.3653562673487743,-0.06459372011254409,-1.8256948042528913,1.8358072662690585,-1.3907106222071788,-1.0702389742073433,-1.0
2020-02-25,0.29617432472114025,-0.972601935822015,0.10107618506676007,-0.5108742161435961,-0.20767722774107558,-0.29580859745388516,-0.3642554744918411,-0.06459372011254409,-1.8256948042528913,1.8358072662690585,-1.4913747401232227,-0.9579451987943508,-1.0
2020-02-26,0.40450461400866833,-0.9800570091388285,0.008370494449195512,-0.5721989909496841,-0.26465634284870476,-0.30730286147288705,-0.3679924317398133,-0.06459372011254409,-1.8256948042528913,1.8358072662690585,-1.3696246390238465,-0.9279780985729026,-1.0
2020-02-27,0.26416222075099766,-1.5509643879488002,-0.29899589262518983,-0.8141871360635657,-0.3791120984437441,-0.3468315227764211,-0.37924730362932674,-0.06459372011254409,-1.8256948042528913,1.8358072662690585,-1.3744902761902722,-0.8638888681432946,-1.0
2020-02-28,0.08109164271010787,-1.3310677011423704,-0.26018935308839264,-1.0139380937898497,-0.646664368013537,-0.4309569366374845,-0.3994979772757501,-0.06459372011254409,-1.8256948042528913,1.8358072662690585,-1.558169446360883,-1.0247576310175055,-1.0
2020-03-02,0.30742346488942357,-0.4940604900497551,-0.1073117867271304,-1.0876809081006373,-0.773142722147085,-0.47461470308454146,-0.4113116714634551,-0.18846699953962878,-1.8256948042528913,2.3791150956037432,-1.339728186279583,-0.8705370704101331,-1.0
2020-03-03,0.15034982268952476,-0.8553559498858854,-0.18656211399850567,-0.9316346118451335,-1.1216401521906014,-0.5743382062317138,-0.4378832233019682,-0.18846699953962878,-1.8256948042528913,2.3791150956037432,-1.4720161193541106,-0.9188757443204639,-1.0
2020-03-04,0.0936256170324029,-1.013054399320625,0.13496590003300302,-1.081057490888328,-1.5150869062799013,-0.6809743993650503,-0.4682108276532411,-0.18846699953962878,-1.8256948042528913,2.3791150956037432,-1.3850884201535227,-0.8104747993375191,-1.0
2020-03-05,0.1628153011299279,-1.5413638516719204,-0.09732615925046237,-0.9223882887355672,-1.6276077561431022,-0.7179743023863602,-0.47730100531031244,-0.18846699953962878,-1.8256948042528913,2.3791150956037432,-1.864546678788606,-1.004699701982026,-1.0
2020-03-06,0.016284934695112507,-1.9549847952485735,-0.41063316413601697,-1.1459199792925887,-1.9127524028387848,-0.8021464478799382,-0.4998988451880186,-0.18846699953962878,-1.8256948042528913,2.3791150956037432,-2.273188168623366,-1.5164540411489746,0.0
2020-03-09,-0.3572543462520334,-2.790471998916301,-1.4953892119554562,-1.8153532518121223,-2.0404934700142463,-0.8377738151913975,-0.5109896811697617,-0.18846699953962878,-1.8256948042528913,2.3791150956037432,-2.604586320213182,-1.7837330452408873,1.0
2020-03-10,-0.20511712376450106,-2.193816566153986,-1.1764583396803507,-1.658207461123211,-1.9475348544722297,-0.808340189331218,-0.5031941216936046,-0.18846699953962878,-1.8256948042528913,2.3791150956037432,-2.1823452164718105,-1.3268803552488155,1.0
2020-03-11,-0.48378584708122946,-2.790471998916301,-1.6876008553476447,-1.711268567751261,-1.9885898866807439,-0.8173808442754292,-0.5059241707790441,-0.18846699953962878,-1.8256948042528913,2.3791150956037432,-1.5575624832105752,-1.0191878902601694,1.0
2020-03-12,-0.603571915116585,-2.790471998916301,-2.5753180492708587,-2.331219690576786,-2.134290673066053,-0.8651400629892663,-0.5180262147977991,-0.18846699953962878,-1.8256948042528913,2.3791150956037432,-2.0407731712247816,-1.5387598935095708,1.0
2020-03-13,-0.8274885075942668,-2.790471998916301,-1.9117129454319413,-2.206118142285329,-2.1830823332736737,-0.880852476280748,-0.5218095083115202,-0.18846699953962878,-1.8256948042528913,2.3791150956037432,-1.9586943519927218,-1.475899361140664,1.0
2020-03-16,-1.0202611134704727,-2.790471998916301,-3.115762107110479,-2.3794262501178216,-2.2702831728695565,-0.9086752539926551,-0.5289022680255582,-0.18846699953962878,-1.8256948042528913,2.3791150956037432,-3.0000336503825307,-2.3532387053045833,1.0
2020-03-17,-1.0558129608682172,-2.790471998916301,-2.8855115242019234,-2.2450606917133613,-2.2795553868811576,-0.9186487343048125,-0.5315036988840255,-0.18846699953962878,-1.8256948042528913,2.3791150956037432,-2.387739340127369,-1.9685183494224656,1.0
2020-03-18,-1.0599804920362297,-2.790471998916301,-3.32299602073665,-2.4752768181873828,-2.2795553868811576,-0.9636457105029806,-0.5435686258190077,-0.18846699953962878,-1.8256948042528913,2.3791150956037432,-1.6549721916363886,-1.367114394465725,1.0
2020-03-19,-1.295347366215487,-2.790471998916301,-3.32299602073665,-2.4752768181873828,-2.2795553868811576,-0.9636457105029806,-0.5435686258190077,-0.18846699953962878,-1.8256948042528913,2.3791150956037432,-2.4711291832230367,-1.806063350790311,1.0
2020-03-20,-1.276794531425664,-2.790471998916301,-3.32299602073665,-2.239805661499005,-2.2795553868811576,-0.9636457105029806,-0.5435686258190077,-0.18846699953962878,-1.8256948042528913,2.3791150956037432,-3.3006046297150853,-2.476830040158504,1.0
2020-03-23,-1.176756695142687,-2.790471998916301,-3.32299602073665,-2.132172694793023,-2.2795553868811576,-0.9636457105029806,-0.5435686258190077,-0.18846699953962878,-1.8256948042528913,2.3791150956037432,-3.3006046297150853,-2.5081984678428495,1.0
2020-03-24,-0.657334100878424,-2.790471998916301,-3.32299602073665,-1.6545685282106886,-2.2795553868811576,-0.9636457105029806,-0.5435686258190077,-0.18846699953962878,-1.8256948042528913,2.3791150956037432,-3.3006046297150853,-2.5081984678428495,1.0
2020-03-25,-0.49360971190414443,-2.790471998916301,-3.32299602073665,-1.7507910232557604,-2.2795553868811576,-0.9636457105029806,-0.5435686258190077,-0.18846699953962878,-1.8256948042528913,2.3791150956037432,-3.3006046297150853,-2.4645337633125015,1.0
2020-03-26,-0.6753211368560935,-2.790471998916301,-2.7961894733087513,-1.4151533839364852,-2.2795553868811576,-0.9636457105029806,-0.5435686258190077,-0.18846699953962878,-1.8256948042528913,2.3791150956037432,-3.3006046297150853,-2.206407872069951,1.0
2020-03-30,-0.6480935315727947,-2.790471998916301,-2.5270757817204887,-1.5075735519991487,-2.2795553868811576,-0.9636457105029806,-0.5435686258190077,-0.18846699953962878,-1.8256948042528913,2.3791150956037432,-3.3006046297150853,-2.3099083606192066,1.0
2020-03-31,-0.61273393841259,-2.790471998916301,-2.6712690321085653,-1.5600493239686688,-2.2795553868811576,-0.9636457105029806,-0.5435686258190077,0.9263925153041335,-1.8256948042528913,-0.24156226415789742,-3.3006046297150853,-2.281043852500417,1.0
2020-04-01,-0.7164219690207851,-2.790471998916301,-3.269209619219531,-1.7841977232599624,-2.2795553868811576,-0.9636457105029806,-0.5435686258190077,0.9263925153041335,-1.8256948042528913,-0.24156226415789742,-3.3006046297150853,-2.394910134452258,1.0
2020-04-02,-0.8140616600130453,-2.790471998916301,-3.063759186035513,-1.7932947693163779,-2.2795553868811576,-0.9636457105029806,-0.5435088796948634,0.9263925153041335,-1.8256948042528913,-0.6488217076294749,-3.3006046297150853,-2.484146193020443,1.0
2020-04-03,-0.7488679221393555,-2.790471998916301,-3.32299602073665,-1.8143843174400345,-2.2795553868811576,-0.9636457105029806,-0.5435686258190077,0.9263925153041335,-1.8256948042528913,-0.6488217076294749,-3.3006046297150853,-2.5081984678428495,1.0
2020-04-06,-0.5643740568431737,-2.790471998916301,-2.9693083653588106,-1.586697594637882,-2.2132162332265297,-0.9636457105029806,-0.5435686258190077,0.9263925153041335,-1.8256948042528913,-0.6488217076294749,-3.3006046297150853,-2.4279944561865165,1.0
2020-04-07,-0.33345474879820614,-1.4031206445051854,-2.9525854792176798,-1.566327591900697,-1.6360729845934068,-0.9348378784608612,-0.5339964760124443,0.9263925153041335,-1.8256948042528913,-0.6488217076294749,-3.3006046297150853,-2.3265929342594185,1.0
2020-04-08,-0.2981789447984725,-2.1548072441217645,-2.3365280560710366,-1.514073103261871,-1.4309296654403183,-0.9073897001774694,-0.5254868841518263,0.9263925153041335,-1.8256948042528913,-0.6488217076294749,-3.3006046297150853,-2.2171285615954135,1.0
2020-04-09,-0.2621464286557004,-1.3122206620724652,-1.0126614645340573,-1.1934550756604827,-1.2025086364940833,-0.8961882065626281,-0.5213349715824209,0.9263925153041335,-1.8256948042528913,-0.6488217076294749,-3.3006046297150853,-2.1656899338247793,1.0
2020-04-14,-0.3354289792933721,1.3928912014352341,-1.271539953681635,-1.0559109927685515,-1.122464340655783,-0.9186487343048125,-0.5280782372774556,0.9263925153041335,-1.8256948042528913,-0.6488217076294749,-3.114356429791283,-2.135278628505695,1.0
2020-04-15,-0.406746365673133,-0.6378429667523603,-1.571537851537775,-1.2595547381844523,-1.433557908179995,-0.941363497363638,-0.5353602101128458,0.9263925153041335,-1.8256948042528913,-0.6488217076294749,-3.3006046297150853,-2.5081984678428495,1.0
2020-04-16,-0.37172094312266196,2.304122456521464,-1.6085676125975836,-1.1109307675657556,-1.145713799061165,-0.9440937255385916,-0.5360528991493083,0.9263925153041335,-1.8256948042528913,-0.6488217076294749,-3.3006046297150853,-2.5081984678428495,1.0
2020-04-17,-0.28252984806691417,1.3576841728341138,-1.5450417553961207,-1.1238619020692662,-1.075384972565729,-0.9475704221138773,-0.5370966172162346,0.9263925153041335,-1.8256948042528913,-0.6488217076294749,-3.3006046297150853,-2.5081984678428495,1.0
2020-04-20,-0.363711323564127,2.304122456521464,-1.8594250473185547,-1.063911846649537,6.230914586766084,-0.9631539638530173,-0.5419976147757395,0.9263925153041335,-1.8256948042528913,-0.6488217076294749,-3.3006046297150853,-2.5081984678428495,1.0
2020-04-21,-0.4606844733048571,2.304122456521464,-2.2863300186749442,-1.5637606143797904,-2.2795553868811576,-0.9493157530279446,-0.537905074555689,0.9263925153041335,-1.8256948042528913,-0.6488217076294749,-3.3006046297150853,-2.5081984678428495,1.0
2020-04-22,-0.47998322485601747,2.304122456521464,-2.1036934969223173,-1.4620134463013799,-2.2795553868811576,-0.9520024407462307,-0.5386473754023653,0.9263925153041335,-1.8256948042528913,-0.6488217076294749,-3.3006046297150853,-2.5081984678428495,1.0
2020-04-23,-0.5090179019446038,2.304122456521464,-2.1219493383393746,-1.3184854776378683,-2.2795553868811576,-0.9520607997591921,-0.5386473754023653,0.9263925153041335,-1.8256948042528913,-0.6488217076294749,-3.3006046297150853,-2.5081984678428495,1.0
2020-04-24,-0.6200296110369881,1.5373509545054234,-2.327909379110214,-1.5756113934188847,-2.2795553868811576,-0.9479412320295575,-0.5375162275298532,0.9263925153041335,-1.8256948042528913,-0.6488217076294749,-3.3006046297150853,-2.5081984678428495,1.0
2020-04-27,-0.3765958545028891,1.2123565687676374,-2.2605826072344857,-1.2611461998475912,-2.2795553868811576,-0.9517674501241216,-0.538561884405498,0.9263925153041335,-1.8256948042528913,-0.6488217076294749,-3.06715715931988,-2.5081984678428495,1.0
2020-04-28,-0.4220638615025549,0.4475980739720651,-2.2199485856998917,-1.03954701823874,-2.2795553868811576,-0.9562541791069233,-0.5398195079132284,0.9263925153041335,-1.8256948042528913,-0.6488217076294749,-3.2968394842503868,-2.5081984678428495,1.0
2020-04-29,-0.5123934765466447,2.304122456521464,-1.8605568299118227,-0.9856688555945652,-2.2795553868811576,-0.9536255082105289,-0.5390927561315941,0.9263925153041335,-1.8256948042528913,-0.6488217076294749,-3.040424713408979,-2.5081984678428495,1.0
2020-04-30,-0.47908746103629046,1.531038680863948,-1.8147194229269228,-0.9315918340876653,6.230914586766084,-0.9538484639171801,-0.5389262587407864,0.9263925153041335,-1.8256948042528913,-0.6488217076294749,-2.79955045634249,-2.5081984678428495,1.0
2020-05-04,-0.4767076744877599,0.8090938021998703,-2.181290464657886,-1.0479937708950904,4.56024952405116,-0.9533434922287536,-0.5388414442407208,0.9263925153041335,-0.034427353550179986,-0.6488217076294749,-2.8135114858051824,-2.5081984678428495,1.0
2020-05-05,-0.39220593761820816,1.9050543266451643,-1.968597269772023,-1.0756099273164563,1.585658405225493,-0.9440937255385916,-0.5358163915687937,0.9263925153041335,-0.034427353550179986,-0.6488217076294749,-2.7314116249647977,-2.5081984678428495,1.0
2020-05-06,-0.40794087464086815,1.095496445394383,-2.0171040352954295,-1.452010904237431,1.3852286839498067,-0.9457066835637643,-0.5350611373860775,0.9263925153041335,-0.034427353550179986,-1.0759027904074598,-2.6726732278797516,-2.3499434222254716,1.0
2020-05-07,-0.5271060675709962,1.7013907408521134,-2.0548041586882633,-1.4104264513050782,1.3292283342340676,-0.951259707583475,-0.5370208109147787,0.9263925153041335,-0.034427353550179986,-1.0759027904074598,-2.9853077145375866,-2.5081984678428495,1.0
2020-05-08,-0.506632691182558,0.9827848598621615,-1.8952264773585146,-1.3750232228716939,1.1997148155840403,-0.9515534998200145,-0.5372056418038657,0.9263925153041335,-0.034427353550179986,-1.0759027904074598,-2.678222557074461,-2.466694862225715,1.0
2020-05-11,-0.4639649352611924,0.7290844530524319,-1.9708388273155444,-1.426546227368114,-0.6102790341735695,-0.9464626466523408,-0.5357670702524526,0.9263925153041335,-0.034427353550179986,-1.0759027904074598,-2.4447182603324347,-2.5081984678428495,1.0
2020-05-12,-0.39811967919208124,0.42807143029102357,-1.9731999384105359,-1.389262115867447,-0.9790227002933732,-0.9380112092656258,-0.5328677122064988,0.9263925153041335,-0.034427353550179986,-1.0759027904074598,-2.4836976149296794,-2.5079221310191357,1.0
2020-05-13,-0.4511528312848549,0.46536302316623746,-2.077857374945594,-1.5367025748609882,-1.2571463705542965,-0.942433323356632,-0.5341778203605134,0.9263925153041335,-0.034427353550179986,-1.0759027904074598,-2.6821001226012,-2.5081984678428495,1.0
2020-05-14,-0.4977662585163976,0.03867139528247088,-2.171314944141342,-1.745364764154432,-1.046631787870474,-0.9470135928304048,-0.5356786615196554,0.9263925153041335,-0.034427353550179986,-1.0759027904074598,-2.8846339627483926,-2.5081984678428495,1.0
2020-05-15,-0.43946938530439983,0.29616995707530336,-2.1289487514330405,-1.754354610877869,-0.4315625227749991,-0.9482630225816393,-0.5360308241820233,0.9263925153041335,-0.034427353550179986,-1.0759027904074598,-2.7496975114132756,-2.5081984678428495,1.0
2020-05-18,-0.6047292687139001,1.0068452510576977,-1.7547495358268796,-1.5457599925299317,-0.2918593287835494,-0.9470135928304048,-0.5359303491033498,0.9263925153041335,-0.034427353550179986,-1.0759027904074598,-2.2834238807857226,-2.438473704989911,1.0
2020-05-19,-0.5958744942825678,0.3585781821673005,-1.7047624783475905,-1.5145863441299408,0.1614229256363902,-0.940922611753678,-0.5339087348665804,0.9263925153041335,-0.034427353550179986,-1.0759027904074598,-2.3151636620951725,-2.403477412673894,1.0
2020-05-20,-0.5404915549008303,0.9151633628417775,-1.459912186860914,-1.378215368351277,1.4425769289151678,-0.940922611753678,-0.5338237757155785,0.9263925153041335,-0.034427353550179986,-1.0759027904074598,-2.14808924208548,-2.299159506214558,1.0
2020-05-21,-0.6468737759520067,1.2787938057465378,-1.531562243569861,-1.6051668326374706,0.10643176526454312,-0.9449381226082716,-0.5350868544864538,0.9263925153041335,-0.034427353550179986,-1.0759027904074598,-2.1706765248093953,-2.368653354861609,1.0
2020-05-22,-0.701776746651098,0.24387627055910402,-1.4490807114516644,-1.545132802680782,0.2495826074374974,-0.9447714392834675,-0.5350298376986199,0.9263925153041335,-0.034427353550179986,-1.0759027904074598,-2.194006762515447,-2.4823455486948145,1.0
2020-05-25,-0.611085749342074,0.3209368644661719,-1.3696889628439262,-1.1248786317190989,0.2495826074374974,-0.9440937255385916,-0.5350526890073247,0.9263925153041335,-0.034427353550179986,-1.0759027904074598,-2.102814411922294,-2.3921867948318796,1.0
2020-05-26,-0.5164250707826143,0.8168381010312918,-1.156024930619382,-0.8770285167181572,0.2429508699814752,-0.9397455045205179,-0.5337257207317946,0.9263925153041335,-0.034427353550179986,-1.0759027904074598,-1.6223882743701274,-2.0953179263158597,1.0
2020-05-27,-0.5202342889363368,0.45511513667966347,-1.1145980520064067,-0.6978764574175401,0.8872552876964954,-0.9310471749910952,-0.5311675947034445,0.9263925153041335,-0.034427353550179986,-1.0759027904074598,-1.5474027354374493,-2.1118397285724066,1.0
2020-05-28,-0.5164295087695594,0.2658671325331936,-1.1783473941044382,-0.6132966480298933,1.2950654420813168,-0.9290583002202876,-0.5308778889486264,0.9263925153041335,-0.034427353550179986,-1.0759027904074598,-1.4646638447128602,-1.9761287841323592,1.0
2020-05-29,-0.6556818523823286,0.02161915437317989,-1.1477777561218725,-0.33783368528991886,0.8175363939673587,-0.9302184734361737,-0.5324672933859911,0.9263925153041335,-0.034427353550179986,-1.0759027904074598,-1.4632977335773432,-1.978448010948415,1.0
2020-06-02,-0.5651879611825645,1.48495058178191,-0.7799055088395821,0.12043123574917036,1.265607346408232,-0.9114257462179477,-0.5301021345017007,0.9263925153041335,-0.034427353550179986,-1.0759027904074598,-0.963428078487355,-1.7702719001025726,1.0
2020-06-03,-0.5228980283067479,2.304122456521464,-0.702281324468411,0.3875041020653402,1.3446788988840737,-0.9024282840444592,-0.5296396773413348,1.0821189237267546,-0.034427353550179986,-1.0759027904074598,-0.940310752865446,-1.6055615454172945,1.0
2020-06-04,-0.46167643475770953,2.147963647679879,-0.7732243906204399,0.27910678910410536,0.4629131692539786,-0.8865274217582749,-0.5308728941385988,1.0821189237267546,-0.034427353550179986,-1.0759027904074598,-0.4667724742556146,-1.3817327412179445,1.0
2020-06-05,-0.3530003141807076,2.304122456521464,-0.5073091175202293,0.500423849101545,0.6286434156900532,-0.8417142804043386,-0.5297392751516449,1.0821189237267546,-0.034427353550179986,-1.0759027904074598,-0.5536135600357245,-1.3786219219922293,1.0
2020-06-08,-0.2937616074637411,2.304122456521464,-0.46419236760303034,0.5332120617114987,1.2642203672802452,-0.8112717853701354,-0.5284548709849978,1.0821189237267546,-0.034427353550179986,-1.0759027904074598,-0.2266137997472552,-1.5015725424168271,1.0
2020-06-09,-0.4026992410267098,2.1344794648478227,-0.6129348774681379,0.789778111863598,1.5638595781429825,-0.7102613395440057,-0.5265725703619814,1.0821189237267546,-0.034427353550179986,-1.0759027904074598,0.39321751158163165,-1.3998431702220544,1.0
2020-06-10,-0.30957507242033855,2.304122456521464,-0.7146724935276066,1.5555408855740778,1.1714752592073854,-0.6366079280583585,-0.5258814731882654,1.0821189237267546,-0.034427353550179986,-1.0759027904074598,0.43422028107263333,-1.6180220700920898,1.0
2020-06-11,-0.37735237293252305,1.322416055634873,-1.33545523918255,1.0617012595013067,0.3945364086903156,-0.7140606687144931,-0.5277315166228456,1.0821189237267546,-0.034427353550179986,-1.0759027904074598,-0.5418360297202208,-1.928339566846719,1.0
2020-06-12,-0.4384660559111815,1.8379523718654132,-1.1455383024633783,0.9771503615276526,0.5379216451613074,-0.7030561188665461,-0.5280033726465992,1.0821189237267546,-0.034427353550179986,-1.0759027904074598,-1.1363044736584869,-1.8840453926367124,1.0
2020-06-15,-0.6273075956506388,1.5454153080979045,-0.9276017110236411,1.8822707396571081,0.9455568584615874,-0.5878706557982732,-0.5274919413492166,1.0821189237267546,-0.034427353550179986,-1.0759027904074598,-0.566366961970778,-1.8450786397924885,1.0
2020-06-16,-0.4161064128748875,2.001235291706821,-0.8898383601772529,2.0762939934585454,1.1287039729877353,-0.5226599704969317,-0.5269758477868097,1.0821189237267546,-0.034427353550179986,-1.0759027904074598,-0.4793761723195536,-1.7316279550343827,1.0
2020-06-17,-0.4460149371083805,1.3513349013766858,-1.0424267139403576,2.107486113984174,1.1714752592073854,-0.3547576681726208,-0.5262660774437434,1.0821189237267546,-0.034427353550179986,-1.0759027904074598,0.6952435720196758,-1.7513359272967977,1.0
2020-06-18,-0.591401693608982,1.5421010445184362,-1.1020934003430785,2.107486113984174,0.2582290914658533,-0.385976229221275,-0.5303792032665786,1.0821189237267546,-0.034427353550179986,-1.0759027904074598,-0.4943482700183923,-2.042126501985572,1.0
2020-06-19,-0.5501422317069,1.2446478949828839,-1.2009168559089543,2.107486113984174,0.31853790470713667,5.530567302284733,-0.5298025324344645,1.0821189237267546,-0.034427353550179986,-1.0759027904074598,-1.1547195909553403,-1.9620507151572701,1.0
2020-06-22,-0.5206053973197632,1.7749822683107843,-1.2604794190611217,2.107486113984174,0.4629131692539786,-0.9636457105029806,-0.5303068263463446,1.0821189237267546,-0.034427353550179986,-1.0759027904074598,-0.32625714371307396,-1.9954436704447993,1.0
2020-06-23,-0.4165186428649598,2.304122456521464,-1.296734699091422,2.107486113984174,0.4629131692539786,-0.9636457105029806,-0.5303792032665786,1.0821189237267546,-0.034427353550179986,-1.0759027904074598,1.0226553816721136,-1.902094214757292,1.0
2020-06-24,-0.38949896748677443,2.16787344446176,-1.5653847428940824,2.107486113984174,0.3550886414423463,-0.9636457105029806,-0.5309993217607176,1.0821189237267546,-0.034427353550179986,-1.0759027904074598,1.519629765678577,-2.1061798072311193,1.0
2020-06-25,-0.3056560660859805,1.7679337131130517,-1.5457942428768514,1.5456002050885633,0.057200013551418245,-0.9636457105029806,-0.5319961026574439,1.0821189237267546,-0.034427353550179986,-1.0759027904074598,1.0611060050655272,-2.1032401638336498,1.0
2020-06-26,-0.1890354879417039,1.4216370523492063,-1.722911885849719,1.6846051833255506,-0.21917755251218177,-0.9636457105029806,-0.531455503314271,1.0821189237267546,-0.034427353550179986,-1.0759027904074598,0.6523153227102093,-2.2025893327464754,1.0
2020-06-29,-0.22959747952734536,1.6791259587841436,-1.8565761267635534,1.23554113924501,-0.4074972255771865,-0.9636457105029806,-0.5326147102809199,1.0821189237267546,-0.034427353550179986,-1.0759027904074598,0.3640935019891839,-2.1788699253583057,1.0
2020-06-30,-0.1688420450177144,1.2247110917580313,-1.6975384071745814,1.7754477742327797,-0.05430815168047652,-0.9636457105029806,-0.5309993217607176,1.0821189237267546,-0.034427353550179986,-1.0759027904074598,0.6888622578692929,-2.1689653403243563,1.0
2020-07-01,0.012676066155963374,0.46114344633026944,-1.6143591389575407,1.5126205735220268,-0.4294286427597674,5.530567302284733,-0.5314057018731119,6.056998525029713,-0.034427353550179986,-0.795848542893431,0.6794182806900471,-2.1882955809070794,1.0
2020-07-02,0.04122894132953773,0.4501137491770042,-1.5654050273394626,1.7513781567085447,-0.42445442999081384,2.192261506757519,-0.5309919873801563,6.056998525029713,-0.034427353550179986,-0.795848542893431,0.6645426166015047,-2.1619958338382688,1.0
2020-07-03,0.15690742106528624,0.7549854685007361,-1.5429118211011514,2.107486113984174,-0.3026417207391794,0.5221097267740146,-0.5306714392729328,6.056998525029713,-0.034427353550179986,-0.795848542893431,0.9818390105349111,-2.0346330962934487,1.0
2020-07-06,0.37654645960917166,1.1069579095129702,-1.361744473021224,2.107486113984174,-0.462147664317822,0.4200689364663997,-0.5317016675716392,6.056998525029713,-0.034427353550179986,-0.795848542893431,1.3943413988781204,-2.0194952697066832,1.0
2020-07-07,0.41199028417885175,0.6088235582291621,-1.4895623845591874,2.107486113984174,-0.38558912770123216,0.7397999136123645,-0.529937704060054,6.056998525029713,-0.034427353550179986,-0.795848542893431,1.2270333127514026,-2.1859465889486875,1.0
2020-07-08,0.43552796180405795,1.3168608521820135,-1.4504881045279123,1.9783536887192563,-0.6153331605285143,0.6219992905137576,-0.5306400645272122,6.056998525029713,-0.034427353550179986,-0.795848542893431,1.4231916459849965,-2.0873749504358887,1.0
2020-07-09,0.22025860160755611,1.1552282954392143,-1.5564216153742074,2.107486113984174,-0.7878525900424699,-0.30509981693789673,-0.5326718476689035,6.056998525029713,-0.034427353550179986,-0.795848542893431,0.7745165297634041,-2.240459546982483,1.0
2020-07-10,0.12751942515525402,2.2189347462130304,-1.4888413671046745,2.107486113984174,-0.6956730877581229,-0.5296992317634366,-0.5331285775127627,6.056998525029713,-0.034427353550179986,-0.795848542893431,0.8131234284396189,-2.103163231340566,1.0
2020-07-13,0.07956733505231593,1.5865076987954885,-1.6094840395100452,1.8186310890547857,-0.5793916957265669,-0.5681122892176601,-0.5324833231579454,6.056998525029713,-0.034427353550179986,-0.795848542893431,0.5393142008142631,-2.15656013390491,1.0
2020-07-14,-0.054338097067406804,1.8240359251539764,-1.419310905953215,1.3815306015361513,-0.5207257387743581,-0.41648791260271034,-0.5314829522180278,6.056998525029713,-0.034427353550179986,-0.795848542893431,0.3184303514292568,-2.063155108512371,1.0
2020-07-15,0.04123627336713331,1.748650238022314,-1.2983330566455908,1.9632509265203928,-0.70294063102674,-0.21446642436740562,-0.5324568369455376,6.056998525029713,-0.034427353550179986,-0.795848542893431,1.0083547007193825,-1.9495455760565266,1.0
2020-07-16,-0.07111705696009463,1.2163852594012232,-1.2844563090840007,1.6588462670523771,-1.075384972565729,-0.3227734214541555,-0.536084919520391,6.056998525029713,-0.034427353550179986,-0.795848542893431,1.217864072709442,-2.0425466305816653,1.0
2020-07-17,-0.066444193446718,1.3299198023353263,-1.2050887556406475,1.4308353129084004,-0.7770701687347817,-0.2630407905305456,-0.5358218538980788,6.056998525029713,-0.034427353550179986,-0.795848542893431,1.0732285431686757,-2.0181977420752952,1.0
2020-07-20,0.002958936319711645,1.6211013150813969,-1.0710100501990047,1.609408028744835,-0.8143941517115538,0.082596101152709,-0.5358218538980788,6.056998525029713,-0.034427353550179986,-0.795848542893431,1.2377073757194126,-2.050960841958639,1.0
2020-07-21,0.19531914161912134,1.5535300108915766,-0.9176427661400391,2.107486113984174,-0.6923507714608634,-0.18894007339511057,-0.5347979770188308,6.056998525029713,-0.034427353550179986,-0.795848542893431,1.6682538961659805,-1.877746123697656,1.0
2020-07-22,0.08794410858565994,1.2425911905198679,-0.9131277607279987,2.107486113984174,-0.8617894397670285,-0.2228722616422258,-0.5365091742676298,6.056998525029713,-0.034427353550179986,-0.795848542893431,1.559787164276646,-1.8477880047565298,1.0
2020-07-23,0.10696850315171767,1.3590293763785672,-0.85969476930059,2.107486113984174,-0.746320188346181,-0.1996721415849002,-0.5360525049070055,6.056998525029713,-0.034427353550179986,-0.795848542893431,1.3632670956710682,-1.911984094873258,1.0
2020-07-24,0.07317755296935452,1.2450272299123062,-0.7421164221002865,1.9899983860043313,-0.7679464642464625,-0.29139000460092185,-0.5365868666961218,6.056998525029713,-0.034427353550179986,-0.795848542893431,1.3828235986633217,-1.774014143263643,1.0
2020-07-27,0.08134341450372026,1.8641696920902022,-0.5328499536893722,2.107486113984174,-0.8974607410055281,-0.2770058943153682,-0.5375465001995614,6.056998525029713,-0.034427353550179986,-0.795848542893431,1.2089082379403524,-1.4918268775096224,1.0
2020-07-28,0.13177100278650503,1.576132688488239,-0.7891474212623543,1.9436647726779817,-0.6015316056189735,-0.124703864653059,-0.5362133055384074,6.056998525029713,-0.034427353550179986,-0.795848542893431,1.2472757854416228,-1.6450478190539846,1.0
2020-07-29,0.03796102229865129,2.0119939314433197,-0.6493065387344025,1.9865541031222753,-0.9747485940516958,-0.2770058943153682,-0.5381697625352933,6.056998525029713,-0.034427353550179986,-0.795848542893431,1.187886858432394,-1.4840339840649885,1.0
2020-07-30,0.15471255561781685,1.4702419838900795,-0.6242623661823258,1.6209460262084139,-1.0051605959907322,-0.3169616956886177,-0.5390339747631883,6.056998525029713,-0.034427353550179986,-0.795848542893431,0.8274325347383732,-1.5206049724098007,1.0
2020-07-31,0.06964824869231084,0.8228235690392965,-0.48643884238673796,1.83072687538969,-1.0758173658462131,-0.3329440400534182,-0.5391935331223582,5.8137564490636535,-0.9970083226186803,-0.2897315397892547,0.8058793396284063,-1.5443009691336518,1.0
2020-08-03,0.16650516465986642,0.9731904080260365,-0.47702972645083114,1.964921388267752,-1.1649955453805863,-0.48622888248032814,-0.5400580418820735,5.8137564490636535,-0.9970083226186803,-0.2897315397892547,0.8565905751072773,-1.4514322214819397,1.0
2020-08-04,0.1186726306639789,0.35042820453032264,-0.6223027141506058,2.09969321142618,-0.8882642683048824,-0.39687323062709373,-0.5383369404906956,5.8137564490636535,-0.9970083226186803,-0.2897315397892547,0.51987211397488,-1.6152596442666551,1.0
2020-08-05,0.1094270280602545,0.9452735337214839,-0.675912550635701,1.9540578690026926,-0.9465088370409469,-0.2770058943153682,-0.5373761843175399,5.8137564490636535,-0.9970083226186803,-0.2897315397892547,1.0393752440044242,-1.5318260840153752,1.0
2020-08-06,0.027727313941641896,0.460426521049166,-0.643026806559528,1.8593902279218968,-1.0098915062631808,-0.32999987348548165,-0.5385784821985972,5.8137564490636535,-0.9970083226186803,-0.2897315397892547,0.6666336217819476,-1.528717435696955,1.0
2020-08-07,-0.028713998570031814,0.02218722629935143,-0.6656675794912987,2.107486113984174,-0.859034412991434,-0.393448442069641,-0.538468793174217,5.8137564490636535,-0.9970083226186803,-0.2897315397892547,0.6281409280172034,-1.3787392279392328,1.0
2020-08-10,-0.024582644631066453,0.21024911816742284,-0.6861492214627146,1.9200131255651074,-0.8166057738451049,-0.4816574752350957,-0.5384871947684144,5.8137564490636535,-0.9970083226186803,-0.2897315397892547,0.8137917135800325,-1.2916942100234072,1.0
2020-08-11,-0.014500220476001678,0.29469595303136525,-0.9087054425381114,2.107486113984174,-0.6584629842731615,-0.37081512253508503,-0.5367683581964288,5.8137564490636535,-0.9970083226186803,-0.2897315397892547,1.0745264294377392,-1.2797303418782717,1.0
2020-08-12,-0.17436122447010163,0.5495452981652023,-0.9624120705403324,2.107486113984174,-0.7726111833486303,-0.3112536754608029,-0.5367377016430274,5.8137564490636535,-0.9970083226186803,-0.2897315397892547,1.4907811023209023,-1.1800787412721923,1.0
2020-08-13,-0.13635042778317813,0.4225063755682907,-1.0317137994416008,2.107486113984174,-0.8482342935840128,-0.3677791989770998,-0.5384009018376226,5.8137564490636535,-0.9970083226186803,-0.2897315397892547,1.5855003388231974,-1.0169736725523009,1.0
2020-08-14,-0.13534985416257755,0.6889864914327258,-1.0693786012009012,1.895161026267665,-0.5294922062377835,-0.393448442069641,-0.538623679884315,5.8137564490636535,-0.9970083226186803,-0.2897315397892547,1.2240052374927577,-0.8816799279372486,1.0
2020-08-17,-0.0992923760843332,0.8394119992271942,-0.9353555715466424,1.8588848859597302,-0.6358711051478223,-0.4781392329134349,-0.5390951741518947,5.8137564490636535,-0.9970083226186803,-0.2897315397892547,1.3442424239597324,-0.8300861169591884,1.0
2020-08-18,0.14589173737050387,0.539788289828618,-0.8541886638760645,1.6396290077901787,-0.2969936723513607,-0.3867149839678669,-0.5367377016430274,5.8137564490636535,-0.9970083226186803,-0.2897315397892547,1.2388103766024177,-0.7684468001384394,1.0
2020-08-19,-0.045641414746968784,0.08306421615898835,-0.9289420265943571,1.9229611653451015,-0.5075085450780343,-0.375079180673777,-0.5376009374219807,5.8137564490636535,-0.9970083226186803,-0.2897315397892547,1.2983174964848814,-0.7478716026242618,1.0
2020-08-20,-0.182565604365634,0.10787398100634421,-0.8923730191545979,1.9388182615764635,-0.46869170606825755,-0.4208467078125643,-0.53865065765076,5.8137564490636535,-0.9970083226186803,-0.2897315397892547,1.391329757531009,-0.706657557106096,1.0
2020-08-21,-0.10386638282752755,0.3835735813973968,-0.874471566853362,1.4097621721178506,-0.5294922062377835,-0.4208467078125643,-0.538468793174217,5.8137564490636535,-0.9970083226186803,-0.2897315397892547,1.1845545841444665,-0.7684053747941471,1.0
2020-08-24,-0.12290321561169282,0.6387533769590175,-0.5216221967092878,1.663932066661966,-0.4987064444041015,-0.4781392329134349,-0.5388107512619222,5.8137564490636535,-0.9970083226186803,-0.2897315397892547,0.8663433235793713,-0.6100861570520574,1.0
2020-08-25,-0.025167090966479257,0.5226716201848938,-0.3347840613936056,1.634554104918437,-0.13302092470141244,-0.4901034222543633,-0.5370726007097893,5.8137564490636535,-0.9970083226186803,-0.2897315397892547,0.8948133681870254,-0.5347892388164276,1.0
2020-08-26,0.0067532268211962935,0.7572103257046102,-0.36163371155689383,1.7792948761214689,-0.4143396270618805,-0.5115289361645042,-0.5372741681775476,5.8137564490636535,-0.9970083226186803,-0.2897315397892547,0.8372255173233408,-0.5106207971841369,1.0
2020-08-27,0.12267741084762834,0.23579802735218477,-0.08020814776585958,1.5669419867044463,-0.05224911225948133,-0.46242572501559825,-0.5360251090008936,5.8137564490636535,-0.9970083226186803,-0.2897315397892547,1.1882217247528868,-0.2764881459661536,1.0
2020-08-28,0.21272124310206808,0.7876145422783976,-0.15664609795467752,1.319333844454363,0.09504081163275635,-0.5250072892508602,-0.5338212091532943,5.8137564490636535,-0.9970083226186803,-0.2897315397892547,1.1009084053106393,0.04652269705678495,1.0
2020-08-31,0.02840559845353528,0.4540643141724686,-0.3660161069954873,0.9555432636905871,0.15892569806503468,-0.534558714008915,-0.532261620413476,3.9894408793193166,-0.9970083226186803,-0.10705639555544105,0.653123772859835,-0.24219873806210435,1.0
2020-09-01,0.16447875107689414,0.6687113640196856,-0.13892857403979722,0.9522673319838864,0.48503099544340894,-0.4824927652720894,-0.5261744446290416,3.9894408793193166,-0.9970083226186803,-0.10705639555544105,0.10390462767185873,-0.2750624751484681,1.0
2020-09-02,0.22980259792611699,0.32949852858752965,-0.42955399772914765,1.0226801731169517,0.0795366121576608,-0.500207134975275,-0.516713739522769,3.9894408793193166,-0.9970083226186803,-0.10705639555544105,-0.15607047173943583,-0.5196416547703178,1.0
2020-09-03,0.25126590855678793,-0.29775549427390213,-0.2791466014194712,0.8176894794949494,-0.059185000114616367,-0.5261419280420607,-0.5119083027566798,3.9894408793193166,-0.9970083226186803,-0.10705639555544105,-0.26491781025844297,-0.3635609242668948,1.0
2020-09-04,0.2316476350700451,-0.35281092891346855,-0.07716237485272026,0.4898462956873299,0.22030774067097558,-0.5472522885092523,-0.4925781724323584,3.9894408793193166,-0.9970083226186803,-0.10705639555544105,0.19907393118674463,0.41758623082134155,1.0
2020-09-07,0.30997292878037186,0.07756425920399791,0.9807825142992007,0.7666888476548012,0.22030774067097558,-0.5472522885092523,-0.47715556773220463,3.9894408793193166,-0.9970083226186803,-0.10705639555544105,0.36827991253961584,0.5720774890404281,1.0
2020-09-08,0.17387742921605834,-0.33779245075481995,0.4742368105461679,0.8522057357803994,0.35508860127454134,-0.48853647973767017,-0.48564704054865077,3.9894408793193166,-0.9970083226186803,-0.10705639555544105,0.6217287672461661,0.032735576254371436,1.0
2020-09-09,0.32745542908527725,0.025621843667528347,1.2037138885310767,1.2182573422412581,-0.06542766211796704,-0.49276715028441337,-0.48361983760633975,3.9894408793193166,-0.9970083226186803,-0.10705639555544105,0.49533310397410096,-0.49499345901635594,1.0
2020-09-10,0.40611426048444554,-0.5829350093542411,1.959688884647754,1.1919672701490673,-0.1128704180433912,-0.518287262013842,-0.46143387550574677,3.9894408793193166,-0.9970083226186803,-0.10705639555544105,0.3404849865454665,-0.18194078026422625,1.0
2020-09-11,0.7099474324434499,-0.32695197303038076,1.380502406113234,0.8029371929321069,0.15860796825757528,-0.5332223324728201,-0.4501967998899053,3.9894408793193166,-0.9970083226186803,-0.10705639555544105,0.1705532349673011,-0.237417340452697,1.0
2020-09-14,0.871319121251913,0.04289980237909464,1.959688884647754,0.700018389251499,0.13943930464444587,-0.5603287196047699,-0.4220498572248269,3.9894408793193166,-0.9970083226186803,-0.10705639555544105,0.30792905218331756,0.7186513608913916,1.0
2020-09-15,0.9932707468035838,-0.001085499427255566,1.959688884647754,0.6696733426026513,0.23457864156321212,-0.4824927652720894,-0.4062432760085769,3.9894408793193166,-0.9970083226186803,-0.10705639555544105,0.610271809373904,0.06002676648135848,1.0
2020-09-16,1.0628264511238021,-0.005554195061463411,1.959688884647754,0.4909642592854389,-0.18403464030069674,-0.4932700704530297,5.186745167234447,3.9894408793193166,-0.9970083226186803,-0.10705639555544105,0.6811751333060582,-0.3829873373527305,1.0
2020-09-17,1.504566910921948,0.1697088804208458,1.959688884647754,0.42476262545542964,-0.4337337346324961,-0.5595503466652239,-0.5435686258190077,3.9894408793193166,-0.9970083226186803,-0.10705639555544105,0.5596360023384934,0.1491601970919595,1.0
2020-09-18,1.522603941350102,0.07189889091926205,1.959688884647754,0.3212323049031579,-0.31881550090426247,-0.5698247112642623,-0.5435686258190077,3.9894408793193166,-0.9970083226186803,-0.10705639555544105,0.4352003991457564,1.0548975840679087,1.0
2020-09-21,1.3272406656632876,-0.22412103808457728,1.959688884647754,0.40913304153560726,-0.3996839369307919,-0.570014985308361,-0.5435686258190077,3.9894408793193166,-0.9970083226186803,-0.10705639555544105,0.5790843158846956,1.5330070881043716,1.0
2020-09-22,0.5060359096841552,-0.6029481198411397,1.959688884647754,0.45751618494229324,-0.10031202551340646,-0.5093641162837722,-0.5435686258190077,3.9894408793193166,-0.9970083226186803,-0.10705639555544105,0.4961832234284913,1.1296133810713591,1.0
2020-09-23,0.4063186977212152,-1.1164242155630988,1.959688884647754,0.33093482523155787,-0.3588240249369925,-0.5203456236673554,-0.5435686258190077,3.9894408793193166,-0.9970083226186803,-0.10705639555544105,0.5559247541847105,0.8719997199074653,1.0
2020-09-24,0.685766910206776,-1.2601590366886362,1.959688884647754,0.3059248527328651,-0.18403464030069674,-0.4611221229028799,-0.5435686258190077,3.9894408793193166,-0.9970083226186803,-0.10705639555544105,0.38449455560371076,0.532493984371209,1.0
2020-09-25,0.4647523079710118,-1.0759330705679144,1.8988514996683112,0.04891501392711317,-0.30888409444641546,-0.5167405834773618,-0.5435686258190077,3.9894408793193166,-0.9970083226186803,-0.10705639555544105,0.3291701560494003,0.729836201269741,1.0
2020-09-28,0.5417813956646448,-1.1139404674415068,1.8468058534271552,0.38086228295371793,-0.3588240249369925,-0.5093641162837722,1.0806091929103434,-1.115304099235884,-0.9970083226186803,-0.10705639555544105,0.4125907042750563,0.7851547080936585,1.0
2020-09-29,0.7230631188547237,-0.6797868519940433,1.959688884647754,0.09295640889360576,-0.4337337346324961,-0.5365682642329448,0.13108185267461125,-1.115304099235884,-0.9970083226186803,2.5247281604364806,0.47471215071817485,0.8205200238507067,1.0
2020-09-30,0.833050057460898,-0.6982574826926982,1.959688884647754,0.011100162458674416,-0.5398559283255631,-0.5365682642329448,-0.2269608460510141,-1.115304099235884,-0.9970083226186803,2.5247281604364806,0.6504649820518298,1.1879199138601384,1.0
2020-10-01,0.8657103039915846,-0.45654790265992967,1.959688884647754,-0.1277713187484238,-0.5872988609893259,-0.5298511141917559,-0.2443990399156565,-1.115304099235884,-0.9970083226186803,2.6212962418388273,0.4988095381624836,1.3779276044035993,1.0
2020-10-02,0.863723337239957,-0.29888629533711,1.959688884647754,-0.06585077122552566,-0.5398559283255631,-0.5595503466652239,-0.1989010596227092,-1.115304099235884,-0.9970083226186803,2.6212962418388273,0.8105499037661044,1.4933695156567803,1.0
2020-10-05,0.48254798849239205,-0.032322115407599446,1.959688884647754,-0.0880356286171504,-0.5985836851070763,-0.5433777843928614,-0.2106861659852708,-1.115304099235884,-0.9970083226186803,2.6212962418388273,1.0474579063687282,1.8241919544817453,1.0
2020-10-06,0.2267680285106027,0.005082582455748517,1.959688884647754,-0.5008485805503611,-0.5294922062377835,-0.4816574752350957,-0.38659618981796,-1.115304099235884,-0.9970083226186803,2.6212962418388273,1.2797733104045312,1.5052710355222787,1.0
2020-10-07,0.20820278088972483,0.6072346795573105,1.959688884647754,-0.5849695143741853,-0.6233202307722177,-0.46879363671414975,-0.4376983788470771,-1.115304099235884,-0.9970083226186803,2.6212962418388273,1.2602969626884544,1.52033069975232,1.0
2020-10-08,0.30416789993001586,0.464919768102987,0.7507813288402007,-0.6100387481798002,-0.5680956522529771,-0.4898903010347642,-0.45135977984005876,-1.115304099235884,-0.9970083226186803,2.6212962418388273,1.3147538449231557,1.3503028391962748,1.0
2020-10-09,0.3357932007833279,0.9608533590660912,1.0568668214730312,-0.36325356456105945,-0.4143396270618805,-0.49330786253178494,-0.41647803841484554,-1.115304099235884,-0.9970083226186803,2.6212962418388273,1.393729787096636,1.237971457084955,1.0
2020-10-12,0.3915031622552641,0.9408419169502763,1.4149468331944057,-0.48215212315598205,-0.4834311059311734,-0.47838301263484934,-0.3636513938568085,-1.115304099235884,-0.9970083226186803,2.6212962418388273,1.2155151338811045,1.6363510263506478,1.0
2020-10-13,0.40106480876871764,0.5056237709605385,1.3282977502575428,-0.3919621612537217,-0.3500845511471892,-0.346831517287789,-0.34848995608968053,-1.115304099235884,-0.9970083226186803,2.6212962418388273,1.1536524387297848,1.7495280776537196,1.0
2020-10-14,0.34546544022804004,0.1403955998592796,1.1409365049482139,-0.4033779710947705,-0.18403464030069674,-0.3112536754608029,-0.3182328171136278,-1.115304099235884,-0.9970083226186803,2.6212962418388273,0.9845872870623612,1.5103144485502824,1.0
2020-10-15,0.3770654512991428,0.016527052481426132,1.501136787017449,-0.805828809029447,-0.30264179522176504,-0.34550150763945703,-0.22504618303362944,-1.115304099235884,-0.9970083226186803,2.6212962418388273,1.0156439695160409,1.6587812448202073,1.0
2020-10-16,0.4578343737257612,0.17425986590138154,1.9384122360187213,-0.8157112682305131,-0.04449681037024099,-0.40777024365089576,-0.3308998795188617,-1.115304099235884,-0.9970083226186803,2.6212962418388273,0.9453975566274453,1.9304716520073584,1.0
2020-10-19,0.5332974046074828,0.2792126495594827,1.6258619189279244,-0.9382230486970232,0.016025716782639587,-0.34892628498850287,-0.3189883693800563,-1.115304099235884,-0.9970083226186803,2.6212962418388273,1.0598684196424557,1.9377020603310298,1.0
2020-10-20,0.6068693360222475,0.7108225607952329,1.7284148933475658,-1.0818976638347555,0.26074198629960654,-0.3328664135029664,-0.306018059194631,-1.115304099235884,-0.9970083226186803,2.6212962418388273,1.5116926375766604,2.13713550207569,1.0
2020-10-21,0.7223569526994191,0.9350913397499072,1.959688884647754,-0.9383132770278066,-0.1301222157236602,-0.3357163869170908,-0.33533097453521166,-1.115304099235884,-0.9970083226186803,2.6212962418388273,1.598923000737112,2.2197756001320337,1.0
2020-10-22,0.6209551498989829,1.2743881329327598,1.9058417505940903,-1.1542720454642268,-0.2649030763272262,-0.3388729195470017,-0.33195869889276836,-1.115304099235884,-0.9970083226186803,2.6212962418388273,1.4601404960598172,1.9775533060631676,1.0
2020-10-23,0.45211282485306115,1.508116891002199,1.8582434642619792,-1.0519405650532383,-0.4391037884207851,-0.41665719228436376,-0.31688261449998617,-1.115304099235884,-0.9970083226186803,2.6212962418388273,1.5371549208224773,2.0664550319086716,1.0
2020-10-26,0.446575594141238,1.197600519998664,1.1962061575776588,-2.4752768181873828,-0.44760608913498096,-0.3569174970618672,-0.33801152663345324,-1.115304099235884,-0.9970083226186803,2.6212962418388273,1.1909112871201306,1.7551415694212444,1.0
2020-10-27,0.29046065142959554,1.0490806354247066,1.1586372995404166,-2.4752768181873828,-0.1301222157236602,-0.23469975044876937,-0.31120617940334383,-1.115304099235884,-0.9970083226186803,2.6212962418388273,1.1658713034888961,1.4603411762281422,1.0
2020-10-28,0.33462641533924936,0.5147995182382705,1.4186786003596266,-2.4752768181873828,-0.04449681037024099,-0.21635006891670014,-0.31120617940334383,-1.113873263494908,-0.034427353550179986,2.6212962418388273,1.1233569050391485,1.4119353915570243,1.0
2020-10-29,0.36737074517392215,0.38677867064921845,1.275309242251325,-2.4752768181873828,-0.23984985544386223,-0.23090311439481323,-0.3704216048137307,-1.113873263494908,-0.034427353550179986,2.6212962418388273,1.142306426287282,1.4648968897310761,1.0
2020-10-30,0.2006035499817247,-0.04670064081719583,1.471201700653873,-2.4752768181873828,-0.18403464030069674,-0.3329440400534182,-0.3670506369269707,-1.113873263494908,-0.034427353550179986,2.6212962418388273,1.3849956812479864,1.387302182853725,1.0
2020-11-02,0.3076977952918476,0.4633911353102171,1.4673164244190808,-2.4752768181873828,-0.23984985544386223,-0.3678527399234781,-0.34167961702179045,-1.113873263494908,-0.034427353550179986,2.6212962418388273,0.9776085610745283,1.4793595445077194,1.0
2020-11-03,0.28251730094562894,0.27398359426478003,1.4451417424491995,-2.4752768181873828,-0.04449681037024099,-0.26066031411328244,-0.3239034308873987,-1.113873263494908,-0.034427353550179986,2.6212962418388273,1.2917204549048664,1.431212914501289,1.0
2020-11-04,0.24328717149660387,0.8998869302859157,1.7941245353278894,-2.4752768181873828,-0.31881550090426247,-0.3178697839286745,-0.36175338180589084,-1.113873263494908,-0.034427353550179986,2.6212962418388273,0.9540801391145183,1.150350575328139,1.0
2020-11-05,0.3728570001374951,1.030886687731028,1.915656658378656,-2.471237895383791,-0.2649030763272262,-0.30152420372658884,-0.38573808631316725,-1.113873263494908,-0.034427353550179986,2.6212962418388273,1.0597842301437752,1.3702163145055806,1.0
2020-11-06,0.40864674896284375,0.9530230226496169,1.959688884647754,-2.4752768181873828,-0.31881550090426247,-0.3992706174030628,-0.37833606890847576,-1.113873263494908,-0.034427353550179986,2.6212962418388273,1.1944044511451088,1.671007639880128,1.0
2020-11-09,0.6891757158090236,0.9546466529804122,1.959688884647754,-2.4752768181873828,-0.3115692143607408,-0.3633103952740565,-0.35026537503496474,-1.113873263494908,-0.034427353550179986,2.6212962418388273,1.2172369151940545,2.007506218525148,1.0
2020-11-10,0.5224043744682663,0.5191324431153702,1.959688884647754,-2.4752768181873828,-0.18403464030069674,-0.2770058943153682,-0.34165494863152485,-1.113873263494908,-0.034427353550179986,2.6212962418388273,1.1220327132703773,2.0057935223698684,1.0
2020-11-11,0.7557536163553341,0.7470130362984381,1.7166649569502028,-2.2898183931252207,-0.26055530872023414,-0.26066031411328244,-0.3456701654792123,-1.113873263494908,-0.034427353550179986,2.6212962418388273,0.8871857381321165,1.5498673455164886,1.0
2020-11-12,0.7923966661695063,0.7303901512354122,1.5140159677003115,-2.380800835873634,-0.5398559283255631,-0.2770058943153682,-0.37867384111168756,-1.113873263494908,-0.034427353550179986,2.6212962418388273,0.5185807034830676,1.3561495849699248,1.0
2020-11-13,0.8194765438669321,1.193369119148561,1.3352356576386077,-2.310933932308937,-0.48367366512307286,-0.3992706174030628,-0.38276279861478146,-1.113873263494908,-0.034427353550179986,2.6212962418388273,0.6283165294936833,1.3623567924829922,1.0
2020-11-16,1.1038738113874422,1.3888765859372971,1.4815253833008404,-2.4313866514321516,-0.5793916171761961,-0.42841724725708197,-0.38796690091649083,-1.113873263494908,-0.034427353550179986,2.6212962418388273,0.7495517630783063,1.499957332943427,1.0
2020-11-17,1.1624594684015224,1.4297656620579609,1.4285136555168878,-2.4752768181873828,-0.44760608913498096,-0.3423880933398951,-0.37700109289480865,-1.113873263494908,-0.034427353550179986,2.6212962418388273,0.8016158783247859,1.609862116275287,1.0
2020-11-18,0.9912245599459036,1.1102270659296396,1.3819185801370892,-2.403210193142018,-0.6834328289642952,-0.3832519220612935,-0.38796690091649083,-1.113873263494908,-0.034427353550179986,2.6212962418388273,0.9434915294835445,1.5632168301717455,1.0
2020-11-19,0.8468516540771674,1.084179237726741,1.279515622423547,-2.4752768181873828,-0.9747486922396591,-0.4885365190868125,-0.4297857108889628,-1.113873263494908,-0.034427353550179986,2.6212962418388273,0.9015977861415087,1.2910385059788332,1.0
2020-11-20,1.0811432876566458,1.2104962358519518,1.1817655477303404,-2.4752768181873828,-0.9375385892412241,-0.5571169593031885,-0.44880690060521566,-1.113873263494908,-0.034427353550179986,2.6212962418388273,0.5974342962584527,1.0830870251820057,1.0
2020-11-23,1.0358503416561529,1.1399420922326666,1.19508205552421,-2.4752768181873828,-0.5555748471602462,-0.4548735774517776,-0.43008200448665096,-1.113873263494908,-0.034427353550179986,2.6212962418388273,0.5506893031515064,1.0051454390453731,1.0
2020-11-24,1.4666904029762033,1.7281126365726227,1.1704123528378463,-2.4752768181873828,-0.18403464030069674,-0.3905644372242217,-0.40167419190088327,-1.113873263494908,-0.034427353550179986,2.6212962418388273,0.5495812927663104,1.2644383165754993,1.0
2020-11-25,1.1731936785716028,1.5032682340302748,0.7318043075041895,-2.4752768181873828,-0.44760608913498096,-0.3905644372242217,-0.4193518360706291,-1.113873263494908,-0.034427353550179986,2.6212962418388273,0.48118234998417153,1.1475964073993798,1.0
2020-11-26,1.2900688877603903,2.0780977320276737,0.6187084816609489,-2.4752768181873828,-0.44760608913498096,-0.3905644372242217,-0.4220498620827666,-0.38312501006790495,-0.034427353550179986,2.6212962418388273,0.6276329750500199,0.9260265949783635,1.0
2020-11-27,1.2572415771532142,2.065145227681015,0.7334192483387828,-2.4752768181873828,-0.46983481580325526,-0.4711910080761976,-0.42666058429628,-0.38312501006790495,-0.034427353550179986,2.6212962418388273,0.7000771762935627,0.5698103804395234,1.0
2020-11-30,1.1495683000944108,1.719411166900616,0.4806673516597678,-2.4752768181873828,-0.41267465294008243,-0.4568068977906438,-0.42767072510896026,-0.38312501006790495,-0.034427353550179986,2.6212962418388273,0.8708943974232205,0.49762833164363857,1.0
2020-12-01,1.2548940283036176,1.8745014188133113,0.5140149740912554,-2.39739101495488,-0.26977467165768737,-0.4208467292465154,-0.42631143726700277,-0.9670990416527325,-0.034427353550179986,2.6212962418388273,1.2820356399993165,0.7075157880883862,1.0
2020-12-02,1.4217909190306464,1.8063766310136349,0.7714305237770317,-2.1962434995294853,-0.5793916171761961,-0.47251765944780805,-0.44279600044433054,-0.9670990416527325,-0.034427353550179986,2.6212962418388273,1.1395689809253198,0.9607084188845844,1.0
2020-12-03,1.4451721379429285,1.366847933206042,0.8204669253246244,-2.3945742512231645,-0.41267465294008243,-0.47251765944780805,-0.44279600044433054,-0.9670990416527325,-0.034427353550179986,2.6212962418388273,1.12529889771911,1.0794496972152081,1.0
2020-12-04,1.3577642483223964,1.2198406696066473,1.5680795665389455,-2.1345255745192286,-0.46311009223414984,-0.49676268582280303,-0.4341953516356627,-0.9670990416527325,-0.034427353550179986,2.6212962418388273,1.5525193674570477,1.5906588736450968,1.0
2020-12-07,1.5151979792703654,1.1184219917719351,1.3092855201177136,-2.377043741920723,-0.5555748471602462,-0.5167405664662886,-0.43987178619328116,-0.9670990416527325,-0.034427353550179986,2.6212962418388273,1.3949519958871293,1.3756901236914387,1.0
2020-12-08,1.9154035586682756,0.9766180649140696,1.0499530051562962,-2.2913067139475842,-0.7231576810369097,-0.5213956007309178,-0.4466163451496459,-0.9670990416527325,-0.034427353550179986,2.6212962418388273,1.427831373503846,1.2800286248804105,1.0
2020-12-09,1.5805117281268857,1.0373421239313054,0.9128703276278161,-2.268451106506521,-0.7111773415933382,-0.5074304969460954,-0.4469081795433649,-0.9670990416527325,-0.034427353550179986,2.6212962418388273,1.4506965165543246,1.164996997802389,1.0
2020-12-10,1.4693235826265834,1.176492328615151,1.073299612910657,-2.3237842987298634,-0.7111773415933382,-0.4927671199196503,-0.45010654968890584,-0.9670990416527325,-0.034427353550179986,2.6212962418388273,1.2879405459456512,1.152426250723155,1.0
2020-12-11,1.4243055852041215,1.1864726016226188,1.0565911375307073,-2.3954125199964933,-0.7421857520950611,-0.5287273420486566,-0.44044618679675607,-0.9670990416527325,-0.034427353550179986,2.6212962418388273,1.1857990495570008,1.3090978560635025,1.0
2020-12-14,1.1091508165125137,0.7675188347329668,1.1456145873082342,-2.4141742003163316,-0.8413751291316889,-0.5646875373852238,-0.45123125237079076,-0.9670990416527325,-0.034427353550179986,2.6212962418388273,1.2293506844836009,1.3958658321442263,1.0
2020-12-15,1.028070330633926,0.7332825723629017,1.240678105122601,-2.351316660285916,-0.34217750960126725,-0.4039242628741314,-0.43183018202424833,-0.9670990416527325,-0.034427353550179986,2.6212962418388273,1.322770362173405,1.371902394419514,1.0
2020-12-16,0.9171115941012729,0.8582269791852561,1.1676685201675434,-2.2262823624914363,-0.3322933685521768,-0.3463267177308082,-0.4232141772517406,-0.9670990416527325,-0.034427353550179986,2.6212962418388273,1.325310718791857,1.2778739967234733,1.0
2020-12-17,1.0560602052953743,1.0759763961187034,1.4614856947411459,-1.8861857388023462,-0.025892006651238562,-0.2770058943153682,-0.4094924126373531,-0.9670990416527325,-0.034427353550179986,2.6212962418388273,1.6186075472022854,1.6064720319265593,1.0
2020-12-18,0.909300779317804,1.0142243973497904,1.472583309123163,-2.002518494584576,0.6066793134503021,-0.3423880933398951,-0.4039938715999712,-0.9670990416527325,-0.034427353550179986,2.6212962418388273,1.7734780457371881,1.656103416858466,1.0
2020-12-21,0.7766201948437976,0.5735610660366437,1.6224960849216217,-2.1472019545918597,0.6339454694699678,-0.3587336126500729,-0.41097039057312545,-0.9670990416527325,-0.034427353550179986,2.6212962418388273,1.860611580986918,1.767771319276878,1.0
2020-12-22,0.7817303746501892,0.3465549276981956,1.7982809489950322,-2.0154530426563815,0.08706732998250483,-0.39300655222014397,-0.40191542626829163,-0.9670990416527325,-0.034427353550179986,2.6212962418388273,1.7753592106689449,1.569484278727122,1.0
2020-12-23,0.782440714446784,0.279870816803888,1.681492409609729,-1.911003839716429,-0.3322933685521768,-0.396873238896365,-0.41842751506637005,-0.9670990416527325,-0.034427353550179986,2.6212962418388273,1.9646089672878029,1.6645485049406636,1.0
2020-12-28,0.6601664026529355,0.3655612254686168,1.687174715561611,-2.0437487290323397,-0.18403464030069674,-0.3423880933398951,-0.4039938715999712,-0.9670990416527325,-0.034427353550179986,2.3424414086737384,1.7740615522432688,1.590668828562265,1.0
2020-12-29,0.787406671387177,0.6824587987002082,1.4707377577952696,-1.9295343198187802,0.11248325804812646,-0.23469975044876937,-0.389203649904836,-0.9670990416527325,-0.034427353550179986,2.3424414086737384,1.7739341644966455,1.6395227195456956,1.0
2020-12-30,0.6227565593455473,0.764602316417838,1.5225936837586833,-1.8378078753948877,-0.2815198791549957,-0.4039242628741314,-0.4254815510186517,-0.9670990416527325,-0.034427353550179986,2.3424414086737384,1.6320197009902768,1.67228288906727,1.0
2021-01-04,0.4412144583806588,1.4752920648050822,1.3119001389693334,-1.9975163370631392,-0.4054345159308281,-0.406982478569379,-0.42429118098278673,-0.6934888310500505,-0.034427353550179986,2.3424414086737384,1.5804481763335954,1.5154915107082123,1.0
2021-01-05,0.48842124794885466,1.5703748298724476,1.4873224981940394,-1.968120928148031,-0.2433380874167024,-0.33623445790398665,-0.4180445795237722,-0.6934888310500505,-0.034427353550179986,2.3424414086737384,1.7611536008122244,1.8945415319078687,1.0
2021-01-06,0.4367143166964111,1.349382268089385,1.3743782618338283,-1.924674326791844,-0.08914901298079937,-0.33623445790398665,-0.41306645094608935,-0.6934888310500505,-0.034427353550179986,2.3424414086737384,1.751031033080377,2.0733990533611446,1.0
2021-01-07,0.5360059092855389,1.3057599310748327,1.5010213859238992,-1.937421905147995,-0.025892006651238562,-0.3423880933398951,-0.3955449207844538,-0.6934888310500505,-0.034427353550179986,2.3424414086737384,1.9499624971561982,2.2941475517517644,1.0
2021-01-08,0.7513694374704423,1.6597101568382884,1.453096691460746,-1.7841141565593273,-0.025892006651238562,-0.3423880933398951,-0.3916221811506135,-0.6934888310500505,-0.034427353550179986,2.3424414086737384,1.8596168999820177,2.2941475517517644,1.0
2021-01-11,0.8071252125371219,1.3549055754164965,1.4549978545271494,-1.8882279022605137,0.15484269631163344,-0.3423880933398951,-0.39805546474147546,-0.6934888310500505,-0.034427353550179986,2.3424414086737384,1.8122324298180361,2.2941475517517644,1.0
2021-01-12,0.8932016810735469,1.5643880614809178,1.2744380787506329,-1.9405287453066915,0.2345784152892227,-0.3775398247213096,-0.40734260721902843,-0.6934888310500505,-0.034427353550179986,2.3424414086737384,1.6776993714798805,2.289221084419005,1.0
2021-01-13,1.0930088522374344,1.8100140229763912,1.2078289576923704,-2.0249181745303124,0.15484269631163344,-0.3569174970618672,-0.39805546474147546,-0.6934888310500505,-0.034427353550179986,2.3424414086737384,1.5429788899558672,2.046181858869061,1.0
2021-01-14,1.141700782457245,1.7304586567420333,1.1783074510603808,-2.0796543870231314,-0.01459584575286001,-0.4162066722774697,-0.37678815463379617,-0.6934888310500505,-0.034427353550179986,2.3424414086737384,1.9409344621587006,2.2941475517517644,1.0
2021-01-15,1.3434478756256234,1.5688024366185507,1.0704214672532937,-2.1308513609797095,0.1809104705883416,-0.4568068977906438,-0.3801341686735357,-0.6934888310500505,-0.034427353550179986,2.3424414086737384,1.7436366039676774,2.0183130987834597,1.0
2021-01-18,1.1368763589914763,1.6861065983309855,0.9236003801991198,-1.971729771114494,0.4090010091149954,-0.42841724725708197,-0.3801341686735357,-0.6934888310500505,-0.034427353550179986,2.3424414086737384,1.7698612503984408,2.062650499247231,1.0
2021-01-19,1.1252420800764782,1.8143645739724792,0.8803390641246901,-2.040006000859433,-0.08237146456533191,-0.4128555832611655,-0.392353237197438,-0.6934888310500505,-0.034427353550179986,2.3424414086737384,1.6385894467142605,1.908038012891252,1.0
2021-01-20,1.1967796498782164,2.103466381888881,0.8758791694854223,-1.8946668079669193,-0.18403464030069674,-0.396873238896365,-0.37151817622020183,-0.6934888310500505,-0.034427353550179986,2.3424414086737384,1.5100575556810925,1.8998764960002374,1.0
2021-01-21,1.159086149787634,1.9955311790121042,0.8792498029066991,-1.7186023495543425,-0.391597036591114,-0.44355841639433496,-0.3814725914078865,-0.6934888310500505,-0.034427353550179986,2.3424414086737384,1.4096148519353484,2.173189649664308,1.0
2021-01-22,1.0766302153043035,1.8232319854699408,0.8085745243034602,-1.5956533117346072,-0.4805523177265884,-0.4368290402696145,-0.3801341756606602,-0.6934888310500505,-0.034427353550179986,2.3424414086737384,1.1706613985831558,2.054025769563086,1.0
2021-01-25,1.2725439288983982,2.304122456521464,0.7565822819590509,-1.5209470869551849,-0.427331276314483,-0.4039242628741314,-0.3708696681036178,-0.6934888310500505,-0.034427353550179986,2.3424414086737384,0.8450507734954874,1.695224192188603,1.0
2021-01-26,1.3090882294111963,2.304122456521464,0.7835752310539309,-1.2591053097840472,-0.4881553220241233,-0.406982478569379,-0.39318364844140924,-0.6934888310500505,-0.034427353550179986,2.3424414086737384,0.9759445764583947,1.8551209216270406,1.0
2021-01-27,1.2576379538512177,1.4776882814703576,0.5792606350498846,0.6770127257103792,-0.6584631303768522,-0.45680691118686334,-0.39162219113637814,-0.6934888310500505,-0.034427353550179986,2.3424414086737384,1.0817798502872602,1.6739021783154322,1.0
2021-01-28,1.0422154328403146,1.669962727630724,0.6003452307686792,0.6179515964642879,-0.925328944326892,-0.5566963848506113,-0.3963525366823735,-0.6934888310500505,-0.034427353550179986,2.3424414086737384,1.2183020106389948,1.7592307630315325,1.0
2021-01-29,0.7808277531441599,0.7859473694110247,0.4912778105789823,0.7694977467349025,-1.2910342148272809,-0.6126344710499095,-0.4129372594282401,-0.6934888310500505,-0.034427353550179986,0.8047460602291073,1.4835567416545912,1.9290390112751152,1.0
2021-02-01,0.8120528973538271,1.0784589825084447,0.5626175379233049,0.8614915210504575,-0.9295649323378288,-0.5802846985082223,-0.4039938754997375,-0.6934888310500505,-0.034427353550179986,0.8047460602291073,1.2473897189608136,1.7633804859152002,1.0
2021-02-02,0.8876783777669507,1.2348522031455182,0.6295518619628984,1.1435335770963155,-0.8119546135495431,-0.5629544765143379,-0.41842751839495823,-0.6934888310500505,-0.034427353550179986,0.8047460602291073,1.1867894059749329,1.902868806591843,1.0
2021-02-03,0.8392231579734762,0.8248460222460516,0.6063050147602185,1.323947892076001,-1.339693548072375,-0.6496055864837595,-0.45087607817072783,-0.6934888310500505,-0.034427353550179986,0.8047460602291073,1.5102144194825289,1.836010112435192,1.0
2021-02-04,0.8156643656413767,1.017638113021208,0.6022827725988942,1.0682794855416897,-1.6438142864427048,-0.7564752875240432,-0.470210547887179,-0.6934888310500505,-0.034427353550179986,0.8047460602291073,1.2392938512044005,1.8718703469568498,1.0
2021-02-05,1.018257371987973,0.9989593379927161,0.6980813414615519,0.651041097285152,-1.8741856998742374,-0.7969124411517277,-0.4894007282654658,-0.6934888310500505,-0.034427353550179986,0.8047460602291073,1.8540941496754069,2.0778806375589847,1.0
2021-02-08,1.0970351891328902,0.47310572770831977,0.7588201301647146,0.5575480945199515,-1.9631410362404444,-0.8269854808965034,-0.49762509347317035,-0.6934888310500505,-0.034427353550179986,0.8047460602291073,1.6043072283928606,1.9714993272711858,1.0
2021-02-09,1.1814653990120583,0.9962888691344202,0.9361781720856652,0.6379350662060931,-1.5776679672176128,-0.7102613473223304,-0.4728423445330498,-0.6934888310500505,-0.034427353550179986,0.8047460602291073,1.4201020221515361,1.9356390719114656,1.0
2021-02-10,1.1556757357862806,0.8596716151229302,0.9247579355029327,0.35522525140666544,-1.5183644096401412,-0.7101628867379743,-0.4680173837092385,-0.6934888310500505,-0.034427353550179986,0.8047460602291073,1.055089710539176,1.6734863442426733,1.0
2021-02-11,0.9988513735185819,1.043434063433048,1.0029602721229922,0.5226045173495216,-1.5183644096401412,-0.7165195010354816,-0.4586355192685931,-0.6934888310500505,-0.034427353550179986,0.8047460602291073,1.108198554259453,1.6416112456118364,1.0
2021-02-12,1.1865875803303512,0.8594705394538462,1.08624948281405,0.23921114268892646,-1.4491770055774806,-0.7165195010354816,-0.45650327254100476,-0.6934888310500505,-0.034427353550179986,0.8047460602291073,1.3879101546003052,1.673454972825386,1.0
2021-02-15,1.2634057091321198,1.1713951948700108,0.9402740400576534,0.3663065804944506,-1.4491770055774806,-0.7000671123377402,-0.45311677134400574,-0.6934888310500505,-0.034427353550179986,0.8047460602291073,1.6896468759351295,1.61172218652742,1.0
2021-02-16,1.269223481182508,1.2247984679494734,0.8635281875368643,0.24711425941637438,-1.4491770055774806,-0.692931125328446,-0.4680173837092385,-0.6934888310500505,-0.034427353550179986,0.8047460602291073,1.8145995636113739,1.7908128330261033,1.0
2021-02-17,1.1984534387829837,0.8722991746302887,0.924647537879681,0.016517147546216793,-1.4188481903543446,-0.6605814088823082,-0.46357333911498133,-0.6934888310500505,-0.034427353550179986,0.8047460602291073,1.4758746562353435,1.6329043847417672,1.0
2021-02-18,1.3461839101310051,0.20208408733502164,0.8101444173361309,0.30987581045748186,-1.8287196915954045,-0.789438787375547,-0.4894007282654658,-0.6934888310500505,-0.034427353550179986,0.8047460602291073,1.6381843625485806,1.7951876137585758,1.0
2021-02-19,1.3890763747393697,0.30085153501854633,0.815794960563131,0.08092171683530222,-1.808789327352031,-0.7756540561077401,-0.4894007282654658,-0.6934888310500505,-0.034427353550179986,0.8047460602291073,1.9662319338135203,2.1543006880862077,1.0
2021-02-22,1.7618072729817076,-0.14082319367755156,0.628918999841351,0.046490562747414345,-1.708982970660361,-0.6965415891853403,-0.4814988886748219,-0.6934888310500505,-0.034427353550179986,0.8047460602291073,2.1278765535728588,2.2941475517517644,1.0
2021-02-23,1.7513903144157492,-0.20350360185477134,0.6616005822736225,0.018212442562800468,-1.7767584632311613,-0.7110083400718654,-0.4940467720033287,-0.6934888310500505,-0.034427353550179986,0.8047460602291073,2.1278765535728588,2.262149910221049,1.0
2021-02-24,1.5791829780417115,-0.1853664499842779,0.6894399772236046,0.08778203438401823,-1.5794122286768109,-0.7085283271519739,-0.4798203760958102,-0.6934888310500505,-0.034427353550179986,0.8047460602291073,2.1278765535728588,2.290736469511629,1.0
2021-02-25,1.6263790100178046,-0.07961916518402253,0.495846726664125,0.12664854851826376,-1.2514984557722524,-0.6995382789397994,-0.46865224538472244,-0.6934888310500505,-0.034427353550179986,0.8047460602291073,2.1278765535728588,2.150887018289577,1.0
2021-02-26,1.5545622365065535,-0.5009772895438603,0.40383257324128846,-0.039291401424908626,-1.0466316661498576,-0.6815581739035949,-0.46357333911498133,-0.6934888310500505,-0.034427353550179986,0.8047460602291073,1.5626735914071384,1.4886064860600299,1.0
2021-03-01,1.6726968523293406,0.5787662275045418,0.7076182990411448,-0.006560949345278333,-1.1724270518057058,-0.7444885247850357,-0.48134950632897594,-0.6934888310500505,-0.034427353550179986,0.10140501137720292,1.886022271665083,1.8434183461268265,1.0
2021-03-02,1.55489936451422,-0.18996964552317167,0.5399111429614539,-0.04483992093263172,-0.8264897353943184,-0.6513860872926507,-0.4680173837092385,-0.6934888310500505,-0.034427353550179986,0.10140501137720292,2.1278765535728588,2.0885786651741793,1.0
2021-03-03,1.4089782677974723,-0.49589829351097653,0.43394443964567814,-0.22395735876124695,-0.8956772163504297,-0.6605814088823082,-0.4680173837092385,-0.9793502451125535,-0.034427353550179986,-1.7171809455425155,2.1278765535728588,2.2941475517517644,1.0
2021-03-04,1.2243029190345331,-1.070606468303489,0.49225455142293956,-0.19664549384996635,-0.8956771103074231,-0.7444885247850357,-0.48490474209898365,-0.3973876051405327,-0.034427353550179986,-1.7171809455425155,1.8783409177832164,2.2941475517517644,1.0
2021-03-05,1.2385908220832067,-0.8620724831611071,0.6305835751061738,-0.27351056234186666,-0.3421773132253329,-0.7277071123214661,-0.4868722006892748,-0.3973876051405327,-0.034427353550179986,-1.7171809455425155,1.5164524917453073,1.9667546094352433,1.0
2021-03-08,1.3786645415611358,-1.5673645802680176,0.4543164285202377,-0.01538439667788766,1.0536046000098624,-0.6605814088823082,-0.47047670688166165,-0.3973876051405327,-0.034427353550179986,-1.7171809455425155,1.5774252858078213,2.0021812318398102,1.0
2021-03-09,1.326847278436851,-1.1784891827705661,0.622667506817466,-0.06248776409178745,1.5950718661005168,-0.6605814088823082,-0.4742719624193106,-0.3973876051405327,-0.034427353550179986,-1.7171809455425155,1.2208726804400087,2.0576714008461883,1.0
2021-03-10,1.4085386444375043,-1.4734200350788793,0.5092278916145695,0.008757385538147845,-0.3996839369307919,-0.6879796553662672,-0.48352618253611973,-0.3973876051405327,-0.034427353550179986,-1.7171809455425155,1.3739730986136935,2.055265527988466,1.0
2021-03-11,1.468535745152915,-0.9318214779316071,0.7133992584590924,-0.01724759335736596,-0.6584629620546274,-0.700067117436647,-0.4868722006892748,-0.3973876051405327,-0.034427353550179986,-1.7171809455425155,1.7184401153385753,2.2941475517517644,1.0
2021-03-12,1.715649394654572,-1.494265027811573,0.597263021213113,-0.2364818511652208,-0.8617894397670285,-0.739351363536719,-0.4938988427622716,-0.3973876051405327,-0.034427353550179986,-1.7171809455425155,1.9877921581675886,2.2941475517517644,1.0
2021-03-15,1.6355373554751718,-1.4644046459545335,0.6258938356688208,-0.19503176434653047,-1.5395443023541961,-0.842094808583808,-0.5162669852069598,-0.3973876051405327,-0.034427353550179986,-1.7171809455425155,1.9853079150649777,2.2941475517517644,0.0
2021-03-16,1.657177071216246,-1.3819136725972518,0.5041316686346621,-0.0509588309732048,-2.013972624108127,-0.9076925306596146,-0.5331543435967049,-0.3973876051405327,-0.034427353550179986,-1.7171809455425155,2.089382644622525,2.2941475517517644,0.0
2021-03-17,1.574026574596103,-1.403971559867865,0.5376700624018674,-0.06730965900591449,-2.013972624108127,-0.9003160794384415,-0.5331543435967049,-0.3973876051405327,-0.034427353550179986,-1.7171809455425155,2.1278765535728588,2.2941475517517644,0.0
2021-03-18,1.7254044380998657,-1.7683611890455937,0.37874206834933705,-0.14716077357502813,-2.2795553868811576,-0.9636457105029806,-0.5435686258190077,-0.3973876051405327,-0.034427353550179986,-1.7171809455425155,2.1278765535728588,2.2941475517517644,0.0
2021-03-19,1.5576737794899755,-1.2615786659933785,0.5310478594825484,-0.24935525811602824,-2.0404935007665355,-0.9482630269458878,-0.5379211720528885,-0.3973876051405327,-0.034427353550179986,-1.7171809455425155,1.9908215344121603,2.2941475517517644,1.0
2021-03-22,1.4738401646792512,-1.445374227174244,0.814959820870246,-0.4244849490467835,-2.0404935007665355,-0.951259707583475,-0.5373761843175399,-0.3973876051405327,-0.034427353550179986,-1.7171809455425155,1.6604188862067364,2.2941475517517644,1.0
2021-03-23,1.5563421620598248,-1.2397194004619791,0.7559140956159207,-0.4024537195290464,-1.6073197924001628,-0.9063094533656013,-0.5250396390591616,-0.3973876051405327,-0.034427353550179986,-1.7171809455425155,1.387818031708891,2.2941475517517644,1.0
2021-03-24,1.6943234150506308,-1.7744485335171543,1.019451096584002,-0.2047382958017743,-1.0091274991922181,-0.857901493229882,-0.5113323662661658,-0.3973876051405327,-0.034427353550179986,-1.7171809455425155,1.335924624236609,2.2941475517517644,1.0
2021-03-25,1.4974193626824845,-1.5617926577326249,1.0473382454251539,-0.39995542524267497,-1.2853862863690535,-0.857901493229882,-0.5135432178502143,-0.3973876051405327,-0.034427353550179986,-1.7171809455425155,1.6467099943604353,2.2941475517517644,1.0
2021-03-26,1.5747203336303315,-0.5975145306995362,1.1659854749951974,-0.378420367508239,-1.477930219242243,-0.8523691572349655,-0.5122461862679591,-0.3973876051405327,-0.034427353550179986,-1.7171809455425155,1.5471299482731158,2.2941475517517644,1.0
2021-03-29,1.8646355392151557,-0.46476879086845463,1.0199377102932676,-0.3834931944828271,-2.013972624108127,-0.9242895500291683,-0.5305225466444526,-0.3973876051405327,-0.034427353550179986,-1.7171809455425155,1.6835237137478618,2.2941475517517644,1.0
2021-03-30,1.7772766994955884,-0.9336283971811672,0.9399025161321486,-0.5518675946533004,-1.4548249343863797,-0.8923249318157768,-0.5155574305291175,-0.3973876051405327,-0.034427353550179986,-1.7171809455425155,1.4064960471263404,2.2941475517517644,1.0
2021-03-31,1.908018273479691,-0.6340532051986759,0.9587821688238579,-0.5183576110268631,-1.675095224374961,-0.8626434899382431,-0.5155574305291175,-0.46394638214613054,-0.034427353550179986,-1.8662481525834735,1.4684751511276308,2.2941475517517644,0.0
2021-04-01,2.1868128393630495,-0.39548934340685926,0.9265203836499936,-0.2011029049076134,-2.013972624108127,-0.9115977191471254,-0.5292013628733392,-0.46394638214613054,-0.034427353550179986,-1.950291102900629,1.2640314792894638,2.112773650115798,0.0
2021-04-06,2.196763541331811,0.2914960092021183,0.980040910356941,-0.0194846966416136,-1.2853862863690535,-0.857901493229882,-0.5098810086489287,-0.46394638214613054,-0.034427353550179986,-1.950291102900629,1.1437912913008519,2.1569510338365756,0.0
2021-04-07,2.2326912942656305,-0.2446620619051493,0.7882930728257128,-0.019196695827004846,-1.7089830247639337,-0.9040043160870375,-0.5240720673143368,-0.46394638214613054,-0.034427353550179986,-1.950291102900629,0.8445583076102141,1.9137051855719909,0.0
2021-04-08,2.2326912942656305,0.5005764251691922,0.8516858490394954,0.18848883286504164,-2.217299101820528,-0.951259707583475,-0.5387469118521572,-0.46394638214613054,-0.034427353550179986,-1.950291102900629,0.7488187808115293,1.9872981919242076,0.0
2021-04-09,2.2294567597009456,-0.13678554252937994,0.748183102694941,0.14629819648993003,-2.2795553868811576,-0.9636457105029806,-0.5435686258190077,-0.46394638214613054,-0.034427353550179986,-1.950291102900629,0.7246642594414243,1.900542549363397,0.0
2021-04-12,1.9713130979294191,-0.16787333626302364,0.6685053662069169,0.07804902148804231,-1.765462547802695,-0.9063094533656013,-0.5250396390591616,-0.46394638214613054,-0.034427353550179986,-1.950291102900629,0.7646355526069326,1.8966615375967952,0.0
2021-04-13,2.003075351588923,-0.7177617048719427,0.6309198289953243,0.1707165817797427,-1.2853862863690535,-0.8613591991477275,-0.5135432178502143,-0.46394638214613054,-0.034427353550179986,-1.950291102900629,0.7405365880244271,1.7769517362759024,1.0
2021-04-14,2.0636702735590715,-0.24820234262827248,0.49780249679527366,0.29447552486760536,-1.1328914378233972,-0.8613591991477275,-0.5122461862679591,-0.46394638214613054,-0.034427353550179986,-1.950291102900629,0.9845906710983349,1.8662682677300435,0.0
2021-04-15,1.8750299357291005,-0.11006062999096054,0.7027888746078359,0.5632102435598557,-0.9747485940516958,-0.9003160920904266,-0.5265135401151938,-0.46394638214613054,-0.034427353550179986,-1.950291102900629,0.5420121042376795,1.8162676472761539,0.0
2021-04-16,1.7485864438460368,-0.14453215889771528,0.7128683118089463,0.6624812726897239,-0.18403464030069674,-0.9194948606741233,-0.5331543435967049,-0.46394638214613054,-0.034427353550179986,-1.950291102900629,0.8554520447652577,1.9167126198599993,0.0
2021-04-19,1.865367214403914,-0.2473831882479826,0.6910502210502469,0.6728082870575096,1.8915891776228246,-0.8523691572349655,-0.5143623947172435,-0.46394638214613054,-0.034427353550179986,-1.950291102900629,0.9680805390515551,2.025181039812998,0.0
2021-04-20,1.8151129087592646,-0.03199156201814221,0.6778953546451886,0.5626772458159977,6.230914586766084,-0.8484283052299753,-0.5122461862679591,-0.46394638214613054,-0.034427353550179986,-1.950291102900629,0.9597116615786686,1.9192424954669178,1.0
2021-04-21,1.6310145883790401,-0.15986617933578195,0.8454932393355283,0.5849513524427111,3.6113926028116157,-0.8715479258186624,-0.517607251220387,-0.46394638214613054,-0.034427353550179986,-1.950291102900629,0.9475510253397573,1.8125112662084732,1.0
2021-04-22,1.838184180875818,-0.17144590978061727,0.714184728492199,0.8824539302568051,4.5602490822052975,-0.8484283052299753,-0.5143623947172435,-0.46394638214613054,-0.034427353550179986,-1.950291102900629,0.7050745586584539,1.5488665394024337,1.0
2021-04-23,1.7955948048997274,0.5374744891766627,0.7812615417500678,0.8046167565816079,1.0020362903258018,-0.842094808583808,-0.5122461862679591,-0.46394638214613054,-0.034427353550179986,-1.950291102900629,0.9207723666277556,1.535334145091552,1.0
2021-04-26,1.7870348065811086,1.066894541679508,0.7269585124259865,0.6665886120323649,-1.2910340871829227,-0.9140152076774235,-0.5297484891945256,-0.46394638214613054,-0.034427353550179986,-1.950291102900629,1.126652943821968,1.4443052312341265,1.0
2021-04-27,1.9547963649103846,0.9534914370267424,0.6648963948646179,0.2704790602100517,-0.9747485940516958,-0.8904446658711901,-0.5233881594606243,-0.46394638214613054,-0.034427353550179986,-1.950291102900629,1.1900306197243433,1.5922038063006987,1.0
2021-04-28,1.9952510582722667,0.5598515294677664,0.9289816957703724,0.34900767908183733,-1.2910340871829227,-0.9003160794384415,-0.528329382435874,-0.46394638214613054,-0.034427353550179986,-1.950291102900629,1.3878792182015944,1.8238858972223788,1.0
2021-04-29,1.979340004917579,0.6588279016469372,0.945381398558907,0.40260760322332717,-0.18403464030069674,-0.8915984555404873,-0.5310099173461182,-0.46394638214613054,-0.034427353550179986,-1.950291102900629,1.2674400048149828,1.8371018620002646,1.0
2021-04-30,1.7928757254194425,0.2109421358569571,1.139971280940112,0.5945513403088444,-2.0087591554930295,-0.951259707583475,-0.5435686258190077,-0.46394638214613054,-0.034427353550179986,-1.950291102900629,0.9725498951501331,1.8118877761390222,1.0
2021-05-03,1.749561121474864,0.10420422421728384,1.078654420298125,0.39914696781427994,-1.6438142864427048,-0.9212928737639584,-0.5379211720528885,-0.46394638214613054,-0.034427353550179986,-1.950291102900629,1.1829007071715716,1.7945486321075297,1.0
2021-05-04,1.9771208862813325,-0.33313497559731553,1.011549610827178,0.01729033305629197,0.4090006178973189,-0.8523691536626404,-0.5233881594606243,-0.46394638214613054,-0.034427353550179986,-1.950291102900629,0.8890744029081518,1.5232515875879056,1.0
2021-05-05,1.9814435655853617,-0.43049961625300154,1.000976218032481,0.20549503316850853,-1.2910340871829227,-0.8523691382569878,-0.5292013628733392,-0.46394638214613054,-0.034427353550179986,-1.950291102900629,0.6960293892025496,1.6169842087008026,1.0
2021-05-06,2.0351046497706067,0.0721779518322994,0.7827678684369823,0.13073152322490758,-0.6584628799975372,-0.8044221970755341,-0.5310099173461182,-0.46394638214613054,-0.034427353550179986,-1.950291102900629,0.7830897245628243,1.4815029479680928,1.0
2021-05-07,2.1731683445261205,0.11647253475558614,0.5733600146389546,0.3385096087343735,1.2392507415586191,-0.746052013888836,-0.5292013628733392,-0.46394638214613054,-0.034427353550179986,-1.950291102900629,0.7499074514474641,1.916379983767263,1.0
2021-05-10,1.946976818786734,-0.08259233497458747,0.43337069889629626,0.1725018491239468,1.397393144466343,-0.8164089449298537,-0.5382631259797448,-0.46394638214613054,-0.034427353550179986,-1.950291102900629,1.0039454398039436,1.927864270779922,1.0
2021-05-11,1.7042197428164247,-0.01601264744536447,0.4930573704039056,0.008131274131337423,-0.18403464030069674,-0.7782693389808643,-0.5233881594606243,-0.46394638214613054,-0.034427353550179986,-1.950291102900629,0.9588682454038002,1.753239368381531,1.0
2021-05-12,1.3536399590415062,-0.6758864241588862,0.1952999573630809,0.0794692741421503,-0.9747485940516958,-0.7907230908446278,-0.5250396390591616,-0.46394638214613054,-0.034427353550179986,-1.950291102900629,1.1421734180085656,1.6164049196512842,1.0
2021-05-13,1.181509551258457,-0.8044259134456493,0.31388283908777015,0.01750108124699672,-1.2910340871829227,-0.8318204535534979,-0.5310099173461182,-0.46394638214613054,-0.034427353550179986,-1.950291102900629,0.9806017672085351,1.533773963549151,1.0
2021-05-14,1.362676168467824,-0.6263701172620477,0.3993202542465739,0.2287920494820732,-1.3701055709271954,-0.8934665263229883,-0.5390515185194216,-0.46394638214613054,-0.034427353550179986,-1.950291102900629,0.742579282936779,1.5616494871952027,1.0
2021-05-17,1.0977606368837074,-0.6976016301066416,0.5184723357877876,0.1284061737494827,-1.0735879418281873,-0.8934665263229883,-0.5382631259797448,-0.46394638214613054,-0.034427353550179986,-1.950291102900629,0.776676604199662,1.8142528511202962,1.0
2021-05-18,1.0284569110676907,-0.3512664224986405,0.378601399744507,0.20131832712961623,-0.9747485940516958,-0.7907230908446278,-0.5233881594606243,-0.46394638214613054,-0.034427353550179986,-1.950291102900629,0.7521308772550839,1.888562996153584,1.0
2021-05-19,0.7531510781382016,-0.2448841220680947,0.18145400821923968,0.4149336102307865,-1.765462547802695,-0.8934665263229883,-0.5363709852942754,-0.46394638214613054,-0.034427353550179986,-1.950291102900629,0.8897775806877724,1.7417946452903386,1.0
2021-05-20,0.7875800190957483,-0.251946467462465,0.2747268649581015,0.4867897718162624,-2.0087591554930295,-0.9024007349744336,-0.5434073841677354,-0.46394638214613054,-0.034427353550179986,-1.950291102900629,0.7197019133882853,1.7310700576571,1.0
2021-05-21,0.946191703717064,-0.41785992155992535,0.3550219385252653,0.5857582417420434,-2.081748114574899,-0.9024007349744336,-0.5428042647350534,-0.46394638214613054,-0.034427353550179986,-1.950291102900629,0.4125542640591791,1.7320520870150955,1.0
2021-05-25,1.0794831637054412,-0.3418593548932546,0.30446247139808646,0.6897013701354802,-0.9747485940516958,-0.7085283455239322,-0.512246183771518,-0.46394638214613054,-0.034427353550179986,-1.950291102900629,0.08549755340907214,1.6681864485920774,1.0
2021-05-26,1.0349784056249196,-0.21653952854552191,0.35722305945026456,0.8502579565353131,-1.0735879418281873,-0.8398612552768596,-0.5316569426803835,-0.46394638214613054,-0.034427353550179986,-1.950291102900629,0.06659862451205005,1.829514163131701,1.0
2021-05-27,1.05229860962023,-0.20141050775769057,0.31004677061330965,0.6579012752001578,-1.3701055709271954,-0.8677806708708009,-0.535222184729268,-0.46394638214613054,-0.034427353550179986,-1.950291102900629,-0.0061710538520514755,1.8349741598181897,1.0
2021-05-28,0.9017159040284415,-0.2235745815754905,0.22982427585874665,0.7955044222621257,-0.18403464030069674,-0.8218574513665797,-0.528329382435874,-0.46394638214613054,-0.034427353550179986,-1.950291102900629,-0.08257299273916106,1.638033117553625,1.0
2021-05-31,0.9470026104710081,-0.17471464507006612,0.24087480894314842,0.727492203367659,-0.18403464030069674,-0.8318204535534979,-0.528329382435874,-0.6636227131629239,-0.034427353550179986,-2.3962445449674763,0.5625807964111833,1.5520854485620663,1.0
2021-06-01,0.7905621774815349,0.6312333507564443,0.3124947680224593,0.6458404604260786,5.35096279048638,-0.739351379940253,-0.5222981839899268,-0.6636227131629239,-0.034427353550179986,-2.3962445449674763,0.321390838018235,1.6008067732080071,1.0
2021-06-02,0.7281031729971595,0.665795929878311,0.30387374503641085,0.6494029680497675,4.5602490822052975,-0.6879796553662672,-0.502882677098209,-0.6636227131629239,-0.034427353550179986,-2.3962445449674763,0.12918154463814244,1.6308135973659663,1.0
2021-06-03,0.7813712404218234,0.678947666353837,0.2794550319883755,0.635396845417672,1.0020362903258018,-0.6879796553662672,-0.5042045865925205,-0.3522994013625474,-0.034427353550179986,-2.3962445449674763,0.0007597350389057896,1.6254209024748,1.0
2021-06-04,0.5421026839796715,0.7717617658318409,0.2701882421230304,0.7738830998014553,1.8915891776228246,-0.610922089009705,-0.5072201836623137,-0.3522994013625474,-0.034427353550179986,-2.4237314988997443,-0.11843035587505389,1.2468745453136616,1.0
2021-06-07,0.5353496225711797,0.46057344550308643,0.21209708189900955,0.9170709289301596,2.7811422029966706,-0.5338645240201042,-0.4945546681802857,-0.3522994013625474,-0.034427353550179986,-2.4237314988997443,0.10079842842024424,1.1585007852028013,0.0
2021-06-08,0.4239536176552694,0.1397588403222551,0.2146791553603684,0.6957327641086598,3.3741777373483313,-0.5852362198879064,-0.48812138724164295,-0.3522994013625474,-0.034427353550179986,-2.4237314988997443,-0.07053475189897998,1.0689300430291844,1.0
2021-06-09,0.4291198257456279,0.4614432567490653,0.1349625156913331,0.5111318342599536,6.230914586766084,-0.5852362198879064,-0.48812138724164295,-0.3522994013625474,-0.034427353550179986,-2.4237314988997443,-0.09910605307363184,0.7912342218521945,0.0
2021-06-10,0.4379518817604486,0.6926393219328638,0.18935402602253604,0.6007524075513422,2.1881072209523,-0.5167405834773618,-0.4835261849816132,-0.3522994013625474,-0.034427353550179986,-2.4237314988997443,-0.17411795204572192,0.8429428576965474,0.0
2021-06-11,0.41157317785674746,1.2295882469385566,0.2167161597594465,0.7727125769918158,1.713678760332528,-0.5338645240201042,-0.48859442477124015,-0.3522994013625474,-0.034427353550179986,-2.4237314988997443,-0.45915502093996313,0.864710387601955,0.0
2021-06-14,0.5080546569664024,1.3193870338725773,0.230673157328963,1.1432886380435756,1.8915891776228246,-0.5646875373852238,-0.5007581848974981,-0.3522994013625474,-0.034427353550179986,-2.4237314988997443,-0.6210429323429435,0.9250567235528548,1.0
2021-06-15,0.6802226801106452,0.7759525730709229,0.1840235489452388,1.2047690860806353,6.230914586766084,-0.037271205153374676,-0.4835261849816132,-0.3522994013625474,-0.034427353550179986,-2.4237314988997443,-0.5434574664869452,0.9850863297646506,1.0
2021-06-16,0.6395575091487222,0.5012138224188093,0.17606477815297084,1.0589585197745262,6.230914586766084,1.5210042325363988,-0.4485319599829479,-0.3522994013625474,-0.034427353550179986,-2.4237314988997443,-0.7622277267016975,0.8828502467568939,1.0
2021-06-17,0.6185493502551129,0.3346268677614174,0.1869024215024102,1.1030667831041376,4.085821063431388,1.5210042325363988,-0.4398717762075161,-0.3522994013625474,-0.034427353550179986,-2.4237314988997443,-1.32892807866214,0.5021274789150812,0.0
2021-06-18,0.6820583804801448,0.2500873921433998,0.10220204647630254,1.0338219116811447,6.230914586766084,5.530567302284733,-0.4559549799806611,-0.3522994013625474,-0.034427353550179986,-2.4237314988997443,-1.7356452582889157,0.15040069456348035,0.0
2021-06-21,0.5108721272513058,0.2173564324289715,0.18383553712113845,0.947668087292935,6.230914586766084,3.3190144431145354,-0.45595498853988803,-0.3522994013625474,-0.034427353550179986,-2.4237314988997443,-1.2933535469361968,0.3918526397940876,0.0
2021-06-22,0.4646437074240368,0.3654879232886854,0.16468366633194348,0.9581120072101407,6.230914586766084,4.469740897507225,-0.4378613832786922,-0.3522994013625474,-0.034427353550179986,-2.4237314988997443,-1.1634312906439435,0.27208282533702,0.0
2021-06-23,0.6304155520176671,0.11170341948094097,0.12110340732204948,0.8799781137184125,6.230914586766084,1.8806063081425737,-0.43183018202424833,-0.3522994013625474,-0.034427353550179986,-2.4237314988997443,-0.9718330798226168,0.23605303228808067,0.0
2021-06-24,0.5945627161314907,0.14868645164684102,0.27967060658439313,1.0645050751535363,6.230914586766084,1.065508481092369,-0.41945848767512434,-0.3522994013625474,-0.034427353550179986,-2.4237314988997443,-0.7880461759042616,0.3423471949946567,0.0
2021-06-25,0.6776060110427714,0.3205049325886446,0.2737352775566578,1.0200482604331087,6.230914586766084,1.065508481092369,-0.41945848767512434,-0.3522994013625474,-0.034427353550179986,-2.4237314988997443,-0.7493698305718471,0.5870597801149143,-1.0
2021-06-28,0.5355467309597484,0.2042808050078715,0.16383228116852736,1.0465261204970815,6.230914586766084,0.9216675514945996,-0.4237885898381331,-0.3522994013625474,-0.034427353550179986,-2.4237314988997443,-1.0095610112043603,0.3154505918809911,0.0
2021-06-29,0.42567875084813145,0.18910115104531078,0.11440857701074207,1.0159225624652235,6.230914586766084,2.599810124449448,-0.43183018202424833,-0.3522994013625474,-0.034427353550179986,-2.4237314988997443,-1.132840555039852,0.3116900069335534,0.0
2021-06-30,0.27844075838924176,-0.36979548045501953,0.14706796000349562,1.0119907867442839,6.230914586766084,1.2167255353421225,-0.44523285563930304,-0.3522994013625474,-0.034427353550179986,-2.4237314988997443,-1.071177529839296,0.17192779651068926,0.0
2021-07-01,0.2950539006494581,-0.5177752036744943,0.14449942796721707,0.9017366728628418,3.7695351284542977,1.2167255353421225,-0.4145981853180736,-0.21080480402647972,-0.034427353550179986,-2.8989675228144884,-1.1914799878689526,0.1206341042196108,0.0
2021-07-02,0.258501461236713,-0.32017308292145463,0.21236606176702633,0.7675402646714392,3.453249488041117,2.4200090866463597,-0.4176391345539534,-0.21080480402647972,-0.034427353550179986,-2.8989675228144884,-1.0067526043587085,0.12468329561019412,0.0
2021-07-05,0.15104844342520699,-0.5037324198336633,0.20416656160026303,0.5624126678402941,3.453249488041117,0.8257736579681757,-0.43492311137254747,-0.21080480402647972,-0.034427353550179986,-2.8989675228144884,-1.0930861878246445,-0.02321521005644253,0.0
2021-07-06,0.21798743045299687,-0.7601396758045352,0.23441655134350114,0.6286485228246486,2.7152499658840457,1.8806063081425737,-0.42873726419798547,-0.21080480402647972,-0.034427353550179986,-2.8989675228144884,-1.4073971837376047,-0.4626644348275506,1.0
2021-07-07,0.10520116842547159,-0.684711213210178,0.1741998425884568,0.7946636334653303,2.5439287873400604,5.188945366879804,-0.4227833745255896,-0.21080480402647972,-0.034427353550179986,-2.8989675228144884,-1.5265529511005502,-0.6156673859186748,1.0
2021-07-08,-0.14253618063595436,-1.0481207507274226,0.0875755290977154,0.6032063135719601,2.5439287873400604,5.530567302284733,-0.4227833745255896,-0.21080480402647972,-0.034427353550179986,-2.8989675228144884,-1.5221957782735394,-0.628392246699399,1.0
2021-07-09,-0.1279963962178936,-0.8656933528191972,0.2563942187289497,0.7992416202949217,2.5439287873400604,2.0963677025392276,-0.4227833745255896,-0.21080480402647972,-0.034427353550179986,-2.8989675228144884,-1.212775000690803,-0.37007709489704416,1.0
2021-07-12,-0.06533768061230168,-0.7781874433120267,0.2181126693738671,0.8012922766206012,3.110607270052784,1.065508481092369,-0.4227833745255896,-0.21080480402647972,-0.034427353550179986,-2.8989675228144884,-1.1956187449163227,-0.3734727697046365,0.0
2021-07-13,-0.289841694160366,-0.8138619854716581,0.07692574396080658,0.8076562336437362,4.56024952405116,1.161402374618793,-0.41675217327114583,-0.21080480402647972,-0.034427353550179986,-2.8989675228144884,-1.2372719006602904,-0.24045444752836237,0.0
2021-07-14,-0.22921421571594422,-0.5888154168367822,0.12016706481686906,0.6110562283160222,2.7811430176499465,2.2402085428288636,-0.40770538150006747,-0.21080480402647972,-0.034427353550179986,-2.8989675228144884,-1.085773823442638,-0.4259749608247619,0.0
2021-07-15,-0.3830671290723179,-0.25904549925734105,0.14206621415053602,0.45881808490103193,0.663158678686978,2.4200090866463597,-0.4302218707767758,-0.21080480402647972,-0.034427353550179986,-2.8989675228144884,-1.3893286897772386,-0.44180426550407736,0.0
2021-07-16,-0.38577206726731395,-0.5317396086505013,0.10960770728641436,0.47649406862305954,0.663158678686978,0.8257736579681757,-0.4302218707767758,-0.21080480402647972,-0.034427353550179986,-2.8989675228144884,-1.4722982963587306,-0.42950375741424196,1.0
2021-07-19,-0.5361996029532751,-0.7332304623576236,-0.11738910303322608,0.34056222231941496,0.832597405605347,0.9216675514945996,-0.42026349785330275,-0.21080480402647972,-0.034427353550179986,-2.8989675228144884,-1.7629910849630093,-0.655053427424584,1.0
2021-07-20,-0.5810325721622708,-0.7535834205209524,-0.041868444240701186,0.15198497941858516,1.002036511248733,1.4933426270568189,-0.40770538150006747,-0.21080480402647972,-0.034427353550179986,-2.8989675228144884,-1.5981041068496857,-0.5382814220698556,0.0
2021-07-21,-0.5228810211615348,-0.530765826873425,0.028179934372462193,-0.3282408463854651,0.25293906240814656,1.161402374618793,-0.40373965277090845,-0.21080480402647972,-0.034427353550179986,-2.8989675228144884,-1.277754709825676,-0.45874712479064983,0.0
2021-07-22,-0.4661587951596041,-0.6158571558142929,0.08767569106556314,-0.20687814678348412,-0.006123857106816666,1.065508481092369,-0.40425897702329616,-0.21080480402647972,-0.034427353550179986,-2.8989675228144884,-1.5183535992069603,-0.49569178063254926,0.0
2021-07-23,-0.5036368507058548,-1.0974474863379464,0.12812832232826216,-0.22751621981593548,-0.0737024463696486,3.049312886409904,-0.39736617577305816,-0.21080480402647972,-0.034427353550179986,-2.8989675228144884,-1.4302996774415648,-0.29219406485754545,-1.0
2021-07-26,-0.49410285181955144,-1.6348959915544405,0.12837631977352681,-0.20857721365061818,-0.3495330339521151,1.8806063081425737,-0.41054360421057945,-0.21080480402647972,-0.034427353550179986,-2.8989675228144884,-1.4258921882260562,-0.24664902607969563,0.0
2021-07-27,-0.440922123127701,-2.0403297113598695,0.16410507736492172,-0.174424865638706,0.11248325804812646,3.049312886409904,-0.37151816947981015,-0.21080480402647972,-0.034427353550179986,-2.8989675228144884,-1.617493010680837,-0.2631098100369834,-1.0
2021-07-28,-0.360742873267073,-1.515121652131167,0.11214194959349957,0.022460836978390412,0.11248325804812646,3.049312886409904,-0.3550694441707584,-0.21080480402647972,-0.034427353550179986,-2.8989675228144884,-1.5660189738569612,-0.3028251217420304,-1.0
2021-07-29,-0.07290638493345811,-1.291016344258524,0.22634001624869868,0.132465940975093,-0.18403464030069674,5.530567302284733,-0.35141418651808176,-0.21080480402647972,-0.034427353550179986,-2.8989675228144884,-1.2417093707274924,-0.2519155383207677,-1.0
2021-07-30,-0.16949204547152488,-1.3693191619048988,0.11771977721386752,0.1134655570240912,-0.18403464030069674,4.757422578086497,-0.35141418651808176,-0.21080480402647972,-0.034427353550179986,-2.8989675228144884,-1.4058069812788405,-0.23602256316233255,-1.0
2021-08-02,-0.11274498188412972,-1.2079319332893685,0.0019060505915419808,0.4341192230306733,-0.18403464030069674,1.7367654678529378,-0.3691057092890788,-0.21080480402647972,-0.034427353550179986,-2.8989675228144884,-1.337521183147744,-0.38031206422690883,-1.0
2021-08-03,-0.08701125807724623,-1.1246760957893014,0.009973833850463493,0.24359314166019877,0.25293906240814656,3.049312886409904,-0.2810501618971388,-0.21080480402647972,-0.034427353550179986,-2.8989675228144884,-1.2784761901422796,-0.46535716610708633,-1.0
2021-08-04,0.015950868861444263,-0.6683809471614396,-0.0817864601539939,0.30386410779901,0.11248325804812646,3.049312886409904,-0.19058215431446746,-0.21080480402647972,-0.034427353550179986,-2.8989675228144884,-1.377996842382463,-0.48156724093933956,-1.0
2021-08-05,0.02916007664204865,-0.6766767556197968,-0.06291666070648802,0.400377597704201,-0.18403464030069674,2.8695118486068165,-0.10142529083936949,-0.21080480402647972,-0.034427353550179986,-2.8989675228144884,-1.4895602055843569,-0.5872479502734165,-1.0
2021-08-06,-0.04087836030211951,-0.42020564702461305,-0.15946220719839663,0.46642344199922975,-0.18403464030069674,5.188945366879804,-0.03377094416690003,-0.21080480402647972,-0.034427353550179986,-2.8989675228144884,-1.51440597474775,-0.43763541973518955,-1.0
2021-08-09,-0.11543048308216439,-0.7019958501949501,-0.17040521499776323,0.635049704111145,-0.0737024463696486,2.2402085428288636,-0.22347961718782883,-0.21080480402647972,-0.034427353550179986,-2.8989675228144884,-1.527870910912445,-0.47767392798945296,-1.0
2021-08-10,-0.08858266786443453,-0.6937400089814431,-0.218822118465752,0.6587463893342528,0.20212793570312565,2.599810509590754,-0.20781417348861403,-0.21080480402647972,-0.034427353550179986,-2.8989675228144884,-1.486737800228548,-0.32497283180686803,-1.0
2021-08-11,-0.18590261909663167,-0.6584528773252363,-0.19187931142408726,0.5096508694928136,-0.18403464030069674,3.049312886409904,-0.24227816690096346,-0.21080480402647972,-0.034427353550179986,-2.8989675228144884,-1.4228843463563907,-0.38375674992380576,-1.0
2021-08-12,-0.3791251927370789,-0.9217387801594973,-0.1889690028245427,0.5142122362690305,-0.28946318055922504,5.188945366879804,-0.25606376940143954,-0.21080480402647972,-0.034427353550179986,-2.8989675228144884,-1.3705819810531734,-0.5030534318326519,-1.0
2021-08-13,-0.49423294392365985,-1.0196601475033262,-0.13800345037926992,0.56691078131762,0.25293906240814656,5.476627047459077,-0.24227816690096346,-0.21080480402647972,-0.034427353550179986,-2.8989675228144884,-1.5516200518200318,-0.6160288728775604,-1.0
2021-08-16,-0.5046338621919064,-1.045861932718055,-0.0924481903091597,0.5437628275465733,1.064461088387747,3.1751736028248994,-0.15267178916439114,-0.21080480402647972,-0.034427353550179986,-2.8989675228144884,-1.7536168079550096,-0.7835136576526264,-1.0
2021-08-17,-0.451564481437238,-1.0769979055577783,-0.13815851400157445,0.7507873728287088,1.1799470735196818,5.530567302284733,-0.11820777007436029,-0.21080480402647972,-0.034427353550179986,-2.8989675228144884,-1.7819641261111248,-0.7150047211627475,-1.0
2021-08-18,-0.45166189009462127,-1.1092939660229912,-0.15982220792907945,0.5114625202547498,0.34310786461601783,5.530567302284733,0.02444321494670219,-0.21080480402647972,-0.034427353550179986,-2.8989675228144884,-1.7700772825168676,-0.8169965477869626,-1.0
2021-08-19,-0.6268458863495902,-1.5707386207642502,-0.16519242535443504,0.44047902542470996,-0.28946318055922504,5.530567302284733,-0.10142529083936949,-0.21080480402647972,-0.034427353550179986,-2.8989675228144884,-1.898400870042381,-1.1118062538871705,-1.0
2021-08-20,-0.8217990404464174,-1.6225117665044677,-0.035938917884965615,0.46262061025680545,-0.18403464030069674,2.0963677025392276,-0.13750760772051548,-0.21080480402647972,-0.034427353550179986,-2.8989675228144884,-1.7884872041540485,-1.2440630898778133,-1.0
2021-08-23,-0.7353824975110475,-1.03676596271751,-0.01981469826599223,0.419413590720105,-0.44760608913498096,4.757422578086497,-0.13289244659193694,-0.21080480402647972,-0.034427353550179986,-2.8989675228144884,-1.7165000861370692,-1.2043587742471493,-1.0
2021-08-24,-0.5739480171555956,-0.19282842858221438,-0.011780117908775896,0.5568799322543332,0.29039382031907524,5.530567302284733,-0.13888618482979476,-0.21080480402647972,-0.034427353550179986,-2.8989675228144884,-1.6129430725522556,-1.177436355146636,-1.0
2021-08-25,-0.6416371753703715,0.25800640141347436,0.23850441297984024,0.3837634218009421,-0.18403464030069674,3.049312886409904,-0.22347961718782883,-0.21080480402647972,-0.034427353550179986,-2.8989675228144884,-1.5357649935164,-1.1724081121170764,-1.0
2021-08-26,-0.39914616760216504,-0.4964422722496228,0.2966138967630413,0.5193909865254029,-0.28946318055922504,2.8695118486068165,-0.25606376940143954,0.012293142980129786,-0.034427353550179986,-2.8989675228144884,-1.6325690153997179,-0.8175241430508007,-1.0
2021-08-27,-0.4425392800632597,-0.3474588128720034,0.09592642862743447,0.5136889968694054,-0.006123857106816666,2.0963677025392276,-0.18196617544890678,0.012293142980129786,-0.034427353550179986,-2.8989675228144884,-1.7097478216543538,-1.0326671669379481,-1.0
2021-08-30,-0.3769425977163078,-0.10435746388661188,0.16102797863864676,0.5790007774715511,-0.3026417554556396,0.8257736579681757,-0.29052778849147043,0.012293142980129786,-0.034427353550179986,-2.8989675228144884,-1.6503477242351132,-1.115439528213805,-1.0
2021-08-31,-0.27798134683363845,0.03098274333139214,0.24319633166246155,0.6649716268904803,-0.05918504417680692,0.9216675514945996,-0.2767421859909943,-0.6028017617612568,-0.034427353550179986,-1.4347998656524166,-1.5787360235020762,-1.1482399922675819,-1.0
2021-09-01,-0.16437275494166337,0.2089869207336675,0.3547784859697183,0.5751120769720885,-0.44760608913498096,0.9216675514945996,-0.20781419549805474,-0.6028017617612568,-0.034427353550179986,-1.4347998656524166,-1.4172034789154786,-1.111284628596086,-1.0
2021-09-02,-0.019919029967132268,0.005629989514261832,0.3127489428728284,0.3904885885109814,-0.44760608913498096,0.6020213323556953,-0.20781419549805474,-0.6028017617612568,-0.034427353550179986,-1.4347998656524166,-1.4970461366900716,-1.0231045817983564,-1.0
2021-09-03,0.10769515403488364,0.14833993111089191,0.49072128776152374,0.3456539604193104,-0.3495330339521151,0.44219817317061255,-0.2767421859909943,-0.6028017617612568,-0.034427353550179986,-1.4347998656524166,-1.234973210206295,-0.9486610801380403,-1.0
2021-09-06,0.22219069665172575,0.32643723609721664,0.4571449463136882,0.5579355004843283,-0.3495330339521151,0.44219817317061255,-0.2767421859909943,-0.6028017617612568,-0.034427353550179986,-1.4347998656524166,-1.1028637092798925,-0.8732555885374397,-1.0
2021-09-07,0.2874374410377423,0.3805979613480465,0.3192420830913553,0.4165515102762247,-0.7111773415933382,0.2623971897896673,-0.27099817104038504,-0.6028017617612568,-0.034427353550179986,-1.4347998656524166,-1.0103286836054826,-0.858089605747394,-1.0
2021-09-08,0.4156457048288766,0.04219583503631328,0.25810578175821236,0.08186068299962368,-0.6584630832466315,0.6020213323556953,-0.20781419549805474,-0.6028017617612568,-0.034427353550179986,-1.4347998656524166,-1.0998477994121827,-1.115217457326365,-1.0
2021-09-09,0.2366254350124271,-0.05339924247379605,0.34612884480062567,-0.08876027391648893,-0.5530346293935092,0.8257736579681757,-0.1857572339330048,-0.6028017617612568,-0.034427353550179986,-1.4347998656524166,-1.347030361266345,-1.3971038756957632,-1.0
2021-09-10,0.5181493430781244,0.10730562648693825,0.30796360535336326,-0.11710372342295582,-0.45986522788316325,0.3702777530257946,0.05870742264263762,-0.6028017617612568,-0.034427353550179986,-1.4347998656524166,-1.233248636328589,-1.2656644049146824,-1.0
2021-09-13,0.5164986375418171,0.21613823322397968,0.42343487865655977,-0.051970449333640444,-0.5530346293935092,-0.020147360297912503,0.5934737489773109,-0.6028017617612568,-0.034427353550179986,-1.4347998656524166,-1.1786250047997782,-1.3751384114572816,-1.0
2021-09-14,0.5471753505397523,0.23158209329268178,0.3791525515132843,-0.07574814445969041,-1.124711537995996,-0.09720490136569317,0.503005792649697,-0.6028017617612568,-0.034427353550179986,-1.4347998656524166,-0.9734593646689438,-1.6203580639658224,-1.0
2021-09-15,0.49415962074400904,0.6217447723258556,0.5994830556658027,-0.07478108741371414,-1.238319927554087,-0.09720490136569317,2.2621058640270797,-0.6028017617612568,-0.034427353550179986,-1.4347998656524166,-0.5526820598673406,-1.6230227638251677,-1.0
2021-09-16,0.47288192403188967,0.34493962061117367,0.49847392158916765,-0.01265848396745534,-1.262280962779953,-0.2770058943153682,0.8950338468057014,-0.6028017617612568,-0.034427353550179986,-1.4347998656524166,-0.9367589115139664,-1.571453475829165,-1.0
2021-09-17,0.5985293823492809,0.6212549978009536,0.3819835567508701,-0.04228137751455436,-1.0115259920287119,-0.46627008920337387,0.7985347166064877,-0.6028017617612568,-0.034427353550179986,-1.4347998656524166,-0.9128688737851876,-1.4664126256484982,-1.0
2021-09-20,0.5301261131133366,0.0606820993107219,0.2726159421542544,-0.14910115826036285,-1.177024282925284,-0.546707402877336,0.050665850927341646,-0.6028017617612568,-0.034427353550179986,-1.4347998656524166,-1.0731182487089337,-1.4445717729454781,-1.0
2021-09-21,0.20279722430705116,-0.0991506342523078,0.2996240739056983,-0.13588987523303023,-1.3701055709271954,-0.6616964608777288,-0.23079017765607412,-0.6028017617612568,-0.034427353550179986,-1.4347998656524166,-1.130800358647843,-1.3595695628058382,-1.0
2021-09-22,0.25040543534732346,-0.30588761894704697,0.30170814263506673,-0.07643429592358562,-1.3206859411468228,-0.5780680700698249,-0.15037416093015651,-0.6028017617612568,-0.034427353550179986,-1.4347998656524166,-1.37527940888195,-1.5024317633017321,-1.0
2021-09-23,0.18437241282232092,-0.1687127501014734,0.24105589643046485,-0.020464844381608033,-1.2383199446980167,-0.546707402877336,-0.15037416093015651,-0.6028017617612568,-0.034427353550179986,-1.4347998656524166,-0.8158852179568955,-1.2948921758589924,-1.0
2021-09-24,0.09169236419522071,-0.21775410515127192,0.1921431292752608,-0.21169869370704017,-1.177024282925284,-0.546707402877336,0.20144580716115795,-0.6028017617612568,-0.034427353550179986,-1.4347998656524166,-0.6568483372042029,-1.27218734531853,-1.0
2021-09-27,-0.019275821447535226,-0.3374125037983252,0.22803934814366952,-0.1388247442817831,-1.177024282925284,-0.546707402877336,-0.08851571568522076,-0.6028017617612568,-0.034427353550179986,-1.4347998656524166,-0.5193748326438912,-1.1359723361418481,-1.0
2021-09-28,-0.08193779327270545,-0.6457530847280261,0.005206279868077566,-0.3540117002082433,-0.6834329085210284,-0.45680691118686334,0.00427195736710021,-0.6692632874854323,-0.034427353550179986,-1.28359674789172,-0.31873730477888923,-1.0848770816112776,-1.0
2021-09-29,-0.41578418304915615,-1.1057138236576642,-0.001568888788198997,-0.4122256891755205,-0.777070105613946,-0.4284172713776992,0.3522257718204647,-0.6692632874854323,-0.034427353550179986,-1.28359674789172,-0.4499191592522726,-1.0435203926311505,-1.0
2021-09-30,-0.5462721669791863,-1.1990276621217753,-0.07983818881657467,-0.4459383638094463,-0.8956771103074231,-0.46627008920337387,-0.10212455089460597,-0.6692632874854323,-0.034427353550179986,-1.28359674789172,-0.3827241303064548,-1.0586254204695231,0.0
2021-10-01,-0.5844624830091011,-1.1292735896586463,-0.0153514161025936,-0.5776241973884455,-0.8956771103074231,-0.4927670877687224,0.12304026598066745,-0.9715980711718758,-0.034427353550179986,-1.6316698801988863,-0.2540526958024297,-1.1946277125473055,-1.0
2021-10-04,-0.7486340999153338,-1.5221496759639546,-0.10709078886935257,-0.9306913872944796,-0.8956771103074231,-0.5278910355850822,0.7985347166064877,-0.9715980711718758,-0.034427353550179986,-1.6316698801988863,-0.027018502955164687,-1.1290430122096786,-1.0
2021-10-05,-0.8129317470714771,-1.3855617759747192,-0.10172222241791845,-0.8419803749425945,-0.4805523177265884,-0.4108113196080147,2.2621058640270797,-0.9715980711718758,-0.034427353550179986,-1.6316698801988863,0.07360366072715478,-1.0593109763946928,-1.0
2021-10-06,-0.8623418719666782,-1.6072765414019843,-0.09095064003602608,-0.8468794180347717,0.15484269631163344,-0.32718295995410884,0.41253783632208335,-0.9715980711718758,-0.034427353550179986,-1.6316698801988863,-0.34708988295188326,-1.1190530986836216,0.0
2021-10-07,-0.8108379902755638,-0.9398939922591054,-0.1044314758036035,-0.785579548423668,-0.18403464030069674,-0.32718295995410884,0.09087382933300459,-0.9715980711718758,-0.034427353550179986,-1.6316698801988863,-0.16910471619844925,-0.9869003614295152,-1.0
2021-10-08,-0.7365232386903597,-0.8270058740659908,-0.16388825544923682,-0.9234900292921766,-0.05918504417680692,-0.3569174970618672,0.09087382933300459,-0.9715980711718758,-0.034427353550179986,-1.6316698801988863,-0.08216743401614857,-0.9581362495306469,-1.0
2021-10-11,-0.7115134514432713,-0.8435830506054008,-0.3303122447094537,-0.927242765180375,-0.05918504417680692,-0.3569174970618672,0.41253783632208335,-0.9715980711718758,-0.034427353550179986,-1.6316698801988863,-0.05059035677666128,-0.8280931580979118,-1.0
2021-10-12,-0.7436293168912759,-0.9992840399894752,-0.23920822920106405,-0.8465055845400037,-0.05918504417680692,-0.23915304123648276,0.6537857573090039,-0.9715980711718758,-0.034427353550179986,-1.6316698801988863,-0.1627788900775595,-1.1209169598173652,-1.0
2021-10-13,-0.8594107245737456,-0.5536647151471895,-0.13954512270465413,-0.5616020824431112,0.49372028540730695,-0.1445208732860582,0.17128987601621795,-0.9715980711718758,-0.034427353550179986,-1.6316698801988863,-0.24365720733159993,-1.233831381439033,-1.0
2021-10-14,-0.6153192262878137,-0.4862029266023126,0.033478850037609295,-0.1688924897779691,0.15484269631163344,-0.2770058943153682,0.09087382933300459,-0.9715980711718758,-0.034427353550179986,-1.6316698801988863,0.164512307366003,-1.1740502670987465,-1.0
2021-10-15,-0.4037260980529944,-0.00389177722734131,-0.08549790440582952,0.002455958998779358,0.44853649324371175,-0.3888821262527165,0.1527322549904792,-0.9715980711718758,-0.034427353550179986,-1.6316698801988863,0.050848308297049644,-1.129180499059522,-1.0
2021-10-18,-0.5308295909707095,0.03303274791137916,-0.05313360185739075,0.12567795078267202,1.0867556537849863,-0.30897052350621745,0.13912346932585098,-0.9715980711718758,-0.034427353550179986,-1.6316698801988863,-0.3293348827222125,-1.153064181406418,-1.0
2021-10-19,-0.4126347547439687,0.8963541712488684,-0.09895362134088345,0.07167847291112442,2.1881072209523,-0.15992617833830064,0.2517058627848398,-0.9715980711718758,-0.034427353550179986,-1.6316698801988863,0.08557884258271335,-1.04860565232699,-1.0
2021-10-20,-0.4245528807167597,0.7322775017489965,-0.08010244688740326,0.09578781290451273,3.3741783725017305,-0.19709435110762086,0.9553457989674687,-0.9715980711718758,-0.034427353550179986,-1.6316698801988863,0.15979146888095475,-0.9355306829092891,-1.0
2021-10-21,-0.5937831082905577,0.32707837880734886,-0.10712588672118815,-0.1586037531187304,2.1881072209523,-0.09720484395332303,0.653785886499836,-0.9715980711718758,-0.034427353550179986,-1.6316698801988863,-0.026488766566257947,-1.0563097249577509,-1.0
2021-10-22,-0.46142089569762773,0.11767907279654594,-0.20940006184522691,-0.14681222622728143,2.1881072209523,-0.19709435110762086,0.9553457989674687,-0.9715980711718758,-0.034427353550179986,-1.6316698801988863,-0.020003544855336237,-1.1898165649916863,-1.0
2021-10-25,-0.5052439297345328,0.48008139733585065,-0.19577795893622085,-0.13006645519522878,2.1881072209523,-0.19709435110762086,0.9553457989674687,-0.9715980711718758,-0.034427353550179986,-1.6316698801988863,-0.05468462750094637,-1.175686351239806,-1.0
2021-10-26,-0.34378114331937715,0.2326824111969536,-0.17968814063681168,0.004333765970764855,2.1881072209523,-0.09720484395332303,3.468345927682744,-0.9715980711718758,-0.034427353550179986,-1.6316698801988863,-0.3851374064901722,-1.1650950715840052,-1.0
2021-10-27,-0.3365612761610514,0.33623752648461325,-0.20766771974540943,-0.044480026316121045,1.3973934144832556,-0.09720484395332303,1.860025957644825,-0.9715980711718758,-0.034427353550179986,-1.6316698801988863,-0.523809934577416,-1.3732436055270227,-1.0
2021-10-28,-0.2614696947943234,0.5564443720421274,-0.13498941258681377,0.016007250058174872,1.2392505942766647,-0.08774162892094077,0.6055362764642855,-0.9715980711718758,-0.034427353550179986,-1.6316698801988863,-0.2925426297172673,-1.1707369588143532,-1.0
2021-10-29,-0.2325888081838377,0.07766782388778946,-0.24251505646511903,-0.08846524499373987,1.5103523132788235,-0.2290589802984702,0.8950337906357756,-0.9715980711718758,-0.034427353550179986,-1.6316698801988863,-0.5314314742086269,-1.289220468536035,-1.0
2021-11-01,-0.10450747475402122,0.26324179955727556,-0.2595685410375025,-0.12200925686130057,0.832597405605347,-0.3569174970618672,0.6537857573090039,-0.9715980711718758,-0.034427353550179986,-1.6316698801988863,-0.29335708673448996,-1.1999737435953084,-1.0
2021-11-02,-0.18778528443757353,0.3863799615221667,-0.21902094966994734,-0.23792519970214604,1.256194380703355,-0.24355453799220655,0.8045658343081619,-0.9715980711718758,-0.034427353550179986,-1.6316698801988863,-0.4551205839964232,-1.3863262497283233,-1.0
2021-11-03,-0.19935374212768606,0.3369995073751541,-0.11939645358940368,-0.08226564577849603,0.49372028540730695,-0.24355453799220655,1.6187779973389596,-0.9715980711718758,-0.034427353550179986,-1.6316698801988863,-0.3606856449022024,-1.3412529774368849,-1.0
2021-11-04,0.039977570033987504,0.40650188267344645,-0.032929872975169194,-0.04887353108194618,-0.4805523177265884,-0.4368290402696145,0.2919138561691507,-0.9715980711718758,-0.034427353550179986,-1.6316698801988863,-0.594171713617451,-1.5052503844630587,-1.0
2021-11-05,0.19995195644382951,-0.025795565399229347,0.17102042149811594,-0.008342040810028931,-0.18403464030069674,-0.4208467292465154,0.41253783632208335,-0.9715980711718758,-0.034427353550179986,-1.6316698801988863,-0.8418145364933717,-1.6408092639539604,-1.0
2021-11-08,0.46493568177471634,0.0879824619528812,0.05646253308539965,0.02361067354102977,-0.4805523177265884,-0.4368290402696145,0.503005792649697,-0.9715980711718758,-0.034427353550179986,-1.6316698801988863,-0.8635822816760621,-1.6113750239832214,-1.0
2021-11-09,0.2507131336232183,0.04756740633830392,-0.0006188166536910964,-0.1585725876330837,-0.18403464030069674,-0.32718295995410884,1.3775298572893195,-0.9715980711718758,-0.034427353550179986,-1.6316698801988863,-1.0006685252939709,-1.666968546990114,-1.0
2021-11-10,0.3223004620427626,0.06910367259072935,-0.08970477803064439,-0.17197591260669076,0.11248325804812646,-0.2770058943153682,1.6187779973389596,-0.9715980711718758,-0.034427353550179986,-1.6316698801988863,-0.7963193823293744,-1.6553805783023163,-1.0
2021-11-11,0.30638023339269493,0.13911625909499126,-0.07349168758867358,-0.21764641801618703,-0.44760608913498096,-0.5002071534528201,0.41253783632208335,-0.9715980711718758,-0.034427353550179986,-1.6316698801988863,-0.7059523645289325,-1.7356727464958102,-1.0
2021-11-12,0.4245064872093239,0.13015245629499725,-0.002854778791138598,-0.4359912381008248,-0.006123857106816666,-0.5053246371226661,1.5222787772678583,-0.9715980711718758,-0.034427353550179986,-1.6316698801988863,-0.5328105646460767,-1.6424424489375493,-1.0
2021-11-15,0.37738574227402816,-0.18843537812679848,-0.13030742637130335,-0.448672808436414,-0.18403464030069674,-0.4993053466419966,2.5033537569290334,-0.9715980711718758,-0.034427353550179986,-1.6316698801988863,-0.3617304413002441,-1.5225138623206842,-1.0
2021-11-16,0.38105314774089627,-0.10852354399205366,-0.15453304768984238,-0.304803504688714,-0.3495330339521151,-0.32718295995410884,2.664185785387985,-0.9715980711718758,-0.034427353550179986,-1.6316698801988863,-0.19549999922483569,-1.5055114891260515,-1.0
2021-11-17,0.488401488021912,-0.4880726496848483,-0.2084076927631156,-0.36389586711861005,-0.4212487734044948,-0.24355453799220655,0.5331619063469033,-0.9715980711718758,-0.034427353550179986,-1.6316698801988863,-0.30294514994330973,-1.4972063194201501,-1.0
2021-11-18,0.45444621466794427,-0.7329968525347791,-0.23532495632495312,-0.43262732363679335,-0.4212487734044948,-0.1871053356437957,1.6187779973389596,-0.9715980711718758,-0.034427353550179986,-1.6316698801988863,-0.35695284113439046,-1.4815480621157457,-1.0
2021-11-19,0.602788523950123,-0.6334822220292883,-0.24350962327674505,-0.3425112429013439,-0.4212487734044948,-0.3219561276016489,1.6187779973389596,-0.9715980711718758,-0.034427353550179986,-1.6316698801988863,-0.7446850424778604,-1.6636748763488884,-1.0
2021-11-22,0.5059888021703609,-0.7540241649308149,-0.32454112738441476,-0.5354999339486215,-0.6584630832466315,-0.3569174970618672,0.6537857573090039,-0.9715980711718758,-0.034427353550179986,-1.6316698801988863,-0.7918720089403655,-1.641505114966977,-1.0
2021-11-23,0.47135757275022333,-0.8776964000589013,-0.35695106343787414,-0.68196465587242,-0.4212487734044948,-0.24355453799220655,0.8045658343081619,-0.9715980711718758,-0.034427353550179986,-1.1741900329159756,-0.5193029401409059,-1.52902566071478,-1.0
2021-11-24,0.3885133950311567,-0.8018251590936123,-0.4319451100805411,-0.7414825772950177,-0.18403464030069674,-0.15992617833830064,0.653785886499836,-0.9715980711718758,-0.034427353550179986,-1.1741900329159756,-0.8179323969598015,-1.7785808063595674,-1.0
2021-11-25,0.44642581824610367,-0.6385007118661447,-0.46115672745140257,-0.7550563807577388,-0.18403464030069674,-0.049888775842055345,0.2517058627848398,-0.9715980711718758,-0.034427353550179986,-1.1741900329159756,-0.8016187897310241,-1.726948046518346,-1.0
2021-11-26,0.26223775379151265,-1.336132111581709,-0.5803481295431676,-1.0732030699301744,-0.4311326971513396,-0.22306554571620477,0.13912346932585098,-0.41435356790666517,-0.034427353550179986,-1.1741900329159756,-1.0613380740423688,-1.8489160111892164,-1.0
2021-11-29,0.31524509785117943,-0.970987915937234,-0.48799436153593445,-0.9839460925974138,-0.6782309381044198,-0.31296610438777717,0.05870742264263762,-0.41435356790666517,-0.034427353550179986,-1.1741900329159756,-0.9279261004879926,-1.6503176608877872,-1.0
2021-11-30,0.25164227631269825,-1.1463239197987722,-0.592670658796792,-1.1083656505655795,0.29039382031907524,-0.1331650540257321,0.09087386261888952,-0.41435356790666517,-0.034427353550179986,-1.1741900329159756,-1.09894689188163,-1.8183363145770226,-1.0
2021-12-01,0.28309152323597675,-0.8945223172915353,-0.6052539369622002,-0.8494435978765105,0.0795366121576608,-0.09720484395332303,0.050665850927341646,-0.9389933395978474,-0.034427353550179986,-0.9493275113454014,-1.347994523541768,-1.8082087429853246,-1.0
2021-12-02,0.3911592197015792,-0.7449503127546284,-0.45407075494772564,-1.1528230829018515,-0.28946318055922504,-0.22306554571620477,-0.03377094416690003,-0.9389933395978474,-0.034427353550179986,-0.9493275113454014,-1.3972155310778456,-1.753256393131091,-1.0
2021-12-03,0.3006260136914416,-0.9822151990533178,-0.4963487701236806,-1.0954352907634992,0.3581693002657059,-0.11261636693006075,-0.03377094416690003,-0.9389933395978474,-0.034427353550179986,-0.9493275113454014,-1.5873358026705164,-1.8211249390405035,-1.0
2021-12-06,0.3278461486447978,-0.8040699152724139,-0.40221167895689003,-0.815896220718787,-0.006123857106816666,-0.22306554571620477,0.02386053892479309,-0.9389933395978474,-0.034427353550179986,-0.9493275113454014,-1.2697386439919298,-1.6648133288785152,-1.0
2021-12-07,0.33691150045744866,-0.6729819658607584,-0.25733446429811335,-0.7604389922048224,1.374801310102696,0.10152256596706495,0.3803714296317163,-0.9389933395978474,-0.034427353550179986,-0.9493275113454014,-0.9866974068672155,-1.6415699392782959,-1.0
2021-12-08,0.38549357682597474,-0.5130572885165219,-0.2600429017565971,-0.6241715081051579,1.0020362903258018,0.13937541904595036,0.1712898310802743,-0.9389933395978474,-0.034427353550179986,-0.9493275113454014,-0.7183218663685338,-1.3833346621610814,-1.0
2021-12-09,0.4126229147133102,-0.5267753370129264,-0.33300381434378745,-0.5879345359417665,0.23767932435748976,0.0068904685230620905,-0.0958061942106827,-0.9389933395978474,-0.034427353550179986,-0.9493275113454014,-0.7238069962829328,-1.3492039571773708,-1.0
2021-12-10,0.33398279904571704,-0.8560728632567326,-0.29514789281503245,-0.5384087932000938,0.40900093547401845,0.03122443125717013,-0.12165418216272976,-0.9389933395978474,-0.034427353550179986,-0.9493275113454014,-0.4700980500586819,-1.0338985106204028,-1.0
2021-12-13,0.3646371447989006,-1.2265951077522683,-0.284493059212223,-0.2602589359335751,-0.18403464030069674,-0.11261636693006075,-0.18196617544890678,-0.9389933395978474,-0.034427353550179986,-0.9493275113454014,-0.8293285890975142,-0.9895512847788197,-1.0
2021-12-14,0.4649118703671208,-1.206777654608934,-0.3700345104816981,-0.47566309569550363,0.4402133403187535,0.1545165818994735,-0.16645736427534005,-0.9389933395978474,-0.034427353550179986,-0.9493275113454014,-0.8197724418832713,-1.247399766316811,-1.0
2021-12-15,0.38258215908945736,-1.2900241669866561,-0.2973573113261286,-0.3722194418478037,0.11248325804812646,0.15965372833904293,-0.2667657368465264,-0.9389933395978474,-0.034427353550179986,-0.9493275113454014,-0.5986841113881562,-1.0794614022566416,-1.0
2021-12-16,0.480188111724791,-1.1631645140417395,-0.29064069824889927,-0.08296154193756214,-0.7111773415933382,0.010675721962048444,-0.34136217444157696,-0.9389933395978474,-0.034427353550179986,-0.9493275113454014,-0.3868527403228895,-1.0473425240244834,-1.0
2021-12-17,0.34716017338665034,-1.0186215352136483,-0.38382306946681705,-0.16453951816679085,-0.9747486922396591,0.08259613942762216,-0.3841416323266474,-0.9389933395978474,-0.034427353550179986,-0.9493275113454014,-0.6814409623310143,-1.287414773930354,-1.0
2021-12-20,0.19766264289650382,-1.2847463523080893,-0.44787815407686277,-0.35434449899790366,-0.5530346293935092,0.09698016933585905,-0.3392582871317564,-0.9389933395978474,-0.034427353550179986,-0.9493275113454014,-0.45372859895527456,-1.3050939516167102,-1.0
2021-12-21,0.45794324633569494,-0.7926831162224888,-0.32167687299630887,-0.4041435164036841,1.2985539677516935,0.8737205172094207,-0.1604261817442061,-0.9389933395978474,-0.034427353550179986,-0.9493275113454014,-0.830417143618279,-1.1714826132882672,-1.0
2021-12-22,0.5007056293225385,-0.6769383230392542,-0.289071360270492,-0.21292922359917418,0.8702503695327329,0.8737205172094207,-0.1604261817442061,-0.9389933395978474,-0.034427353550179986,-0.9493275113454014,-0.9461219733720517,-1.1424239645758132,-1.0
2021-12-23,0.5592604783674677,-0.544559551074351,-0.22467747589756784,-0.17385944516361967,0.1955079373177124,0.6723434018906924,-0.20264457929132693,-0.9389933395978474,-0.034427353550179986,-0.9493275113454014,-0.8533636085144454,-0.9834534854073675,-1.0
2021-12-27,0.7255450954231221,-0.4527562611710785,-0.24630931985207008,0.11884017673500487,-0.5161344619936817,0.03464925964551005,-0.29311256440602645,-0.9389933395978474,-0.034427353550179986,-0.44222806817038846,-1.0982886479859086,-1.0189070291537472,-1.0
2021-12-28,0.9167573169843952,0.1868648873744206,-0.2941397637436224,0.16727946590520873,0.20212793570312565,0.2024635286626856,-0.23502258386351133,-0.9389933395978474,-0.034427353550179986,-0.44222806817038846,-0.888919521899932,-0.9606976605923371,-1.0
2021-12-29,0.8684345536639758,0.010390773737569756,-0.3315624987960975,0.1424457765722205,0.25293906240814656,0.15965372833904293,-0.2667657368465264,-0.9389933395978474,-0.034427353550179986,-0.44222806817038846,-0.7820404588822427,-0.8391976692415044,-1.0
2021-12-30,0.8788427206324416,0.2712796198485126,-0.3290411913694389,0.2786548863892869,-1.3206859411468228,-0.35406348322678904,-0.4016741757520292,-0.6338836851391463,-0.034427353550179986,-0.44222806817038846,-0.8555921223334494,-0.8026403713904737,-1.0
2022-01-03,0.89887255815717,0.2408409983978254,-0.3530009577095115,0.34295508680465814,-0.04170619578608564,0.3651405364155515,-0.25510200574739417,-0.6338836851391463,-0.034427353550179986,-0.44222806817038846,-0.6001459240323583,-0.4629045455636116,-1.0
2022-01-04,1.1782648060865673,-0.0865750122968295,-0.36166372423182325,0.34066303937652737,1.8571104336494633,0.6476850058524206,-0.10362071179580493,-0.6338836851391463,-0.034427353550179986,-0.44222806817038846,-0.6084631253847879,-0.39876972254977755,-1.0
2022-01-05,1.0858160842263773,-0.13315687654390193,-0.5804780663364297,0.27026361937835863,2.1329410212319297,0.5320987318421851,-0.07556860406739237,-0.6338836851391463,-0.034427353550179986,-0.44222806817038846,-0.3847551644127073,-0.5337965924535457,-1.0
2022-01-06,0.8071901310238327,-0.1991466454661479,-0.5699571340444234,-0.06416456437878738,2.4087716088143964,0.6219992905137576,-0.0475164963389798,-0.6338836851391463,-0.034427353550179986,-0.44222806817038846,-0.7164950705970567,-0.6449872853368375,-1.0
2022-01-07,0.8328649049555904,-0.33633390424926446,-0.5606953436072268,-0.05162889035656989,1.0429353719946568,0.5860390134602484,-0.08068032903080195,-0.6338836851391463,-0.034427353550179986,-0.44222806817038846,-0.6039024066943289,-0.504044065611677,-1.0
2022-01-10,0.8349704164730902,-0.41803152685002576,-0.578672646527577,-0.06722326398354908,1.002036511248733,0.6219992905137576,-0.06995817416153476,-0.6338836851391463,-0.034427353550179986,-0.44222806817038846,-0.6167224244614942,-0.4912418275549944,-1.0
2022-01-11,0.6850026476585314,0.15517802044928372,-0.4557010313974888,0.011915823361088231,2.725196038632763,1.1254420975652841,0.19668438657738208,-0.6338836851391463,-0.034427353550179986,-0.44222806817038846,-0.36125936595474634,-0.387015601130705,-1.0
2022-01-12,0.9432213860908354,0.4870663681998204,-0.3864297412275795,-0.26147373205745256,2.8997497970020327,0.8417559487481006,0.17763849951767235,-0.6338836851391463,-0.034427353550179986,-0.44222806817038846,-0.06647899898916428,-0.23461657406992664,-1.0
2022-01-13,1.0676795067220757,0.5239587706315139,-0.3129160449415293,-0.594359484949137,3.5120931371054933,0.9816012572756478,0.11097784100380792,-0.6338836851391463,-0.034427353550179986,-0.44222806817038846,-0.21616530998223946,-0.05046518453144705,-1.0
2022-01-14,1.0786306394317917,0.5639559331043735,-0.45151333540465527,-0.6756086366108097,3.2753388920180537,1.237108017320786,0.08015167446373739,-0.6338836851391463,-0.034427353550179986,-0.44222806817038846,-0.12419480863055136,-0.06496787855772693,-1.0
2022-01-17,1.053146958124117,0.6260456593669557,-0.5069409716224402,-0.46731964483484684,3.664106391819842,0.977419749725206,0.08015167446373739,-0.6338836851391463,-0.034427353550179986,-0.44222806817038846,0.011256246997924433,-0.24109711787822286,-1.0
2022-01-18,1.057040783845218,0.21798093110970765,-0.6326956856024494,-0.551597291573106,6.230914586766084,0.8737205172094207,0.17690019828481865,-0.6338836851391463,-0.034427353550179986,-0.44222806817038846,-0.23531432999709573,-0.12050343153965191,-1.0
2022-01-19,0.7478726529386511,0.4135400365622369,-0.6985208593477833,-0.46619269745106173,6.230914586766084,1.3771635198457532,0.33212183457481365,-0.6338836851391463,-0.034427353550179986,-0.44222806817038846,-0.43447379372585104,-0.21236133187829012,-1.0
2022-01-20,0.6660820080395121,0.8634381566984392,-0.7074877513586791,-0.104537831921695,6.230914586766084,1.4203156363629026,0.46078744635763397,-0.6338836851391463,-0.034427353550179986,-0.44222806817038846,-0.5345837658711604,-0.4153910601714164,-1.0
2022-01-21,0.3592983797597555,0.19334724298926853,-0.6734709400439177,-0.31634874577838673,3.2099534226795474,1.2764749621863891,0.2945943724184957,-0.6338836851391463,-0.034427353550179986,-0.44222806817038846,-0.5303062789189382,-0.4077768152111316,-1.0
2022-01-24,0.5456318630661589,-0.20189471448401122,-0.7158884902040386,-0.8075112472537426,3.1004697262697456,1.233322631329728,0.2785111401145948,-0.6338836851391463,-0.034427353550179986,-0.44222806817038846,-0.4262074233254593,-0.35730414083149137,-1.0
2022-01-25,0.3131196457688797,-0.3462959914725875,-0.8322379477299067,-0.906561515363475,5.010138371120128,1.6648450825382919,0.5633178789171647,-0.6338836851391463,-0.034427353550179986,-0.44222806817038846,-0.2667437541841933,-0.47739386598555233,-1.0
2022-01-26,0.3327380220806132,-0.6971073213466551,-0.878824121358509,-0.7571541422987518,6.230914586766084,1.5641565248789278,0.5210994813700438,-0.6338836851391463,-0.034427353550179986,-0.44222806817038846,0.05516527963870326,-0.35048146391783996,-1.0
2022-01-27,-0.02528605375494501,-0.8647866359568331,-0.9217470254651432,-1.2825296557704817,6.220748367408562,1.7757223932628645,0.6220427358818711,-0.6338836851391463,-0.034427353550179986,-0.44222806817038846,-0.5106439384107201,-0.5845630262135393,-1.0
2022-01-28,-0.07337650543500816,-0.6758895790410453,-0.8833102932036146,-1.3965114195305839,6.230914586766084,1.5959212368474154,0.3750102942796482,-0.6338836851391463,-0.034427353550179986,-0.44222806817038846,-0.318331502070178,-0.617345459876445,-1.0
2022-01-31,0.061357014492257604,-0.2501068938585569,-0.8362845245750172,-1.3112736064246546,6.230914586766084,2.1143475731415826,0.3750102942796482,-0.7287653459769129,4.650344139744934,-0.5075377815328187,-0.32019910323417206,-0.450133039713492,-1.0
2022-02-01,0.019235385184596138,-0.16981330461006902,-0.7981559428805776,-1.1826043061329115,6.230914586766084,2.248199275912957,0.5864607453949143,-0.7287653459769129,4.650344139744934,-0.5075377815328187,-0.11474742442255985,-0.4202688271226816,-1.0
2022-02-02,0.11013270997475381,-0.1318424213785354,-0.7370399943400983,-1.3207159933251311,2.9294017459014268,1.960517791811569,0.48547325789473017,-0.7287653459769129,4.650344139744934,-0.5075377815328187,-0.38332816688707055,-0.5423788096350587,-1.0
2022-02-03,0.014445972122483972,-0.011283492942123972,-0.8898481869062232,-1.5249188081380156,2.8299809475339543,2.969686812245497,0.48223168320008586,-0.7287653459769129,4.650344139744934,-0.5075377815328187,-0.05807142119438573,-0.48026396606772337,0.0
2022-02-04,0.09375177354383551,-0.05468023253380835,-0.9269515608587822,-1.5293767944200012,3.3214637832615717,3.0133528919329082,0.5235119262825537,-0.7287653459769129,4.650344139744934,-0.5075377815328187,0.3320394600480178,-0.38968414259506395,0.0
2022-02-07,0.1397689280049421,-0.28446010864501525,-0.9795939457591311,-1.4050906294522825,2.91592334603009,3.1751734918276515,0.5358422977741873,-0.7287653459769129,4.650344139744934,-0.5075377815328187,0.2597351404841669,-0.4553127714484446,0.0
2022-02-08,0.22135985532344418,-0.0851729474561562,-1.0427768118560399,-1.4601930516872996,4.692034610246512,3.9483182198533435,0.9904109462009033,-0.7287653459769129,4.650344139744934,-0.5075377815328187,0.42977135782552545,-0.43945511857252956,0.0
2022-02-09,0.3521367252961068,-0.23570889520071714,-0.9733169034317677,-1.4249298788474984,2.871605906127474,3.3190144431145354,0.8950338468057014,-0.7287653459769129,4.650344139744934,-0.5075377815328187,0.40455095492621257,-0.30633946650695343,0.0
2022-02-10,0.3892247936010447,-0.7071325654649991,-1.2798113426459194,-1.4246669868656163,5.075932055429294,5.530567302284733,0.9865417749808142,-0.7287653459769129,4.650344139744934,-0.5075377815328187,0.5491786027214012,-0.13962903123310244,-1.0
2022-02-11,0.4220604424340973,-0.7276207749719961,-1.3068898844866632,-1.4276012874841877,4.732768519509373,4.657068322193023,0.7418604875007777,-0.7287653459769129,4.650344139744934,-0.5075377815328187,0.21437716635505916,-0.2455793084178845,0.0
2022-02-14,0.4044289050748282,-0.860238892357655,-1.2935477367542123,-1.5417193758474161,4.680866708687864,5.530567302284733,1.0266237391500026,-0.7287653459769129,4.650344139744934,-0.5075377815328187,0.13841103699293025,-0.17463509556220635,0.0
2022-02-15,0.450648300120651,-0.4258514886622234,-1.2531211787234828,-1.5822767792152426,5.484982421232587,5.530567302284733,1.6917132632033378,-0.7287653459769129,4.650344139744934,-0.5075377815328187,0.47100300055246996,0.18295472948355124,0.0
2022-02-16,0.6582610846167426,0.09554291323556173,-1.1828056067720645,-1.5736781463179779,4.250046091426309,4.965192340363882,1.5402319065504353,-0.7287653459769129,4.650344139744934,-0.5075377815328187,0.5360051946607833,0.1497033783892139,0.0
2022-02-17,0.558441321906605,-0.23679895970661277,-1.3460717220887684,-1.5515014535643858,2.4037562668379246,4.5176876507694965,1.528309899884401,-0.7287653459769129,4.650344139744934,-0.5075377815328187,0.3741216256315276,-0.004654735222816497,0.0
2022-02-18,0.35889869995703305,-0.5614818713580013,-1.3443089372906074,-1.800206208324054,1.9339490667024692,4.086165067384903,1.0458137798694223,-0.7287653459769129,4.650344139744934,-0.5075377815328187,0.38491897414368437,-0.28193687109841165,0.0
2022-02-21,0.2503692032299172,-0.26299120311787233,-1.3671208508176245,-1.6574716698330694,2.218133945150958,4.721462301032988,1.152364924579177,-0.7287653459769129,4.650344139744934,-0.5075377815328187,0.33312314752940153,-0.3523393096338294,1.0
2022-02-22,-0.007471169817325084,-0.26468852191754627,-1.4054659772888365,-1.6043387910717946,2.4941902036006978,4.27795319976251,1.2989840058108149,-0.7287653459769129,4.650344139744934,-0.5075377815328187,0.08525490594859474,-0.32615691177594264,1.0
2022-02-23,-0.04255003001010899,-0.4669690233463462,-1.5061703004430727,-1.6015213246535942,1.8034355574481125,3.894377675669369,1.355088137665889,-0.7287653459769129,4.650344139744934,-0.5075377815328187,0.6117596342339469,-0.1795103966678853,1.0
2022-02-24,-0.04049885545123045,-0.6322095682746913,-1.3760175500954859,-1.7907407699365407,1.2152623577004507,3.07448488976939,1.244208600570358,-0.7287653459769129,4.650344139744934,-0.5075377815328187,0.5303454443030734,-0.22351090546337912,1.0
2022-02-25,0.13160229603265125,-0.016782176022187234,-1.2554522430769735,-1.2629857431812388,1.2648953049696403,3.988041444961776,1.2448435420314148,-0.7287653459769129,4.650344139744934,-0.21553895005087712,0.8075526764126113,-0.2274382836005737,0.0
2022-02-28,0.04948403697731624,-0.3900208472838848,-1.2585138028001501,-1.3628981580578778,1.3928226568641604,4.454599753455413,1.1845314171471173,-0.7287653459769129,4.650344139744934,-0.21553895005087712,0.3034442189873162,-0.4723619980241586,0.0
2022-03-01,0.13911896902028117,-1.3033048514496455,-1.348807478023948,-1.3138005368852133,1.7356178191843337,3.6935997577119295,1.3353114597421987,-0.7287653459769129,4.650344139744934,-0.21553895005087712,0.4240297758683968,-0.5157328388272452,0.0
2022-03-02,-0.024838881540662078,-1.3890454231793359,-1.297796916464656,-1.4091863145418126,1.2415875320068888,3.6786162357255754,1.4076858298595811,-0.17336050204852044,4.650344139744934,-0.21553895005087712,1.0265546885026178,-0.2962996368091128,-1.0
2022-03-03,-0.1021824664720019,-1.6319344176088104,-1.3647264340260057,-1.3472652653475157,1.7393236772202396,4.606891443478271,1.4679979547438782,-0.2821272839844973,4.650344139744934,-0.31436557512595875,0.8245606038895058,-0.46833536838414297,-1.0
2022-03-04,-0.2890172668385072,-1.8187018615316937,-1.4513720286162572,-1.51999732204178,1.1925451087866645,4.105121160938843,1.5498499013841112,-0.2821272839844973,4.650344139744934,-0.31436557512595875,0.6754829921033904,-0.7095334247420604,-1.0
2022-03-07,-0.5542858013970459,-2.577161900470928,-1.669599335008707,-1.609660478308747,0.6882327755392755,4.105121160938843,1.2870619395785357,-0.2821272839844973,4.650344139744934,-0.31436557512595875,0.41515946941805304,-0.6474445791796436,-1.0
2022-03-08,-0.5777841659936671,-2.479715507989694,-1.7672143055359257,-1.6697086483005108,1.6505778263160895,3.467815590498585,1.733053397743859,-0.2821272839844973,4.650344139744934,-0.31436557512595875,0.32475653004070953,-0.5008221441315188,0.0
2022-03-09,-0.739388043032578,-2.140213889317634,-1.5525108886928436,-1.4457781199101896,0.6354325200877264,3.438881943984765,1.796539656408895,-0.2821272839844973,4.650344139744934,-0.31436557512595875,0.24004270132285105,-0.36290863648494415,-1.0
2022-03-10,-0.6315003571326726,-2.7754089098575094,-1.7922267859549952,-1.6782242588233995,0.6066793134503021,3.888949993682069,1.733053397743859,-0.2821272839844973,4.650344139744934,-0.31436557512595875,0.45374415396307716,-0.2189404352834251,-1.0
2022-03-11,-0.7372169758934048,-2.790471998916301,-1.9402380267702348,-1.6273445041539123,-0.2160905804146332,4.2539797897896765,1.9634179250430304,-0.2821272839844973,4.650344139744934,-0.31436557512595875,0.24638910567412992,-0.17743061522055714,-1.0
2022-03-14,-0.7450155972205537,-2.790471998916301,-2.228790112021745,-1.6922913796186,0.09669214901671913,5.32609519942427,2.0530242000688768,-0.2821272839844973,4.650344139744934,-0.31436557512595875,0.8186566342273817,-0.04556140148950216,-1.0
2022-03-15,-0.6418722867485577,-2.790471998916301,-2.061072203660837,-1.595842111816861,0.3958222329332455,5.530567302284733,3.0501828853592223,-0.2821272839844973,4.650344139744934,-0.31436557512595875,0.9610689034657244,0.059703616017507684,0.0
2022-03-16,-0.5747753180358272,-2.023413645602422,-1.7316340974698747,-1.509956228575513,0.011667015091478179,5.530567302284733,3.178273766880951,-0.2821272839844973,4.650344139744934,-0.31436557512595875,0.6310012295023395,-0.0030871860641958934,-1.0
2022-03-17,-0.40609144312818996,-2.2554818079035006,-1.5038622365855028,-1.5198570482236928,-0.2667097099603571,5.530567302284733,2.9215171771139063,-0.2821272839844973,4.650344139744934,-0.31436557512595875,0.8099127086683582,0.28074761143617677,-1.0
2022-03-18,-0.2828576334360856,-1.7664153585566467,-1.4691813952334816,-1.5845141327961048,0.07724466877125435,5.530567302284733,4.067445055071967,-0.2821272839844973,4.650344139744934,-0.31436557512595875,0.865062216441077,0.09776799284144744,-1.0
2022-03-21,-0.2681752459643098,-1.8720848023948131,-1.7637537373957577,-1.5360801111698208,0.8379260645131801,5.530567302284733,3.8382595718686527,-0.2821272839844973,4.650344139744934,-0.31436557512595875,1.0298166491494785,0.3850539456973656,-1.0
2022-03-22,-0.19562595748216555,-1.5274250424183553,-1.6612932927237771,-1.5466105557630114,1.3227976055942914,4.757422578086497,4.465504065553449,-0.2821272839844973,4.650344139744934,-0.31436557512595875,1.2345059721637892,0.2398619999993794,-1.0
2022-03-23,-0.09111301474913958,-1.3789578044695416,-1.6985254265167646,-1.7361436322008985,0.8942114460405634,4.314835535730458,4.079507343443564,-0.2821272839844973,4.650344139744934,-0.31436557512595875,0.8709489793127492,-0.09755691435480775,-1.0
2022-03-24,-0.0030937605121299267,-1.0441541665800829,-1.6329830432261474,-1.7952484554377586,0.8136603550725346,4.99302421000246,4.108457306104576,-0.2821272839844973,4.650344139744934,-0.31436557512595875,0.7876873492948885,-0.0849111903664647,-1.0
2022-03-25,0.06565593767012123,-0.7866501639820853,-1.6914358795431623,-1.7993429981587699,1.8025293495446442,5.530567302284733,3.629177846298279,-0.2821272839844973,4.650344139744934,-0.31436557512595875,1.0695445049969354,-0.07753462403870216,-1.0
2022-03-28,0.18678626005412088,-1.0858391924042032,-1.5942887589101455,-1.8299236266407752,1.487608975490055,5.530567302284733,3.5326789258001354,-0.2821272839844973,4.650344139744934,-0.31436557512595875,0.7626551959829578,-0.128760125020059,-1.0
2022-03-29,0.31962666509709936,-0.48168499101918133,-1.2971740959687232,-1.6046542554890568,2.0151387992671115,5.530567302284733,4.229425833280613,-0.2821272839844973,4.650344139744934,-0.31436557512595875,0.5266071092292276,-0.21159576711435404,-1.0
2022-03-30,0.382699758573077,-0.2659267854417982,-1.417658637811607,-1.7623308593273992,1.4226555949782442,5.530567302284733,3.9709455685949324,-0.2821272839844973,4.650344139744934,0.04881735403792275,0.6659587613548056,-0.1702552206567926,-1.0
2022-03-31,0.6322735053757291,-0.6112959624954669,-1.4195726393649415,-1.7879245926578453,1.0421803667237592,5.530567302284733,3.695233782698699,-0.49966084785645054,4.650344139744934,-0.05117447915469651,0.2829529875948249,-0.2468121655117133,-1.0
2022-04-01,0.6180271350114318,0.019349460307520563,-1.4110044079881654,-1.8826067917776015,0.984333650930424,3.4988155604576807,2.8939458755648726,-0.49966084785645054,4.650344139744934,-0.05117447915469651,0.054919412360994055,-0.41178924704888337,-1.0
2022-04-04,0.590511739804888,0.826489222241977,-1.230253394311639,-1.788691276969285,1.6281259968606951,3.5559285713869433,2.6923314836103813,-0.49966084785645054,4.650344139744934,-0.05117447915469651,0.06575961013121787,-0.24258326790504675,-1.0
2022-04-05,0.5570155910814782,1.255206915740334,-1.5227218297340237,-1.6296484262869202,2.639202794958567,4.341882100911698,3.4763874894122755,-0.49966084785645054,4.650344139744934,-0.05117447915469651,0.4136751325523626,-0.24130357540105798,-1.0
2022-04-06,0.25016139595268216,0.8946447858414239,-1.6304732732908542,-1.6656153776445615,1.8125178376318707,4.42233879286282,3.446231516842014,-0.49966084785645054,4.650344139744934,-0.05117447915469651,0.25387657580908063,-0.26982386490235905,-1.0
2022-04-07,0.06546129976802069,0.12682087354751317,-1.5973108509187626,-1.6927061456187629,1.6752117969923668,4.27795319976251,3.428138148992386,-0.49966084785645054,4.650344139744934,-0.05117447915469651,0.3765684606245771,-0.19372471693726448,-1.0
2022-04-08,0.10746692211354676,0.546810377193115,-1.7712530913945335,-1.6987628222976532,1.8454642196421742,3.075216324830584,3.4763874894122755,-0.49966084785645054,4.650344139744934,-0.05117447915469651,0.5978030311211058,0.1501626271336214,-1.0
2022-04-11,0.15162735150162437,0.7320275757888446,-1.978333894364918,-1.798859322331665,1.8631562120706284,3.2564749265710273,3.0930711213829167,-0.49966084785645054,4.650344139744934,-0.05117447915469651,0.5366074617836053,0.3252597943592388,-1.0
2022-04-12,-0.14080367615284367,1.1979182371248798,-1.9350030738882522,-1.771854097246354,2.075148040172466,3.828995376294977,3.8985714648834833,-0.49966084785645054,4.650344139744934,-0.05117447915469651,0.6497653447258775,0.29494854964845496,-1.0
2022-04-13,-0.1268217466785449,1.4551164226090167,-1.767985176317535,-1.867607602128451,1.362093466675772,3.514052865084235,4.145533497462943,-0.49966084785645054,4.650344139744934,-0.05117447915469651,0.5444826681420277,0.2881482087217378,-1.0
2022-04-14,-0.09172663832024351,-0.47659361065481287,-1.9039849684395644,-1.9537457785010104,1.5416576327119205,3.5628125613984873,3.6441390247612406,-0.49966084785645054,4.650344139744934,-0.05117447915469651,0.7998658434329929,0.5725143324147126,-1.0
2022-04-19,-0.2523273277880382,-0.5432015433453942,-1.9729705574750551,-1.8719273604794584,2.9326960042377612,3.6122286018683316,3.4667375434992445,-0.49966084785645054,4.650344139744934,-0.05117447915469651,0.7543835915712259,0.35507661874220686,-1.0
2022-04-20,-0.30106314403257206,-0.9488949439184093,-1.912861808760232,-1.8104583575364126,2.367721373643692,2.469045934770647,3.2833891220663007,-0.49966084785645054,4.650344139744934,-0.05117447915469651,0.6353041219842516,0.12214876333895604,-1.0
2022-04-21,0.01936091511910201,-1.0264917566338911,-2.007023202979851,-1.8921069740835066,1.6146223173226935,2.4285714091475468,3.307513899223792,-0.49966084785645054,4.650344139744934,-0.05117447915469651,0.7941142055678817,0.1587386994544762,-1.0
2022-04-22,-0.23399100209741697,-1.5533209693151142,-2.085104189155482,-1.8583607222589331,1.0020362903258018,2.5542908372116773,3.211014503003799,-0.49966084785645054,4.650344139744934,-0.05117447915469651,0.9125591419021858,0.24483742438157163,-1.0
2022-04-25,-0.1965580222012149,-1.5672656711950224,-1.9406158034897232,-1.6971664951288425,1.387509322528145,2.7065308489368016,3.297863815806778,-0.49966084785645054,4.650344139744934,-0.05117447915469651,0.5768082322349667,0.08713339508814152,-1.0
2022-04-26,-0.2654217192972312,-2.0893118243387416,-2.0729499733331194,-1.8122875514664059,1.5349086716597102,2.2421521116119165,3.4667375434992445,-0.49966084785645054,4.650344139744934,-0.05117447915469651,0.37458173493619246,0.061921244735579604,-1.0
2022-04-27,-0.32911406222813955,-1.718308448679116,-2.1613775154693284,-1.8810672176626024,1.1297672694705703,2.268491704735565,3.3461136577117894,-0.49966084785645054,4.650344139744934,-0.05117447915469651,0.3931723199883589,0.31176229636180075,-1.0
2022-04-28,-0.35762670288011766,-1.5067013674725156,-2.096483195972615,-1.3192154218166425,1.1094364194441086,2.0555479006981883,3.3929559985975013,-0.49966084785645054,4.650344139744934,-0.05117447915469651,0.6790691284888603,0.09610869213394134,-1.0
2022-04-29,-0.385561240506903,-1.76348003722839,-2.3053736676047336,-1.09018317451585,0.8973201938111458,2.362847439283868,3.508554009690718,-0.49966084785645054,4.650344139744934,-0.05117447915469651,0.8982824482970821,0.39476972644162983,-1.0
2022-05-02,-0.5794627824875637,-1.7364105994504437,-2.2811112459318332,-1.3095763336324195,0.9003731600374436,2.1840855509535864,4.061413932455424,-0.3990515745656724,-0.034427353550179986,-0.05117447915469651,0.9497002369852534,0.42975644915768246,-1.0
2022-05-03,-0.5870000688979351,-1.3015874706708908,-2.2212451251988172,-1.5576887916157718,1.750247266187123,2.1746651377263078,4.245700293359509,-0.3990515745656724,-0.034427353550179986,-0.05117447915469651,0.6855256964633542,0.3960924933900464,-1.0
2022-05-04,-0.5870000688979351,-1.41366162081368,-2.0459639383255106,-1.6285791230367366,1.395811859654056,2.2421521116119165,3.9133142912733967,-0.3990515745656724,-0.034427353550179986,-0.05117447915469651,0.7874211693947218,0.26752861886526347,-1.0
2022-05-05,-0.6497687867519902,-2.456810549711323,-2.484463914846666,-1.320745746193331,0.984399511714649,1.9961259756508813,4.982464127994527,-0.3990515745656724,-0.034427353550179986,-0.05117447915469651,0.8922123104974942,0.5867639939795009,-1.0
2022-05-06,-0.6374956903114383,-2.369058022277761,-2.682747855514793,-1.3258214490174907,0.33797867950473764,1.6322712060885338,4.362974017645587,-0.3990515745656724,-0.034427353550179986,-0.05117447915469651,0.8412392686944712,0.8436380463586544,-1.0
2022-05-09,-0.7479463528111968,-2.6642762570230567,-2.8778001246549216,-1.769128598060373,0.3061365493766532,1.8380919057762155,4.961785993859468,-0.3990515745656724,-0.034427353550179986,-0.05117447915469651,0.7599390486504254,0.7298951507892919,0.0
2022-05-10,-0.787389589708551,-2.4304889879710685,-2.77568737450619,-1.6185835530772221,0.5994909547932391,1.3000124842191623,4.742939775313449,-0.3990515745656724,-0.034427353550179986,-0.05117447915469651,0.5782176016911023,0.7234358015054144,1.0
2022-05-11,-0.6264956857220101,-2.5761016958888394,-2.783137432471051,-1.5178451294718636,0.5794542705590741,1.3558536604774867,4.181367683688374,-0.3990515745656724,-0.034427353550179986,-0.05117447915469651,0.28353758243841765,0.48796182802921584,0.0
2022-05-12,-0.7147771415839486,-2.4666215142533923,-2.7553179000149752,-1.4655650963210893,0.6008651072485385,0.7629242330905798,4.90578188339784,-0.3990515745656724,-0.034427353550179986,-0.05117447915469651,0.1309693886193805,0.48060778477361943,0.0
2022-05-13,-0.5979525091299185,-1.8974703670853441,-2.7380655635199442,-1.3520139205873656,0.47489381414703935,1.0103268724319554,4.738170599156199,-0.3990515745656724,-0.034427353550179986,-0.05117447915469651,0.6157107753950826,0.5908753017072723,-1.0
2022-05-16,-0.6293600825827846,-2.2171336852301473,-2.743934063344379,-1.2253513872281556,0.5853086867076778,0.9616232933290976,5.186745167234447,-0.3990515745656724,-0.034427353550179986,-0.05117447915469651,0.6712288961135823,0.5746559323294187,0.0
2022-05-17,-0.6159776366982107,-1.5084511445573772,-2.772577404864547,-1.1940530688303657,0.7356458751970235,0.8701245432229101,5.186745167234447,-0.3990515745656724,-0.034427353550179986,-0.05117447915469651,0.6327096344317186,0.7942588111942273,-1.0
2022-05-18,-0.6307634469424633,-1.8130009958521562,-2.922378506009094,-1.364224931678666,0.30007598866067264,0.9377356216207582,4.824695697666532,-0.3990515745656724,-0.034427353550179986,-0.05117447915469651,0.17564946231164938,0.5041453462070243,0.0
2022-05-19,-0.7290336429226789,-1.3950264940753898,-2.7667812836517736,-1.257119030619338,0.4276496763771554,1.0884395163756844,4.808612385476514,-0.3990515745656724,-0.034427353550179986,-0.05117447915469651,0.5276346036540999,0.6449843295570707,0.0
2022-05-20,-0.8052652535374647,-0.9299248571866895,-2.763549230189366,-0.9093202558983114,0.34376683678446324,1.2156818374306821,4.690668841686809,-0.3990515745656724,-0.034427353550179986,-0.05117447915469651,0.47272894153541273,0.6126320015475898,0.0
2022-05-23,-0.7994256793162805,-0.5994516624646777,-2.601727520907422,-0.7393387965443943,0.46374258258240303,1.2496065264374179,5.186745167234447,-0.3990515745656724,-0.034427353550179986,-0.05117447915469651,0.8964931280037606,0.8849449377729548,0.0
2022-05-24,-0.8254404353705984,-0.8048379598155622,-2.4464091802595314,-0.7512451495098379,0.5442545618207375,1.2769106449696863,5.039138155962938,-0.3990515745656724,-0.034427353550179986,-0.05117447915469651,0.7070904827765667,0.5609546460691213,0.0
2022-05-25,-0.7412485544315769,-0.25536018334317045,-2.1208686995486796,-0.7166263752270975,0.41967959741042193,1.2142847786475173,4.48962884271094,-0.3990515745656724,-0.034427353550179986,-0.05117447915469651,0.4239204372172703,0.7437903056470508,0.0
2022-05-26,-0.8393340017426468,-0.1744125202899911,-1.8221488892993025,-0.5846421679178572,0.4618454559637972,1.6163052298941913,4.407604715411482,-0.3990515745656724,-0.034427353550179986,-0.05117447915469651,0.5793037197221625,0.7988863797521354,-1.0
2022-05-27,-0.6578488939006855,-0.23289138621007638,-1.4681480124851316,-0.8808620945461896,0.5412060079953045,1.477562295120769,5.186745167234447,-0.3990515745656724,-0.034427353550179986,-0.05117447915469651,0.5076777080681028,0.9508527742169739,-1.0
2022-05-30,-0.6081449742697801,-0.30595447853906904,-1.6045825088681744,-0.8750458810144485,0.4530379372688834,1.5634573429213092,5.186745167234447,-0.3990515745656724,-0.034427353550179986,-0.05117447915469651,0.8537488230366642,0.8312800789213011,-1.0
2022-05-31,-0.6093495802475704,0.012221872365593644,-1.7021967355721497,-0.594994572667647,0.6376876748014138,1.370499891774344,4.624325739041964,-0.5105375260500487,-0.034427353550179986,-0.017854415752219615,1.1973378798097642,1.1750367006690348,0.0
2022-06-01,-0.6511950120870597,-0.28555758275806875,-1.7862868975465815,-0.7054771060564642,0.36725661023167294,1.4446581851866989,4.769476947953906,-0.5105375260500487,-0.034427353550179986,-0.24946737927633234,0.5774963457507521,1.165822834620853,0.0
2022-06-02,-0.6189389841934134,-0.1541554791123269,-1.8555413909194511,-0.5793032965878457,0.6133240526790115,1.3932650607370443,5.186745167234447,-0.4076274169875475,-0.034427353550179986,-0.24946737927633234,0.9098738858688955,1.2657309829150167,-1.0
2022-06-03,-0.5203658891788464,0.29006198828744556,-2.017497903331771,-0.35904997589194304,0.7967264616241548,1.6801723024437196,5.186745167234447,-0.4076274169875475,-0.034427353550179986,-0.24946737927633234,1.162115739667257,1.341347224640434,-1.0
2022-06-06,-0.5237616900712775,0.7013013111746754,-2.27367207755688,-0.3065451784736396,0.8201234836296509,1.7391233979136778,5.186745167234447,-0.4076274169875475,-0.034427353550179986,-0.24946737927633234,1.4145043093617784,1.3280704833851038,-1.0
2022-06-07,-0.661845998272712,1.4096091542700218,-2.3377311217061,-0.25520043865158526,1.0761657400591773,1.451081607111709,4.542870309781691,-0.4076274169875475,-0.034427353550179986,-0.24946737927633234,1.1893896286399608,1.0931829148733294,-1.0
2022-06-08,-0.7871648743031022,1.4229806243552099,-2.5150204331443087,-0.7215119953792458,0.7750888060166364,1.4004890451962013,4.405192594936483,-0.4076274169875475,-0.034427353550179986,-0.24946737927633234,0.9022470640140193,0.8189234345512878,-1.0
2022-06-09,-0.8444538553603398,1.049036794657658,-2.5891888253163162,-0.5644621690387099,0.7696577612034101,1.4770528869351338,5.082735297030338,-0.4076274169875475,-0.034427353550179986,-0.24946737927633234,0.4276047422833275,0.6301600968227816,0.0
2022-06-10,-0.9079090577142798,0.9496269796298491,-2.9946812950311115,-0.9566802734867431,0.8198663542186386,1.5416936157386092,5.186745167234447,-0.4076274169875475,-0.034427353550179986,-0.24946737927633234,0.48220884955065235,0.5172892467451787,0.0
2022-06-13,-1.1135745273919646,-0.3814379103510014,-3.32299602073665,-1.2355674960403875,1.2120827764534796,1.8539692359651938,5.186745167234447,-0.4076274169875475,-0.034427353550179986,-0.24946737927633234,0.40473769276082094,0.8817151576139008,0.0
2022-06-14,-1.1165639851354057,-0.015016138345152608,-3.32299602073665,-1.190123166921064,1.6628472291447827,1.8019433258834507,5.186745167234447,-0.4076274169875475,-0.034427353550179986,-0.24946737927633234,0.3203937585890184,0.9226338022931836,0.0
2022-06-15,-1.148810674024405,-0.24664536643512527,-3.2060119454257623,-1.1909538505889443,1.31740791778293,1.8191501694021868,5.186745167234447,-0.4076274169875475,-0.034427353550179986,-0.24946737927633234,0.4979927442800012,0.8130842018001492,0.0
2022-06-16,-1.2589408414222223,-0.3882602571980588,-3.32299602073665,-1.3480663210300408,0.9511878071853839,1.9665112007177452,5.186745167234447,-0.4076274169875475,-0.034427353550179986,-0.24946737927633234,0.1562288254633675,0.6886371123542331,1.0
2022-06-17,-1.3126492327952524,-0.6317433634879163,-3.32299602073665,-1.247112332660661,1.025757686315824,1.8392944078567999,5.186745167234447,-0.4076274169875475,-0.034427353550179986,-0.24946737927633234,0.24249894236203068,0.7936556233026769,1.0
2022-06-20,-1.3823540636478777,-0.7153969287774691,-3.32299602073665,-1.1058590692960972,1.1063329483528055,1.3905990574221403,5.186745167234447,-0.4076274169875475,-0.034427353550179986,-0.24946737927633234,-0.035095979796224794,0.7029950649198946,1.0
2022-06-21,-1.4295695124499166,-0.5433636697216978,-3.32299602073665,-1.1301586740091767,0.9984531828788222,1.061820263296246,4.970269715042181,-0.4076274169875475,-0.034427353550179986,-0.24946737927633234,-0.034761763108742225,0.8503713478925571,1.0
2022-06-22,-1.5489938698425065,-0.5535285824252602,-3.32299602073665,-0.9956568688179901,0.957686522563327,1.3187281178601953,5.181825375615487,-0.4076274169875475,-0.034427353550179986,-0.24946737927633234,0.05156950351589786,0.6541031153092524,0.0
2022-06-23,-1.5790727613959386,-0.5915349217025889,-3.32299602073665,-0.9892424973526929,0.9850113642749433,1.3266850284898026,5.186745167234447,-0.4076274169875475,-0.034427353550179986,-0.24946737927633234,0.03661212801577817,0.5827618457013184,0.0
2022-06-24,-1.5629135836895323,-0.4310568834183141,-3.32299602073665,-0.7824033872896865,1.1312581506536645,1.2139596106300579,5.186745167234447,-0.4076274169875475,-0.034427353550179986,-0.24946737927633234,0.15548408605468023,0.8765797587802606,-1.0
2022-06-27,-1.5528671626627564,-0.6395683989084263,-3.32299602073665,-0.7936975401674795,1.2230506086786992,1.3157195980069245,5.186745167234447,-0.4076274169875475,-0.034427353550179986,-0.24946737927633234,0.43670860436271486,0.8644766967356552,-1.0
2022-06-28,-1.539946922130524,-0.7638655192431786,-3.32299602073665,-1.053123396294027,1.4660505564544555,1.2560002698371557,5.186745167234447,-0.4076274169875475,-0.034427353550179986,-0.24946737927633234,0.2166335052283679,0.5276523566107137,0.0
2022-06-29,-1.6163168665027736,-1.120588283670918,-3.32299602073665,-1.0427495515312606,1.3705245543506388,1.3394910317528195,5.186745167234447,-0.4076274169875475,-0.034427353550179986,-0.24946737927633234,-0.0035448005048217424,0.4649965736693932,0.0
2022-06-30,-1.7163423666119504,-1.0744393266162156,-3.32299602073665,-1.2370511118779153,0.8848270164209395,1.3379209174181843,5.186745167234447,-0.18511907306862668,-0.034427353550179986,-0.24946737927633234,0.09600971614062728,0.2620156409678133,0.0
2022-07-01,-1.8729245327567194,-1.5313994480857653,-3.32299602073665,-1.159576156083318,0.8603045311152749,1.3095583430320312,4.281552963603391,-0.18511907306862668,-0.034427353550179986,-0.5472061109027483,0.1789308162026743,0.15685854589980855,0.0
2022-07-04,-1.8548957568453954,-1.2118175953091819,-3.2939019587797134,-1.3884053188353693,0.7940821256400478,1.146697434079608,3.9971994523936445,-0.18511907306862668,-0.034427353550179986,-0.5472061109027483,0.08770088288877351,0.0988154979373654,-1.0
2022-07-05,-1.7636375786280591,-1.4701158629122337,-3.315470929493913,-1.3959525101922552,0.7770918896454159,0.7587341350524363,3.8168150572222266,-0.18511907306862668,-0.034427353550179986,-0.5472061109027483,-0.5436554508721615,-0.11410907762009158,0.0
2022-07-06,-1.790031505286522,-1.6465836467100596,-3.32299602073665,-1.1256398701267676,1.006877391454034,0.9997712341653755,4.49182240743153,-0.18511907306862668,-0.034427353550179986,-0.5472061109027483,-0.420002722049661,-0.1356140696726202,-1.0
2022-07-07,-1.7470333452689597,-1.3650668331782372,-3.0270884393785797,-0.9783636855051304,1.0087698345664065,1.0230099114290094,4.414574112721291,-0.18511907306862668,-0.034427353550179986,-0.5472061109027483,-0.35628884038615943,-0.0024384966984334097,-1.0
2022-07-08,-1.6268505087492526,-0.8922097007826554,-3.1059908317791867,-0.9713770733161367,0.9752107800531021,0.9880612500765895,3.21551262958959,-0.18511907306862668,-0.034427353550179986,-0.5472061109027483,-0.3163672136491491,0.18351536967930393,-1.0
2022-07-11,-1.7464284057016324,-1.2080284816204965,-3.2539434914216336,-0.9924226193345417,1.0407124578571763,1.069386350954302,3.5445661066277627,-0.18511907306862668,-0.034427353550179986,-0.5472061109027483,-0.9418585856395154,-0.3230569762685379,-1.0
2022-07-12,-1.820762697039612,-0.5728285519169998,-3.09846102942652,-0.9171605424450849,0.7898418346226734,1.0629745697928932,4.081700520734626,-0.18511907306862668,-0.034427353550179986,-0.5472061109027483,-0.9201937927363777,-0.22951040022249372,-1.0
2022-07-13,-1.7865098976975047,-0.8966874642794063,-3.101364799157227,-1.0559644687551477,0.6053182423484934,1.261507598085288,4.196860236848837,-0.18511907306862668,-0.034427353550179986,-0.5472061109027483,-1.1089789258937557,-0.4414914975372432,0.0
2022-07-14,-1.721421134365465,-1.3343685160829006,-3.139796570288379,-1.1183562299346361,0.6248726360863628,1.1892857474133927,4.094636603921947,-0.18511907306862668,-0.034427353550179986,-0.5472061109027483,-1.3359195288316557,-0.4387844538751005,0.0
2022-07-15,-1.757791009096167,-0.6113897628359348,-2.7774256470799257,-0.926916431562085,1.0268293300810698,0.9377841675235719,3.6044346912314875,-0.18511907306862668,-0.034427353550179986,-0.5472061109027483,-1.3017343486912014,-0.4436092182511659,-1.0
2022-07-18,-1.6101340292277115,-0.5469164995372086,-2.9595121988062028,-0.9837194252192831,0.9941815233920799,1.0483197885605133,2.751912287358807,-0.18511907306862668,-0.034427353550179986,-0.5472061109027483,-0.9047651015244107,-0.22792991664175422,-1.0
2022-07-19,-1.601274515728628,-0.2124661302383153,-2.646990344373652,-0.804868707142615,1.2926630414183429,1.2063525049216317,2.9657460077040985,-0.18511907306862668,-0.034427353550179986,-0.5472061109027483,-0.740653054426005,0.00409180219925519,-1.0
2022-07-20,-1.3121578970934427,-0.6279533847221517,-2.55817405104369,-0.6652538407867248,1.2347867121972513,1.1964404873055698,3.0784808477807597,-0.18511907306862668,-0.034427353550179986,-0.5472061109027483,-0.7889430401244439,0.04956908107264238,-1.0
2022-07-21,-1.3819741215106933,-0.02409722752346293,-2.286790236417172,-0.7400759538900217,1.0672893231788447,1.1307594247568402,3.120741058477147,-0.18511907306862668,-0.034427353550179986,-0.5472061109027483,-0.8091265504803752,-0.1970499083191711,-1.0
2022-07-22,-1.2715459776547255,-0.2959277105082011,-2.251939059952835,-0.3083604497323152,1.0248455070383231,1.0370740525099418,2.518567705214383,-0.18511907306862668,-0.034427353550179986,-0.5472061109027483,-0.7617618714844548,-0.30162767768809107,-1.0
2022-07-25,-1.2637465901886937,-0.7004083620483098,-2.1844953266547216,-0.48513989249812595,0.9960982361632935,1.1338088409643645,2.690840418403993,-0.18511907306862668,-0.034427353550179986,-0.5472061109027483,-0.628231763683774,-0.19062090930733183,-1.0
2022-07-26,-1.1546229047041845,-0.8830905952030917,-2.2417728722168895,-0.7281955960113371,1.039078135364957,1.271344100581053,2.6750527465510556,-0.18511907306862668,-0.034427353550179986,-0.5472061109027483,-0.5472759179795955,0.06877901174021792,-1.0
2022-07-27,-1.0249276777594716,-0.3854083171363712,-2.0678850008597545,-0.8207763737788336,0.6963054870975682,1.1249078093237963,2.770632491747202,-0.18511907306862668,-0.034427353550179986,-0.5472061109027483,-0.4274078501244019,0.3124776586387144,-1.0
2022-07-28,-1.1113225504850663,-0.21656633550828233,-1.8525544646586505,-0.6512640992700092,0.6549105870645352,1.1736241321841705,2.6660454679649632,-0.18511907306862668,-0.034427353550179986,-0.48197872154049437,-0.6224381924717717,0.20113942865830303,-1.0
2022-07-29,-1.1490530262723653,-0.21690980986556874,-1.8746376534947817,-0.4840103790364746,0.8508123401213195,0.8504169122375491,2.1785209654304465,-0.18511907306862668,-0.034427353550179986,-0.48197872154049437,-0.3526668203805463,0.21853143105702813,-1.0
2022-08-01,-1.1706054207597185,-0.2641791586844684,-1.9012429588649622,-0.24977311313486691,0.7956022971673734,0.9593690056786285,2.401203924211878,-0.18511907306862668,-0.034427353550179986,-0.48197872154049437,-0.7274922047050005,0.009335141868111,-1.0
2022-08-02,-1.1616153788631467,-0.3630208143559903,-1.806311444309894,-0.5714825061153532,1.088605395612083,1.20976727312876,2.5262703738919026,-0.18511907306862668,-0.034427353550179986,-0.48197872154049437,-0.8052699259707504,0.023217542479280796,-1.0
2022-08-03,-1.1774914631499003,-0.03967457229714034,-1.5285502910943491,-0.3856516315070745,0.9772961319605181,1.1464004207256717,2.0742280460587654,-0.18511907306862668,-0.034427353550179986,-0.48197872154049437,-1.1751762566554407,-0.29018457404368003,-1.0
2022-08-04,-1.04721478573534,0.23527329198702132,-1.4534421702968774,0.09318251591569207,0.5095589840436876,1.1416241158063958,2.273593983011374,-0.18511907306862668,-0.034427353550179986,-0.48197872154049437,-0.8775827342397982,-0.12213065635420556,-1.0
2022-08-05,-0.9761094589101607,-0.16004598488642038,-1.5426725189775221,-0.04206678110800326,0.5290161325184324,0.9779151212877185,1.561755636218737,-0.18511907306862668,-0.034427353550179986,-0.48197872154049437,-0.5980905125454669,-0.0394469492457837,-1.0
2022-08-08,-0.958922740147159,-0.1341917647337141,-1.6384661925625366,-0.0901478331609401,0.6101115597891007,1.0074616134721714,1.6455831431894736,-0.18511907306862668,-0.034427353550179986,-0.48197872154049437,-0.5489460902994888,-0.20898095744692272,-1.0
2022-08-09,-1.2643927226548293,0.35486864954740355,-1.5098191340417595,-0.22547954665815975,0.5653824246321889,1.0461706612482617,1.123241354209086,-0.18511907306862668,-0.034427353550179986,-0.48197872154049437,-0.49490176140331066,-0.2764530892705439,-1.0
2022-08-10,-1.3370493211824988,0.7034677708620951,-1.1005742257059887,-0.09452083101130732,0.2897203563337106,0.9371753370875728,1.2569059184827716,-0.18511907306862668,-0.034427353550179986,-0.48197872154049437,-0.39858100496931664,0.13505660645891243,-1.0
2022-08-11,-1.3097332632466634,0.8390737249600959,-1.191292955634229,-0.131254989975793,-0.013501781994123536,0.8311554464075563,1.116177791696105,-0.18511907306862668,-0.034427353550179986,-0.48197872154049437,-0.16950694948297304,0.34502275382460523,-1.0
2022-08-12,-1.1152689248338679,1.268794436268677,-1.029088058319244,-0.1717664686631374,0.052866458479803105,0.7359771193067457,0.9553458256481827,-0.18511907306862668,-0.034427353550179986,-0.48197872154049437,-0.6013411688876867,-0.0038737145400683662,-1.0
2022-08-15,-1.2326115155106931,1.0521906786633974,-1.1938315299379503,0.06674624833474771,0.10507014982852275,0.8057439684243828,1.0728976827040961,-0.18511907306862668,-0.034427353550179986,-0.48197872154049437,-0.22468092354854913,-0.04872672221427829,-1.0
2022-08-16,-1.2658163625380554,0.8946591593403393,-1.2047256910664104,-0.10530540831685765,0.17073708215347475,0.8722822411933243,1.2642482262175814,-0.18511907306862668,-0.034427353550179986,-0.48197872154049437,-0.5918835176920804,-0.07011932420274446,-1.0
2022-08-17,-1.2053493957597137,0.4531606763583241,-1.4681487967930802,-0.37493133877012635,-0.069784515169265,0.8922523382618883,1.3957373818884,-0.18511907306862668,-0.034427353550179986,-0.48197872154049437,-0.300798751122247,0.10645637230284045,-1.0
2022-08-18,-1.1426539215023324,0.4241508863916976,-1.4339280773590417,-0.43909846104818445,0.002504724756531191,0.8615529065688421,1.3934614413135153,-0.18511907306862668,-0.034427353550179986,-0.48197872154049437,-0.8754871556568048,-0.026801936067554242,-1.0
2022-08-19,-0.9753349837900832,-0.10288143992151623,-1.6088006944365791,-0.36978457186574337,0.03709726670813483,0.7828374684788884,1.3336664528862534,-0.18511907306862668,-0.034427353550179986,-0.48197872154049437,-0.6326960636687671,0.02455021750465942,-1.0
2022-08-22,-1.036007198442854,-0.07616515312300466,-1.817968362345861,-0.5526949275536601,0.11109806415679978,0.8262325743569273,1.326442026004841,-0.18511907306862668,-0.034427353550179986,-0.48197872154049437,-0.6331922949168444,-0.17287075979440356,-1.0
2022-08-23,-1.0927094238427004,-0.039727575777495854,-1.9185593214599441,-0.6273391827245307,0.12326349651394233,0.8948490354834695,1.7517627493250796,-0.18511907306862668,-0.034427353550179986,-0.48197872154049437,-0.6118260021877553,-0.048884791577990874,-1.0
2022-08-24,-1.3156321134873927,0.11955198317700086,-2.015002011400235,-0.602213653527226,0.04407451170618079,0.9074004996621006,1.6438741214125416,-0.18511907306862668,-0.034427353550179986,-0.48197872154049437,-0.5052294730256658,-0.019957144708391005,-1.0
2022-08-25,-1.2411741484995218,0.18214162815531593,-1.8270722840318825,-0.635135243164431,0.16138439075257724,0.9193287344176342,1.734375979463058,-0.18511907306862668,-0.034427353550179986,-0.48197872154049437,-0.5928730358341936,0.15658493931463027,-1.0
2022-08-26,-1.2721979059560962,-0.21682397040311863,-2.1258416702812837,-0.952557881147385,0.2753879918545332,0.9274864879730661,1.5709908496011196,-0.06459372011254409,-0.034427353550179986,-0.48197872154049437,-1.1915269594864975,-0.0622894798616676,-1.0
2022-08-29,-1.360201979481115,-0.24828766093093133,-2.2593597178942932,-1.0536735509318635,0.33209716144860296,0.828207961145947,1.5245057134878313,-0.06459372011254409,-0.034427353550179986,-0.48197872154049437,-1.0177250126958108,-0.3513924686272337,-1.0
2022-08-30,-1.3282544447367393,-0.3171977380483176,-2.359541524736442,-1.0511208427630834,0.45272549846083343,0.8602798433759601,1.5165173951990698,-0.06459372011254409,-0.034427353550179986,-0.3836752499598091,-1.127184505612984,-0.2076179347392763,-1.0
2022-08-31,-1.2258739281291429,-0.14453215889771528,-2.337550663248119,-1.0461286574937376,0.19832017382943135,0.8160575050229022,1.7097400891357541,-0.06459372011254409,-0.034427353550179986,-0.7162548591203266,-0.922882333980976,0.11934078590469446,-1.0
2022-09-01,-1.1807351061432387,-0.46796412766558326,-2.0937086430947716,-1.2804856394288702,0.24095777537415083,0.7788600762190908,1.7121130368745652,-0.06459372011254409,-0.034427353550179986,-0.7162548591203266,-0.9789762219451013,0.24874751476164134,0.0
2022-09-05,-1.1776223373893007,-0.8172690490573332,-2.2101526249815957,-1.081814947709507,0.21952459891749346,0.6486848933594518,1.2862467610555237,-0.06459372011254409,-0.034427353550179986,-0.7162548591203266,-0.9101322999664582,-0.048994347945659475,-1.0
2022-09-06,-1.3010767364742377,-1.0800210871008378,-2.0871373768369406,-0.8988975872855789,0.18721518888541652,0.6565651062555741,1.354075133527033,-0.06459372011254409,-0.034427353550179986,-0.7162548591203266,-0.349771366043124,0.03841648675274316,0.0
2022-09-07,-1.3016245428499547,-0.8293266936591323,-1.6173610080706682,-0.6435974097421931,0.15101901125055123,0.6415428435887216,1.386122259336071,-0.06459372011254409,-0.034427353550179986,-0.7162548591203266,-0.3513670469047526,0.07582740602845207,0.0
2022-09-08,-1.2783404135201049,-1.1846519031338536,-1.255754869576521,-0.4506765083509358,0.2043041165429247,0.4201131335983638,1.3303014861898828,-0.06459372011254409,-0.034427353550179986,-0.7162548591203266,-0.5437070958665404,-0.12039698929401921,0.0
2022-09-09,-1.2464921583415356,-0.9713034986593634,-1.3340684765158812,-0.3494213796653995,0.2713403110569653,0.22845876354815703,1.0458137658269422,-0.06459372011254409,-0.034427353550179986,-0.7162548591203266,-0.4377216619779841,-0.10176058412036856,-1.0
2022-09-12,-1.3014489675807053,-0.8868942519892038,-1.5754347279423275,-0.4172364170789984,0.2856493396393598,0.2745959574657397,1.1162242238432591,-0.06459372011254409,-0.034427353550179986,-0.7162548591203266,-0.27360376524682023,0.1444586993238861,-1.0
2022-09-13,-1.4015351635521487,-1.412930763824142,-2.2231605526811364,-0.4096683307955492,0.4200923127975198,0.5328867659225298,1.560476255272899,-0.06459372011254409,-0.034427353550179986,-0.7162548591203266,-0.48526809543107974,-0.2517474849066103,-1.0
2022-09-14,-1.5206188355608397,-1.3117382205678558,-2.2615551564161587,-0.5821226338653345,0.2998895685515931,0.4936379536913309,1.417842923015482,-0.06459372011254409,-0.034427353550179986,-0.7162548591203266,-0.2782156530321993,-0.040209864416091645,-1.0
2022-09-15,-1.4919197232729349,-1.4389200212368427,-2.149388495718207,-0.6890587326683143,0.30277167012547396,0.4779202524397803,1.0885624342710516,-0.06459372011254409,-0.034427353550179986,-0.7162548591203266,-0.36735656389320087,-0.30121899323603013,-1.0
2022-09-16,-1.6485882018964675,-1.50778293877074,-2.187126199278761,-0.8247411050550648,0.2829951137408263,0.4876316960018416,0.8718369444962112,-0.06459372011254409,-0.034427353550179986,-0.7162548591203266,-0.32742779844745784,-0.2722838322178774,-1.0
2022-09-19,-1.7364380423082553,-1.1784665390293074,-2.037916641203337,-0.8579015058853866,0.23430836875735878,0.4165955185745509,0.9729369257320222,-0.06459372011254409,-0.034427353550179986,-0.7162548591203266,-0.1754102716174061,-0.10143269728844287,-1.0
2022-09-20,-1.7787223021473477,-1.1142344380972498,-2.302271564125816,-0.8536136727615641,0.3489806445544429,0.4989047166323368,1.0673538314112065,-0.06459372011254409,-0.034427353550179986,-0.7162548591203266,-0.23938004893588857,-0.15825652289224557,-1.0
2022-09-21,-1.8287455658567022,-1.5470813999321535,-2.21175343576971,-0.986696792313897,0.2433545679629776,0.43949776362743154,0.9275096206505431,-0.06459372011254409,-0.034427353550179986,-0.7162548591203266,-0.9619061486817007,-0.5983262598820038,-1.0
2022-09-22,-1.7982283111354802,-1.636095567457405,-2.4723522452194238,-1.1554360474487435,0.1805740090891058,0.38230123917135844,0.933975460860397,-0.06459372011254409,-0.034427353550179986,-0.7162548591203266,-0.6006805764534623,-0.14001747007263163,-1.0
2022-09-23,-1.808239240920325,-2.5080592779309505,-2.9956964246588944,-1.1965567616951558,0.1444157871932428,0.2899155992869693,0.7985346447089777,-0.06459372011254409,-0.034427353550179986,-0.7162548591203266,-0.7524088890561824,-0.4039503541505111,-1.0
2022-09-26,-1.8838398654832575,-2.4605979815580095,-3.176899445551546,-0.9535923183596586,0.16898814037202745,0.33885208445262405,0.9019266954740602,-0.06459372011254409,-0.034427353550179986,-0.7162548591203266,-0.4805533697713144,-0.36043907376544587,-1.0
2022-09-27,-1.8838398654832575,-2.365673264222177,-3.145565992314698,-0.7246622201423275,0.19917045378814688,0.4646732785106928,1.037923129550289,-0.06459372011254409,-0.034427353550179986,-0.6183460328504263,-0.1615858274379039,-0.05972431545244324,-1.0
2022-09-28,-1.8838398654832575,-1.9806903283475892,-2.778770164914568,-0.636057151143679,0.1107286520632127,0.4529660124603335,1.0060079384198146,-0.06459372011254409,-0.034427353550179986,-0.6183460328504263,-0.3147507281993777,-0.11186672804772728,-1.0
2022-09-29,-1.8749461831216574,-2.468381339316602,-3.129266612952497,-0.6427064747884742,0.11289784658481478,0.44758203933087953,0.8905496873125947,-0.06459372011254409,-0.034427353550179986,-0.6183460328504263,-0.2792613443656507,-0.1507876504402904,0.0
2022-09-30,-1.8838398654832575,-2.391402380739799,-2.955911258262539,-0.4328049444043174,0.07861619780456258,0.4068998475900738,0.5960019418347133,-0.06459372011254409,-0.034427353550179986,-0.6183460328504263,0.4251043535625986,-0.1061166597045182,-1.0
2022-10-03,-1.7922142418434235,-1.9148742000821064,-2.5197340010370355,-0.5848606619723845,0.0935565715175061,0.2350361469335486,0.5937468013717896,-0.06459372011254409,-0.034427353550179986,-0.6183460328504263,0.2227058793337135,-0.15755905037252763,-1.0
2022-10-04,-1.5982995174672476,-1.2944492778096033,-2.0309829590075767,-0.3450391990255581,0.2323520771495324,0.2904395078144734,0.6592687235400299,-0.06459372011254409,-0.034427353550179986,-0.6183460328504263,0.47193349587321487,0.06493335085698225,-1.0
2022-10-05,-1.6243795446773988,-1.0484494475958936,-1.9848571889271045,-0.520142098544525,0.18950470401081787,0.2888355683294314,0.6368118296289262,-0.06459372011254409,-0.034427353550179986,-0.6183460328504263,0.12018630826077384,-0.15463230493962535,-1.0
2022-10-06,-1.541722696172274,-1.3409409246242465,-1.9010345936543354,-0.336255632449232,0.1030810708479089,0.21461600436048875,0.6140509016190244,-0.06459372011254409,-0.034427353550179986,-0.6183460328504263,0.4684248017506732,-0.36969850359654227,-1.0
2022-10-07,-1.5071224688949612,-1.6441709217517388,-2.32845306053801,-0.4592722457027455,0.09177705170777775,0.12463200504681939,0.5240088279539752,-0.06459372011254409,-0.034427353550179986,-0.6183460328504263,0.4445859732483909,-0.37003690470214834,-1.0
2022-10-10,-1.5892654363090952,-2.1910176242391532,-2.7129223505512687,-0.2265614741042286,0.06932430305614656,0.020830705429668687,0.5184913663176747,-0.06459372011254409,-0.034427353550179986,-0.6183460328504263,0.8170135385037732,-0.25680395903977093,-1.0
2022-10-11,-1.7659731897764672,-2.758121120187193,-2.507391534096268,-0.20834101772481667,0.08921712640080216,0.06060548987382917,0.5247761483272181,-0.06459372011254409,-0.034427353550179986,-0.6183460328504263,0.5749199222514566,-0.5892724149030572,-1.0
2022-10-12,-1.8153073022960946,-2.160309935829466,-2.4191688194047805,-0.48670009299271033,0.101856124025546,0.13814180343206933,0.47075013262689824,-0.06459372011254409,-0.034427353550179986,-0.6183460328504263,0.43149032962613654,-0.6600457373119984,0.0
2022-10-13,-1.7439738408303007,-2.1987743976405447,-2.4379217504320123,-0.4621960640472731,0.16101790402493024,0.14401488107249466,0.5348308106896877,-0.06459372011254409,-0.034427353550179986,-0.6183460328504263,0.5419817000372399,-0.2919011258761515,-1.0
2022-10-14,-1.7668514858384352,-2.280649333867138,-2.3602462804605944,-0.48505440998737825,0.22447960275654227,0.06879914887009925,0.541605509150672,-0.06459372011254409,-0.034427353550179986,-0.6183460328504263,0.2791525014304457,-0.35213940484488593,-1.0
2022-10-17,-1.7140970128918316,-1.5927665415729841,-1.9685960375379232,-0.48344383234461485,0.2934845044954656,0.11919144754371373,0.5882159015393185,-0.06459372011254409,-0.034427353550179986,-0.6183460328504263,0.673492403236454,-0.11536680103750512,-1.0
2022-10-18,-1.6763243346454177,-1.648335092968511,-1.998804792025437,-0.12923629735115025,0.4396783142077267,0.17188718795738744,0.6063222767143328,-0.06459372011254409,-0.034427353550179986,-0.6183460328504263,0.947727461416455,0.05856674509125198,-1.0
2022-10-19,-1.6671341418807302,-1.8931620682537882,-2.0796986897318726,-0.5611047294060728,0.2914176742127719,0.19269081574083335,0.5750109443095988,-0.06459372011254409,-0.034427353550179986,-0.6183460328504263,1.2269292253421908,0.2873062543370092,0.0
2022-10-20,-1.6864173453791194,-1.4475348682838882,-2.093361003377607,-0.326983610082362,0.3364980826474271,0.17290998367847335,0.6089996928584641,-0.06459372011254409,-0.034427353550179986,-0.6183460328504263,1.263534997116995,0.41520560325625744,-1.0
2022-10-21,-1.6079289863164525,-1.0549041180356904,-2.0068317133214024,-0.11720782027087065,0.3881592081564994,0.1327225242542319,0.6414929067576488,-0.06459372011254409,-0.034427353550179986,-0.6183460328504263,1.9634133098692295,0.9667389750882187,0.0
2022-10-24,-1.5589774130775924,-1.3256838678365903,-1.7222241163680476,-0.08871177362266855,0.43037151544466856,0.18475760619186807,0.6158669012588449,-0.06459372011254409,-0.034427353550179986,-0.6183460328504263,1.8654917223119294,0.9931442061637291,-1.0
2022-10-25,-1.5089567740003884,-0.9203293887011557,-1.512491313018128,0.33770772090631285,0.41555885061953574,0.23933768007369813,0.6979357996218571,-0.06459372011254409,-0.034427353550179986,-0.6183460328504263,1.6324747905821502,0.676544237835833,-1.0
2022-10-26,-1.5263379967287694,-0.5708193506250228,-1.5676529253087443,0.3452556509055232,0.3122904747791774,0.2337604096463699,0.5068806722381547,-0.06459372011254409,-0.034427353550179986,-0.6183460328504263,1.4375052863546294,0.749881188861573,-1.0
2022-10-27,-1.499944514192562,-0.902897709690063,-1.6291617952915771,0.2315671252778013,0.3300518631619084,0.25168050280043297,0.5857266938912326,-0.06459372011254409,-0.034427353550179986,-0.6183460328504263,1.6416156751397677,0.6006648418140743,-1.0
2022-10-28,-1.5392128861070362,-0.5708676742566123,-1.059720917580163,0.4069548209255366,0.3703006416481506,0.16304302234475315,0.6402663876602245,-0.06459372011254409,-0.034427353550179986,-0.6183460328504263,1.525541368434809,0.45976569405129425,-1.0
2022-10-31,-1.5311919093343496,-0.5546353555225964,-1.2724898727352507,0.19633692110345993,0.4090006916251279,0.18123490274119572,0.6241848345380548,-0.06459372011254409,0.7281963272563565,-0.5516236861947492,1.6847259477729746,0.27929031606400523,-1.0
2022-11-02,-1.4835628259657103,-1.3223465712901952,-1.2331402481496656,0.0864139748931111,0.3240259276957436,0.2049503440589419,0.5534948141039937,-0.06459372011254409,0.7281963272563565,-0.5516236861947492,1.1417893495773683,0.35348368021074206,-1.0
2022-11-03,-1.5522170801314505,-1.219835140410115,-1.2595507888852382,-0.10568257091574809,0.3432681591024422,0.18053654036548047,0.5472323683297691,-0.06459372011254409,0.7281963272563565,-0.5516236861947492,1.2443599940184717,0.4627246836977474,-1.0
2022-11-04,-1.5697778837739937,-0.2640978231141886,-1.0964345626376206,0.06547294520736444,0.33901966849343895,0.1268118304249821,0.5173008191141621,-0.06459372011254409,0.7281963272563565,-0.5516236861947492,1.9085207862051126,0.9698974023787762,-1.0
2022-11-07,-1.6107052636193118,0.18692455215396375,-1.1258960800510107,-0.014515453680638562,0.31301304525411766,0.13380571181358944,0.4665180270109254,-0.06459372011254409,0.7281963272563565,-0.5516236861947492,1.7443848934992294,0.9305972373656193,-1.0
2022-11-08,-1.5315747306302487,0.6398690526802241,-1.1152758593556218,0.16692374904542578,0.39726651853423095,0.18513330506344042,0.45438699805541016,-0.06459372011254409,0.7281963272563565,-0.5516236861947492,1.3323274069031963,0.8167868614949074,-1.0
2022-11-09,-1.5356995080828342,0.6106173271965029,-1.363657449878378,0.12650168788913824,0.3507626402966214,0.1812709188305874,0.3988252774006727,-0.06459372011254409,0.7281963272563565,-0.5516236861947492,1.4494790246876905,0.5654885445715837,-1.0
2022-11-10,-1.6309741519994305,1.3640248167974072,-0.481170868633367,0.6867260581310306,0.16644870675305606,0.16430430676811364,0.4228804109473065,-0.06459372011254409,0.7281963272563565,-0.5516236861947492,1.4987992143673545,0.8926893049202581,-1.0
2022-11-11,-1.3344052522774237,1.9028683930927863,-0.554802132431292,0.8385128444429234,0.13375177381789138,0.12854993651482727,0.42773650942758695,-0.06459372011254409,0.7281963272563565,-0.5516236861947492,1.9700103397256674,0.9358689612466325,-1.0
2022-11-14,-1.3061202719253435,2.1097200505093823,-0.7101191086965498,0.9443081441580895,0.10365609373670154,0.14308985993125478,0.45101908887721154,-0.06459372011254409,0.7281963272563565,-0.5516236861947492,1.8449541358850476,1.078794602897594,-1.0
2022-11-15,-1.3055810824714773,2.0081500954928306,-0.5990136411626417,1.023539513789482,0.10026228768527415,0.16180673011335966,0.4509237795468274,-0.06459372011254409,0.7281963272563565,-0.5516236861947492,1.880354025767526,0.6487225697853911,-1.0
2022-11-16,-1.2380133214567868,1.6360811427570392,-0.7851398799975023,1.0396483878118905,-0.0033235615915625212,0.15368029638056385,0.4016666571583295,-0.06459372011254409,0.7281963272563565,-0.5516236861947492,1.6313321281929463,0.6677220353231994,-1.0
2022-11-17,-1.3419127903960604,2.095477803630332,-1.2223927410602988,1.335161147860797,-0.04998087908088396,0.12089210280632796,0.39707028048632237,-0.06459372011254409,0.7281963272563565,-0.5516236861947492,1.8456538756205878,0.8164743385362613,-1.0
2022-11-18,-1.3028528364021685,1.8187301927012511,-1.4816561246412052,1.2417880173880012,-0.034632317825977865,0.10401530942351361,0.41793546483779825,-0.06459372011254409,0.7281963272563565,-0.5516236861947492,1.810759714578719,0.8090577861145495,-1.0
2022-11-21,-1.378760802068408,1.1955792593209766,-1.68639005404458,1.3077315165910357,-0.05397894970951445,0.0901513503952901,0.412067142614027,-0.06459372011254409,0.7281963272563565,-0.5516236861947492,1.4522834116571526,0.6419908377584446,-1.0
2022-11-22,-1.404549712039527,2.1222124673938767,-1.526878212792824,1.2930556638897792,-0.011261818925063496,0.10973092511786331,0.4356035114707381,-0.06459372011254409,0.7281963272563565,-0.5516236861947492,1.4565193778220402,0.5769658419588349,-1.0
2022-11-23,-1.3700320391178467,2.121840277071587,-1.2101327005951423,1.578661186274677,-0.043441172302183834,0.10021719637930411,0.4312755281178817,-0.06459372011254409,0.7281963272563565,-0.5843872582513652,1.7943300127109185,0.3403927949575963,-1.0
2022-11-24,-1.245002477263232,1.7514499444824259,-1.1269662319600908,1.6491776747491067,-0.021063220236807487,0.08336717945962327,0.3661691470194177,-0.06459372011254409,0.7281963272563565,-0.5843872582513652,1.7278733573269802,0.4322049259108959,-1.0
2022-11-25,-1.2767385312375066,1.8203692863129537,-1.2652614873078294,1.6981979197537884,-0.03615295067539992,0.048926556336418056,0.35249679106635073,-0.06459372011254409,0.7281963272563565,-0.5843872582513652,1.833348875482292,0.4175555910483623,-1.0
2022-11-28,-1.3838098032111057,1.8565868131333234,-1.3346906462371417,1.5537493212436704,-0.056763518621810005,0.055688915032215396,0.3366563312776069,-0.06459372011254409,0.7281963272563565,-0.5843872582513652,1.4703086629968536,0.3303891568458855,-1.0
2022-11-29,-1.443480925314296,2.304122456521464,-1.0696220558409517,1.5910313764459623,-0.018133970192078967,0.07217104843192682,0.3320524906656983,-0.06459372011254409,0.7281963272563565,-0.5843872582513652,1.5951635727989477,0.3720741454652008,-1.0
2022-11-30,-1.3707066579168097,2.304122456521464,-0.7836609359388873,1.4691718959609932,-0.0651349348901508,0.0884619584275265,0.2851194430019332,-0.06459372011254409,0.7281963272563565,-0.5843872582513652,1.734978711883907,0.5400526675680504,-1.0
2022-12-01,-1.2352657577086943,2.304122456521464,-0.5012971358983642,1.7369602555388701,-0.08502365471936145,0.07315975845678037,0.26794550267540856,-0.06459372011254409,0.7281963272563565,-0.6510400422503929,1.448347890857696,0.3252379979631742,-1.0
2022-12-02,-1.181975218751877,2.304122456521464,-0.33361276088411596,1.6331967034725676,-0.0761831723625969,0.0675548245735721,0.267555202508766,-0.06459372011254409,0.7281963272563565,-0.6510400422503929,0.9896067357223804,0.43559006268093975,-1.0
2022-12-05,-1.1272532885760553,1.5104794730654438,-0.15612571933074057,1.5440158806958333,-0.09832307198378236,0.02337763371962001,0.22635731660514888,-0.06459372011254409,0.7281963272563565,-0.6510400422503929,1.1393522941446252,0.5401984870629106,-1.0
2022-12-06,-0.9328232125931041,1.4695062343530183,0.5678789953352289,1.3388407123741064,-0.04288550076928176,0.03261748390627981,0.12716298091224745,-0.06459372011254409,0.7281963272563565,-0.6510400422503929,0.9221316110903868,0.24141391089081013,0.0
2022-12-07,-0.991411847729555,1.1795466988724754,0.5422223217028037,1.1415332723596976,-0.13009600190629714,0.017412256233914822,0.026513348013726512,-0.06459372011254409,0.7281963272563565,-0.6510400422503929,0.4301618921176526,-0.024555351152871226,0.0
2022-12-08,-0.977898613018157,1.8388987661694616,0.1008730664914234,1.0067218628485393,-0.150999588189319,0.00034999235648095216,0.03821201817433678,-0.06459372011254409,0.7281963272563565,-0.6510400422503929,0.19260167897297661,-0.0722544719327074,0.0
2022-12-09,-0.8623792261368181,0.8989744005437771,0.4829853569100553,1.1226279979062825,-0.11500558385938942,-0.04434241934665024,0.12639130735263127,-0.06459372011254409,0.7281963272563565,-0.6510400422503929,0.9891349987634807,0.33256108485578395,0.0
2022-12-12,-0.7262948921917233,0.2574761534794027,0.5009630451520478,1.2099860885648523,-0.122731433733539,-0.03788429290724697,0.11345425613310413,-0.06459372011254409,0.7281963272563565,-0.6510400422503929,0.8019657773089358,0.35670317394170054,0.0
2022-12-13,-0.5408170570628181,0.5376604858368661,0.7505587463540745,1.4658132082581457,-0.0790724289529719,-0.009076212304398016,0.12623559529567036,-0.06459372011254409,0.7281963272563565,-0.6510400422503929,0.9472547493105029,0.39235940871749986,0.0
2022-12-14,-0.5629941889250116,0.06837391915552213,0.6293271656232075,1.5962818365591733,-0.1323416639249783,-0.007597232194560629,0.13173029610920814,-0.06459372011254409,0.7281963272563565,-0.6510400422503929,0.6756750177448712,0.2303974947884434,0.0
2022-12-15,-0.448399577594963,-0.08213499312175931,0.5444321747161034,1.2079274280775767,-0.13342905036442557,0.0021447405651463707,0.10539554419759671,-0.06459372011254409,0.7281963272563565,-0.6510400422503929,0.414575500746277,0.15752873607129936,0.0
2022-12-16,-0.6124958787871275,-0.05966041588040786,0.2447961017475509,1.2309007069261497,-0.15519740520881237,-0.07297635662448616,0.09133780793676469,-0.06459372011254409,0.7281963272563565,-0.6510400422503929,0.564217908729663,0.21683637972289388,1.0
2022-12-19,-0.7946836952838143,0.0773540416024609,-0.04427492458029868,1.0436420364912167,-0.16797184009017638,-0.05763737369543494,0.07602856906109827,-0.06459372011254409,0.7281963272563565,-0.6510400422503929,1.278384209609516,0.16895201890819814,1.0
2022-12-20,-0.9777513857801777,0.3395890090129465,0.04036006770189816,1.1619611535164132,-0.10762598986043716,-0.02425050239192568,0.07245644404005967,-0.06459372011254409,0.7281963272563565,-0.6510400422503929,1.1774179034239323,0.3763427287732811,1.0
2022-12-21,-1.0095328753600918,0.4789717957436762,0.5066648715372392,1.4746203684655623,-0.18007920418401932,-0.02315558280115566,0.031232710084478074,-0.06459372011254409,0.7281963272563565,-0.6510400422503929,1.511850965437286,0.49145020036579035,0.0
2022-12-22,-0.9413435693300697,0.1159799869593232,0.3939054615995061,1.0994853512542182,-0.1795160635020836,-0.03999799208640523,0.04295439287930312,-0.06459372011254409,0.7281963272563565,-0.6510400422503929,1.4196274252787413,0.6382153934775646,0.0
2022-12-23,-0.9275053949107476,0.08825095159250756,0.4684287731719848,1.1316078824398756,-0.1879881930127984,-0.0683261034198738,0.0797663355132803,-0.06459372011254409,0.7281963272563565,-0.6510400422503929,1.3028232308407879,0.8018310967108393,0.0
2022-12-27,-0.7678371421418761,0.5002005554590805,-0.005839181852038881,1.0336545150140624,-0.17267109783060777,-0.06213529655454105,0.07888417786518287,-0.06459372011254409,0.7281963272563565,-0.3542849302577425,1.8018132844627677,1.0372175207624366,0.0
2022-12-28,-0.7809324378478344,0.28338702235123436,-0.32316102580498957,1.1235008913299758,-0.09613568085725469,-0.02669250416287859,0.10040531268641666,-0.06459372011254409,0.7281963272563565,-0.3542849302577425,1.7941354633481834,1.0597719584558736,0.0
2022-12-29,-0.8081276166312537,0.1823968224329555,0.00047109131831126236,0.9596544125583683,-0.16060866803651805,-0.02483214423004776,0.0832269220729427,-0.06459372011254409,0.7281963272563565,-0.3542849302577425,1.438582172581619,1.3534993704260159,0.0
2022-12-30,-0.785019679971173,-0.6913049271408076,0.10955862674643038,0.7724631546234332,-0.1801300899571449,-0.023572057247366,0.006087412585312247,-0.06459372011254409,0.7281963272563565,-0.3542849302577425,1.6782655222659117,1.371253457551523,1.0
2023-01-02,-0.8459909040686092,-0.6246882672326618,-0.27071390673168017,0.48776956848328684,-0.14612993393884313,-0.07198388662234885,0.002168876708162727,-0.06459372011254409,0.7281963272563565,-0.3542849302577425,1.2802643043427901,1.272936508655998,0.0
2023-01-03,-0.8996729137861693,-0.5311804339464653,-0.24506644002837277,0.7140829899765734,-0.15753974967677198,-0.06690130543576683,0.004523709893933661,-0.06459372011254409,0.7281963272563565,-0.3542849302577425,1.011436478460651,0.8076082717100601,0.0
2023-01-04,-0.8942815740999025,0.32219282151294837,0.15732767190289237,0.823878880260491,-0.04597341475966003,-0.03377143907402686,-0.008935867418755636,-0.06459372011254409,0.7281963272563565,-0.3542849302577425,1.0501211374494914,1.1003914469730567,0.0
2023-01-05,-0.6702831923096365,0.2846480418176112,0.014436510910746981,0.9799739179570685,-0.027765372108228485,-0.013829148964918376,-0.0389030224835183,-0.06459372011254409,0.7281963272563565,-0.3542849302577425,0.8445630811475983,0.9307525823375022,0.0
2023-01-06,-0.6140530042555531,0.8547331426523167,0.37625702531966126,1.161705205321697,-0.00823645100373419,-0.012531479995237394,-0.08584750523348188,-0.06459372011254409,0.7281963272563565,-0.3542849302577425,0.6055704621492218,1.0313995326012146,-1.0
2023-01-09,-0.724893133849343,0.7554710315457571,0.5071715906746553,1.3970875953603126,0.006308136776775287,-0.03088308313968988,-0.07664478792869264,-0.06459372011254409,0.7281963272563565,-0.3542849302577425,0.8184866889392929,1.0094638557469822,0.0
2023-01-10,-0.5706244206008988,1.0560158721903574,0.17551474902242456,1.4919161005482418,0.03879788105342787,-0.06692419437520213,-0.06080366989317283,-0.06459372011254409,0.7281963272563565,-0.3542849302577425,1.2500125468529837,1.219550338859442,0.0
2023-01-11,-0.5255523241262057,1.2156497858427315,0.5662627694933285,1.587792892352971,0.03621917916329013,-0.08189948049729136,-0.0662220487599553,-0.06459372011254409,0.7281963272563565,-0.3542849302577425,0.6848868978556722,0.8857412214797273,0.0
2023-01-12,-0.45911546805169623,1.166238729976815,0.3850138488057826,1.38873642025452,-0.05727484415137309,-0.10909912530774564,-0.11180733589486151,-0.06459372011254409,0.7281963272563565,-0.3542849302577425,0.65353302754175,0.666683873459879,0.0
2023-01-13,-0.522236997457464,1.2997912160088472,0.28097437572110956,1.3780117953811681,-0.03338669029119384,-0.1209963429736682,-0.0971467760134577,-0.06459372011254409,0.7281963272563565,-0.3542849302577425,0.49091504255390234,0.8392120435571425,0.0
2023-01-16,-0.5719995147207507,1.823008946124052,0.001767005357162409,1.208120436072845,-0.029195032935170295,-0.15410512457241288,-0.09367406794733497,-0.06459372011254409,0.7281963272563565,-0.3542849302577425,0.46148440719953077,1.0195751875572308,-1.0
2023-01-17,-0.5495093660597146,1.6309710930088004,-0.04771331468975374,1.3034892905563586,0.004004421229135074,-0.16616013118964892,-0.09218782110593045,-0.06459372011254409,0.7281963272563565,-0.3542849302577425,0.5149543191058363,1.2665653965286747,-1.0
2023-01-18,-0.470531395826791,1.4598213483442337,-0.013821133666225116,1.3824406192964172,0.025087695770948045,-0.1586792449000526,-0.09576652657831916,-0.06459372011254409,0.7281963272563565,-0.3542849302577425,-0.10199178766920812,0.8195757534032885,0.0
2023-01-19,-0.5206624391945519,1.635506717777442,0.013249547807644084,0.9999667557641264,-0.01860153701599001,-0.1585269548640322,-0.11138457301280351,-0.06459372011254409,0.7281963272563565,-0.3542849302577425,-0.506317348170882,0.9993084624135901,0.0
2023-01-20,-0.6328760641017787,1.7770809077335261,-0.19772623947400783,1.0477460008487947,0.003818793345313977,-0.16213174918149256,-0.09304020190340774,-0.06459372011254409,0.7281963272563565,-0.3542849302577425,-0.5136691482443234,0.9248738929698148,0.0
2023-01-23,-0.5597341000852354,2.1448699441596775,-0.4379441397042579,0.5057386138082092,0.00030223198171062786,-0.1736146511050026,-0.07842488422501442,-0.06459372011254409,0.7281963272563565,-0.3542849302577425,-0.27206946049289776,0.9507162879328795,0.0
2023-01-24,-0.48389189676341926,2.191776071923857,-0.49093590098030154,0.37109613701479,0.03094609263273044,-0.15933461528140397,-0.07237277897608313,-0.06459372011254409,0.7281963272563565,-0.3542849302577425,-0.4248578520743007,0.6939282608766113,0.0
2023-01-25,-0.5381064132717501,1.8766482357104453,-0.5010724913374033,0.3353614769398983,0.013879398135364,-0.16445869308142258,-0.06836051954743194,-0.06459372011254409,0.7281963272563565,-0.3542849302577425,-0.2971362649065061,0.9375792784757069,0.0
2023-01-26,-0.5314941435472056,2.304122456521464,-0.3359558018572634,0.2783583236812491,-0.07193458225535496,-0.1732013436230112,-0.10747257080858712,-0.06459372011254409,0.7281963272563565,-0.3542849302577425,-0.35386021027344866,0.8111586231907895,0.0
2023-01-27,-0.5696451947419241,1.943094382839727,-0.6076552040767507,0.2844681947631819,-0.04430207582035127,-0.17333195528793807,-0.10056130743925114,-0.06459372011254409,-0.034427353550179986,-0.3542849302577425,-0.2970410272455034,0.9682073270450321,0.0
2023-01-31,-0.7878252020681289,1.7480270633360533,-0.5002000152580717,0.6336601834857384,-0.01141402956274831,-0.17962297198900393,-0.09498389995509364,-0.18846699953962878,-0.8044362399367274,-0.3542849302577425,-0.23993685097709913,0.6270263084695047,0.0
2023-02-01,-0.7748070913360982,1.8352326451840189,-0.27842112306414424,0.8297135640677726,-0.036298504082159094,-0.1885572178770915,-0.10918550083125936,-0.18846699953962878,-0.8044362399367274,-0.3542849302577425,-0.12103723392551484,0.7912220163054164,0.0
2023-02-02,-0.3760406329045896,1.0402239160312479,0.030764257813073455,1.0362802056868108,-0.12473102307403712,-0.18793423298885478,-0.12909675775021023,-0.18846699953962878,-0.8044362399367274,-0.3542849302577425,-0.770265963825036,0.7515110472371522,-1.0
2023-02-03,-0.27604454628736325,0.7163827483623665,-0.5619557576640891,0.9513295496269084,-0.17085041626337946,-0.17949899157125898,-0.12201448693079221,-0.18846699953962878,-0.8044362399367274,-0.3542849302577425,-1.023400201110835,0.4389867553492085,-1.0
2023-02-06,-0.3499057209430185,-0.035890822070187664,-0.5780833421230979,0.7737362421802536,-0.1629161040630821,-0.19910680512688192,-0.11326655342743211,-0.18846699953962878,-0.8044362399367274,-0.3542849302577425,-1.0492812882970801,0.13844127270519677,-1.0
2023-02-07,-0.4994203211776208,-0.10858608446996942,-0.7010705226437322,0.7172596689926185,-0.1379991219393071,-0.1931894966300193,-0.11145281449794,-0.18846699953962878,-0.8044362399367274,-0.3542849302577425,-0.8639248175750549,0.36184822392480687,-1.0
2023-02-08,-0.48222327404859655,-0.2821912230803625,-0.7567760168329535,0.11507942359119103,-0.17364191491507408,-0.18300384183716603,-0.11229417342376648,-0.18846699953962878,-0.8044362399367274,-0.3542849302577425,-0.8872014384606897,0.3776380376024625,-1.0
2023-02-09,-0.5343688059213489,-0.27146524397436506,-0.7972842140503746,0.09174790762064594,-0.15382949402960958,-0.17964876616676062,-0.12409505966773106,-0.18846699953962878,-0.8044362399367274,-0.3542849302577425,-0.8727492208005533,0.7124589517883227,-1.0
2023-02-10,-0.37058832393291297,-0.5689464144137775,-0.7366472066145611,-0.01835804139500744,-0.09922045593103156,-0.17676277677188199,-0.1170240734839873,-0.18846699953962878,-0.8044362399367274,-0.3542849302577425,-0.7698035505864947,0.7079756216115005,-1.0
2023-02-13,-0.5037891153310416,-0.5360558390725121,-0.7139377453604072,-0.07207039818059961,-0.10105192349722987,-0.18732308839096265,-0.11557428025985313,-0.18846699953962878,-0.8044362399367274,-0.3542849302577425,-0.6978382417362118,0.789421328400114,-1.0
2023-02-14,-0.5070740051881651,-0.5711904119750887,-0.47277218991860337,-0.0838218278376538,-0.09312371229646121,-0.18372733277278205,-0.1167116649320436,-0.18846699953962878,-0.8044362399367274,-0.3542849302577425,-0.4745083891840765,0.7915008229921855,-1.0
2023-02-15,-0.4527357460776612,-0.6291063294791492,-0.2456938597454865,-0.08117186880410505,-0.10484000353323655,-0.18432942593698085,-0.12945021262838138,-0.18846699953962878,-0.8044362399367274,-0.3542849302577425,-0.6123042040479304,0.8329900815794105,-1.0
2023-02-16,-0.39148598083324515,-0.4850495677468537,-0.49061027562456344,0.12960259392584733,-0.11334180404197537,-0.1848225950117935,-0.1360938788142373,-0.18846699953962878,-0.8044362399367274,-0.3542849302577425,-0.5852087399685403,0.8300679338690391,-1.0
2023-02-17,-0.3734660834725458,-0.8607726940966011,-0.42770118885146313,-0.06909103718788448,-0.10277909393277024,-0.1748642146946092,-0.13629473071514714,-0.18846699953962878,-0.8044362399367274,-0.3542849302577425,-0.32058326717716457,0.7852084868672077,-1.0
2023-02-20,-0.47350498035850214,-1.1629307668897877,-0.6441840252566817,-0.036115020828257696,-0.10980734285856998,-0.1944293641173488,-0.13888619371822314,-0.18846699953962878,-0.8044362399367274,-0.3542849302577425,-0.23551443180044454,0.8542027824940978,-1.0
2023-02-21,-0.5606700678333022,-1.5502462181824161,-0.619612645850131,-0.14878746130292952,-0.10400408714949762,-0.1934411601589198,-0.14193852207924318,-0.18846699953962878,-0.8044362399367274,-0.3542849302577425,-0.050929857595308645,1.239998342919227,-1.0
2023-02-22,-0.4355673990994832,-1.657680539435463,-0.38049988619760844,-0.06579684307338579,-0.12074974509776788,-0.1922424918844762,-0.14764382487195077,-0.18846699953962878,-0.8044362399367274,-0.3542849302577425,-0.2694505672392804,1.0204780081793488,-1.0
2023-02-23,-0.4943541649050068,-1.5823778868707354,0.03044818842131467,-0.10302238718655855,-0.10835575826267042,-0.18828973100760488,-0.15863128342861021,-0.18846699953962878,-0.8044362399367274,-0.3542849302577425,-0.4167692160499424,0.9789306313415643,-1.0
2023-02-24,-0.23312311175695866,-2.1932047611545507,0.017152814110181124,-0.15829633359491083,-0.10049021649353214,-0.18759970413352334,-0.1557445948430878,-0.18846699953962878,-0.8044362399367274,-0.017854415752219615,-0.1829103065563733,0.9048458414616789,-1.0
2023-02-27,-0.17519448705915583,-2.0068571474050074,0.11370587502922436,0.09692316341603782,-0.1230098270414711,-0.2073345517571609,-0.15936233405495404,-0.18846699953962878,-0.8044362399367274,-0.017854415752219615,-0.44694973574751223,0.7876386070883267,-1.0
2023-02-28,-0.1757124253172429,-1.7549683882464058,0.08516787270076041,-0.08168095878614909,-0.09249653839616898,-0.19972480814972374,-0.14951867372648298,-0.18846699953962878,-0.8044362399367274,-0.017854415752219615,-0.6600620726009947,0.7183269511691172,-1.0
2023-03-01,-0.10718804385903864,-1.302359100424981,0.018016713262615877,-0.28872072531444076,-0.10357920457795965,-0.18575461237812682,-0.1482354510476859,-0.18846699953962878,-0.8044362399367274,-0.017854415752219615,-0.174047431020248,0.89605875487125,-1.0
2023-03-02,-0.18031196441244002,-1.4714502800588987,0.11062470209019769,-0.2544601329491157,-0.07749814411741462,-0.18898546118462795,-0.1519570566091266,-0.18846699953962878,-0.8044362399367274,-0.017854415752219615,0.05758446434304617,0.7443402860612771,-1.0
2023-03-03,-0.047783878056302576,-1.1805604844552766,0.013332816179853097,0.0010752661807983221,-0.07463224887560424,-0.1801434033634768,-0.16438461797706716,-0.06459372011254409,-0.8044362399367274,0.016145587027056915,-0.28508276224175766,0.590817443840811,-1.0
2023-03-06,-0.01046631174292344,-0.8950524572204619,-0.08987833353787396,0.35918252281963486,-0.07651970394635733,-0.19042865419333177,-0.16580313721508402,-0.06459372011254409,-0.8044362399367274,0.016145587027056915,0.07141771421149021,0.7060526077650345,-1.0
2023-03-07,-0.09587329050972437,-0.9371107358364292,-0.34906062523702447,0.3349779755029906,-0.020763565436493613,-0.16318498379834115,-0.15863795812236187,-0.06459372011254409,-0.8044362399367274,0.016145587027056915,0.14507294476998828,0.4046968214343827,-1.0
2023-03-08,-0.1488608049544992,-0.9339748247723285,-0.5287817164653696,0.34465945332902287,-0.02156642954479938,-0.14997543005313352,-0.15912729657815292,-0.06459372011254409,-0.8044362399367274,0.016145587027056915,0.1475425146141867,0.23411068214710123,-1.0
2023-03-09,-0.14062800789569743,-1.3506962596862333,-0.12267553684884518,0.394545212118547,-0.04796630192208117,-0.1606716266062412,-0.18151530160743015,-0.06459372011254409,-0.8044362399367274,0.016145587027056915,-0.2259738286018383,0.5290852319501024,-1.0
2023-03-10,-0.04178013498406377,-1.5442819796863574,-0.15420205537614154,0.3100681498241022,-0.08633095558950353,-0.16743430595640948,-0.18202127065461565,-0.06459372011254409,-0.8044362399367274,0.016145587027056915,-0.4618611866230143,0.21882927634096455,0.0
2023-03-13,-0.11645272572413569,-1.3257509151641578,-0.13368890778620562,-0.06697760262031041,-0.17226361568873225,-0.207591217322625,-0.18937399201576266,-0.06459372011254409,-0.8044362399367274,0.016145587027056915,-0.15642903350240767,0.5518876190530263,1.0
2023-03-14,-0.02313019413781851,-1.4747287033944412,-0.04303856063140196,0.16911065184932417,-0.1661606675289744,-0.1986092320103248,-0.18468850136511714,-0.06459372011254409,-0.8044362399367274,0.016145587027056915,0.06578941936578978,0.5237103648590109,0.0
2023-03-15,-0.01795731812224648,-1.77428275468736,-0.20817580100098476,0.4110612089252557,-0.23595693808681822,-0.21811066386432615,-0.19014499256556644,-0.06459372011254409,-0.8044362399367274,0.016145587027056915,0.08203408075557739,0.3469936134272622,1.0
2023-03-16,0.006230605083996867,-1.3177675139063896,0.18772365990625847,0.741426568947159,-0.24176710292741851,-0.21360258898966858,-0.21546574675518373,-0.06459372011254409,-0.8044362399367274,0.016145587027056915,0.10831758931167328,0.4747126417133429,0.0
2023-03-17,0.19199270458344547,-1.441484193963945,0.11668548058333565,0.7072604851746321,-0.3731956615804021,-0.25454694435604164,-0.22779032216791736,-0.06459372011254409,-0.8044362399367274,0.016145587027056915,-0.18282107749534252,0.7680543290392738,1.0
2023-03-20,0.07991865699630411,-1.1528493697686122,0.19449612329493932,0.9183522712363427,-0.29301108254667524,-0.23705009026780038,-0.20830966680745727,-0.06459372011254409,-0.8044362399367274,0.016145587027056915,-0.2405831908636414,0.6518605732183851,1.0
2023-03-21,0.07991865699630411,-0.9752214608742282,0.7648934979565113,0.8509054155792135,-0.22204963894803176,-0.20859169674042738,-0.19500661243709258,-0.06459372011254409,-0.8044362399367274,0.016145587027056915,-0.07810041074079589,1.0160021658321765,0.0
2023-03-22,0.35985633192119576,-0.6418969673967105,1.0788121289645645,1.0044961295335932,-0.24728500716689372,-0.21633159617718944,-0.2046454295230374,-0.06459372011254409,-0.8044362399367274,0.016145587027056915,-0.07222237852433437,0.9544203089055202,0.0
2023-03-23,0.4648748880821271,-0.26150314101902006,1.0339790089007765,1.0987420125487857,-0.2810425516332584,-0.22383317113705758,-0.21819581075363156,-0.06459372011254409,-0.8044362399367274,0.016145587027056915,-0.2647729297102257,0.7223856362972484,1.0
2023-03-24,0.611980204156314,-0.4143818439508086,0.5525636293194462,1.0550692347334358,-0.278616980209116,-0.22420146907590907,-0.216126101446238,-0.06459372011254409,-0.8044362399367274,0.016145587027056915,-0.7136007802793325,0.7225245232378588,1.0
2023-03-27,0.4933790438753768,-0.057928750582427614,0.7219691343761837,1.141112420064226,-0.24456127175386153,-0.23638688452893916,-0.20887442253261798,-0.06459372011254409,-0.8044362399367274,0.016145587027056915,-0.3799043494956524,0.9803941032156022,0.0
2023-03-28,0.643320853550814,0.13008148442018197,0.8210945871371241,1.0021918449180536,-0.20284914724329528,-0.2212446046842723,-0.2013549103167676,-0.06459372011254409,-0.8044362399367274,0.016145587027056915,-0.241189410664027,0.8370492351946288,0.0
2023-03-29,0.4123254740552347,0.33807704506830427,0.8073937558115426,1.1881445722083688,-0.22432575842876357,-0.21453983601346832,-0.19785791224474544,-0.06459372011254409,-0.8044362399367274,0.016145587027056915,-0.49313133346183907,0.8098397941645885,0.0
2023-03-30,0.353087731605225,0.09966815380642235,0.43426023018364995,1.1502989803258163,-0.21415704851505235,-0.20863090848583182,-0.2129603940496272,-0.06459372011254409,-0.8044362399367274,0.016145587027056915,-0.5272087735804116,0.5045423546541459,0.0
2023-03-31,0.3847407485096955,-0.0017073915354828936,0.7910056230108264,1.1027081470272397,-0.25334558685219344,-0.2212274498932479,-0.21655314638135115,-0.18846699953962878,-0.8044362399367274,0.2201423754457084,-0.4655436927426815,0.3631725697428214,0.0
2023-04-03,0.17704971310757248,-0.14453215889771528,0.8456439075621837,0.8631216178551266,-0.25844677240177105,-0.2492184525668419,-0.21714293478112406,-0.18846699953962878,-0.8044362399367274,0.2201423754457084,-0.31028569226852043,0.5083753745054377,0.0
2023-04-04,0.23654155991756226,-0.07087008920829035,1.0748936212861375,0.9087110757616643,-0.18403464030069674,-0.24023022870652888,-0.2060768344169041,-0.18846699953962878,-0.8044362399367274,0.2201423754457084,-0.14201251119516814,0.4894016760137076,0.0
2023-04-05,0.22976365351643405,0.11767747348904782,1.2396976768466645,0.7683110080423842,-0.25257944076335587,-0.24307062067812732,-0.20692242921144782,-0.18846699953962878,-0.8044362399367274,0.2201423754457084,-0.3213649123316278,0.1853000920594958,-1.0
2023-04-06,0.27296544758001107,0.11659456699655392,1.2729009351144145,0.6330635375642927,-0.26807728126727065,-0.24058842818931858,-0.2122511477913617,-0.18846699953962878,-0.8044362399367274,0.2201423754457084,-0.3633396652645473,0.3044623425787249,-1.0
2023-04-11,0.7187578009281725,0.7437695995075618,1.2610720917025022,0.5531371659662697,-0.16837690667514693,-0.2273784420543462,-0.2192273814379663,-0.18846699953962878,-0.8044362399367274,0.2201423754457084,-0.5724452706889595,0.44863140680698704,-1.0
2023-04-12,0.6456301764856752,0.7046308616926885,1.199001087415286,0.4315786666528222,-0.15588297115614508,-0.22884838205770136,-0.22522411046558574,-0.18846699953962878,-0.8044362399367274,0.2201423754457084,-0.3172982649544227,0.24447501407517175,-1.0
2023-04-13,0.4585966764406599,0.9658434877273578,1.4481699449348084,0.3743770380198421,-0.08371003515357839,-0.21593379738233237,-0.2296154130693545,-0.18846699953962878,-0.8044362399367274,0.2201423754457084,0.02810607531608593,0.4796331836549497,-1.0
2023-04-14,0.37095593517028913,0.8395156585267464,1.0976894273489959,0.30229153038461576,-0.07100306506573625,-0.21050195800688856,-0.23172778771609256,-0.18846699953962878,-0.8044362399367274,0.2201423754457084,-0.11598828173086877,0.2558926901446558,0.0
2023-04-17,0.33138668567149543,1.3127843182407652,0.8597186074811315,0.3493529755537806,0.00592394235629439,-0.20729695179009586,-0.2426018723848708,-0.18846699953962878,-0.8044362399367274,0.2201423754457084,-0.0038034604268204117,0.3175936829366289,-1.0
2023-04-18,0.19223630614079337,0.9511623515959815,1.113354730070375,0.3855914651717638,0.07779116007309095,-0.1910471338961893,-0.24074661925606722,-0.18846699953962878,-0.8044362399367274,0.2201423754457084,-0.23292606440529856,0.18658777220538397,-1.0
2023-04-19,0.2916108441662391,0.8641597012286114,1.151804927651576,0.19998926257928623,0.20386256549108744,-0.20318036612764712,-0.24267687717027875,-0.18846699953962878,-0.8044362399367274,0.2201423754457084,0.0813650097477889,-0.02708083108008457,-1.0
2023-04-20,0.17322027595348513,0.7505890834292038,0.8932323401440546,0.3669801561822714,0.07097725213709224,-0.21025103092337094,-0.24538303142451726,-0.18846699953962878,-0.8044362399367274,0.2201423754457084,-0.18161971966580787,-0.5037694645452758,-1.0
2023-04-21,0.14263218555239343,0.3561846035006941,0.9516497592161763,0.7778706165386621,-0.006317280681277627,-0.21171020131551807,-0.24727208719164284,-0.18846699953962878,-0.8044362399367274,0.2201423754457084,-0.26679220619585153,-0.5686708788049533,-1.0
2023-04-24,0.031764222752374095,0.22410814046846905,0.7850743585179637,0.6226117884532535,-0.022876672150218207,-0.22340254327103404,-0.2559594582989662,-0.18846699953962878,-0.8044362399367274,0.2201423754457084,-0.4997725907522408,-0.5625051364216433,-1.0
2023-04-25,0.06794351443054138,-0.4546650680630789,0.6798455433733888,0.8768207715678922,0.05302167055519215,-0.21724258124150123,-0.24840803547706228,-0.18846699953962878,-0.8044362399367274,0.2201423754457084,-0.5129419511555205,-0.6788751286432338,-1.0
2023-04-26,0.009357812151367235,-0.2839131531065254,0.40946888829609646,0.8694638869541114,0.0698790316608052,-0.2073799701052512,-0.24644367118151514,-0.18846699953962878,-0.8044362399367274,0.2201423754457084,-0.2696232129150084,-0.4169637015861286,-1.0
2023-04-27,0.056654997733655565,0.10880576812767151,0.3055366796424368,1.0961924535618819,0.03180273309431727,-0.20465808808417546,-0.24861538930103508,-0.18846699953962878,-0.8044362399367274,0.2201423754457084,-0.14494880241611088,-0.36913566320205127,-1.0
2023-04-28,0.08228181483050594,-0.08075795242583471,0.7737251995277213,1.0387521230690024,-0.03282849014347563,-0.21770476553849272,-0.2536708074756008,-0.18846699953962878,-0.8044362399367274,0.15178143769056338,-0.2643894864799945,-0.41318681167428634,-1.0
2023-05-02,0.12274897819172365,-0.40948875236325766,0.49427609300526276,0.7899891266864565,0.026025354756354254,-0.19691809969415067,-0.25223446119985193,-0.18846699953962878,-0.8044362399367274,0.15178143769056338,-0.11739246208809025,-0.2872001431593111,-1.0
2023-05-03,0.21181911523652017,-0.6429867297922847,0.7026507297049225,0.7857713016484339,0.03461929356310505,-0.19438404598001138,-0.24707318912520998,-0.06459372011254409,-0.034427353550179986,0.15178143769056338,-0.09560590545356924,-0.2526537331586117,-1.0
2023-05-04,0.21181911523652017,-0.45449257945874033,0.8050138083709983,0.610048363820154,0.05912919128442354,-0.19187888812359014,-0.24947068248624066,-0.06459372011254409,-0.034427353550179986,0.15178143769056338,0.15105527693951196,0.009006087928389184,-1.0
2023-05-05,0.31509988418160356,-0.2231818967551808,0.7679965686733189,0.36560536362338647,0.0806900239467494,-0.18610875946422795,-0.24706174887946913,-0.06459372011254409,-0.034427353550179986,0.15178143769056338,0.13166018653974348,-0.475642112511145,-1.0
2023-05-08,0.14488577260852703,-0.21269354210785105,0.7028762005471436,0.44657409564653283,-0.0059233084957319975,-0.1879599954335328,-0.24457980792252035,-0.06459372011254409,-0.034427353550179986,0.15178143769056338,0.384227795250675,-0.4872104209114199,-1.0
2023-05-09,0.08335504226855037,-0.1762393569122221,0.6642373706020119,0.4523934268905421,0.026710490182726882,-0.1833966928433316,-0.2502748399713565,-0.06459372011254409,-0.034427353550179986,0.15178143769056338,0.4734350721594978,-0.44557016127296273,-1.0
2023-05-10,-0.06915866187087258,-0.27083930530740596,1.1063138432806157,0.5334398069564711,-0.005242623491895329,-0.19910525586314598,-0.25391492744644495,-0.06459372011254409,-0.034427353550179986,0.15178143769056338,0.3379562408812522,-0.4018211866355588,-1.0
2023-05-11,0.038262332237454184,-0.4894342253243374,0.3218058737109784,0.5236445350718371,-0.11841198546995141,-0.20955603106860635,-0.25409197372163705,-0.06459372011254409,-0.034427353550179986,0.15178143769056338,0.14757116724177183,-0.549517471544511,-1.0
2023-05-12,-0.15849947812132217,-0.5866147378701404,0.1520709682472493,0.5431655948527261,-0.10203480172885745,-0.21230403738902517,-0.25390757363192257,-0.06459372011254409,-0.034427353550179986,0.15178143769056338,-0.13612397978716415,-0.7338454304880963,-1.0
2023-05-15,-0.29776797436781843,-0.4923792984339169,0.32244252912802995,0.6134816842816277,-0.11318798256941454,-0.22036958211329435,-0.25593499248277696,-0.06459372011254409,-0.034427353550179986,0.15178143769056338,0.017639999389931525,-0.554054578692865,-1.0
2023-05-16,-0.16033701522424296,-0.5307526848390123,-0.051948732349243555,0.6450789553184597,-0.10904330941275064,-0.21305942329046532,-0.2569983982365657,-0.06459372011254409,-0.034427353550179986,0.15178143769056338,0.0999718170217506,-0.4450956978819483,-1.0
2023-05-17,-0.0961277805432923,-0.5239085678158398,0.06260619741413352,0.7377902741793796,-0.10452959706722997,-0.21095024372342153,-0.25488574648350837,-0.06459372011254409,-0.034427353550179986,0.15178143769056338,0.11168663341360247,-0.2752012542659452,-1.0
2023-05-18,0.24622302013478173,-0.6076405226539497,0.17767841170336912,0.7886450080758423,-0.13923285705535335,-0.20234376625325562,-0.2518473156706321,-0.06459372011254409,-0.034427353550179986,0.15178143769056338,0.013027768808192126,-0.443747940486455,-1.0
2023-05-19,0.32637814373058627,-0.38631773076709053,0.15202796824973458,0.804359717807582,-0.14129327205960504,-0.2122543904171685,-0.25578041246758515,-0.06459372011254409,-0.034427353550179986,0.15178143769056338,0.11866587860310578,-0.3505187762185025,-1.0
2023-05-22,0.34131837065993126,-0.18664739287632873,0.26733182081576196,0.872521370596541,-0.1120790564916677,-0.21323032347796939,-0.25251311065374876,-0.06459372011254409,-0.034427353550179986,0.15178143769056338,0.18766179350768503,-0.10992655739738849,-1.0
2023-05-23,0.22457666294705744,-0.31458652249766383,-0.0291402532002228,0.7503609456473032,-0.08675282630646487,-0.20431709686561964,-0.2563248480283001,-0.06459372011254409,-0.034427353550179986,0.15178143769056338,0.03688019479879172,-0.15527690319451307,-1.0
2023-05-24,0.2410293681929431,-0.42150787732614936,-0.3252997922575349,0.7574321133651977,-0.032155354625018395,-0.20075926044933698,-0.25462776793554825,-0.06459372011254409,-0.034427353550179986,0.15178143769056338,-0.0845066246056201,-0.10927207761611044,-1.0
2023-05-25,0.2188180017017284,-0.07396574497726062,-0.3411207177933243,0.7209809665593845,-0.08345925680641096,-0.2053152777793403,-0.25589143859839525,-0.06459372011254409,-0.034427353550179986,0.15178143769056338,0.012895702564091187,-0.19678562524516394,0.0
2023-05-26,0.4432162391358588,0.17390374886231683,-0.15201613386714302,0.8508853003192328,-0.12217354219673458,-0.21183286250590622,-0.2568892899816709,-0.06459372011254409,-0.034427353550179986,0.15178143769056338,0.005695336172991788,-0.3080109973326309,-1.0
2023-05-29,0.5343615164339194,-0.10725427029485946,0.09760167798118742,0.9534842562829309,-0.1294754860799148,-0.21400103412369223,-0.2574545514364801,-0.06459372011254409,-0.034427353550179986,0.15178143769056338,-0.031053177882129922,-0.16576590197154592,-1.0
2023-05-30,0.5821261039606949,-0.45181394046451057,0.09786602054128318,0.844437879676356,-0.07802776281378082,-0.2033125041670407,-0.260721622980022,-0.06459372011254409,-0.034427353550179986,0.15178143769056338,-0.03601051418521035,-0.35906926034806774,-1.0
2023-05-31,0.4611473037933787,-0.3753528995533085,-0.3252285028357167,0.9280760858679871,-0.08613663529528365,-0.19485475588799606,-0.2547655810221337,0.06281879586960065,-0.034427353550179986,-0.11963463925674192,-0.03153121652684673,-0.5091232429574489,0.0
2023-06-01,0.3813832965903424,0.02212929592217058,-0.271815948592219,1.0550733929679779,-0.1337516192717769,-0.204248292374739,-0.25309491066450684,0.06281879586960065,-0.034427353550179986,-0.05185119027449199,-0.15570903533062705,-0.24832793321437047,-1.0
2023-06-02,0.2929382307687908,0.21280307814511473,-0.13369289297478779,1.11442877835373,-0.10895185496844069,-0.2020856166182557,-0.2534740683422384,0.06281879586960065,-0.034427353550179986,-0.05185119027449199,-0.15023591736384875,-0.0789585157356239,-1.0
2023-06-05,0.38632294560463915,-0.07084920688947252,0.07302979798904696,0.835110049427835,-0.154616250713975,-0.21221957170828584,-0.25405627132030273,-0.06459372011254409,-0.034427353550179986,-0.05185119027449199,0.16409769640670663,-0.1008195589663621,-1.0
2023-06-06,0.3892150169383978,0.1027010720686982,0.19703372924425328,0.6488899073813924,-0.14903362107288953,-0.2115960773039237,-0.2575827933979598,-0.06459372011254409,-0.034427353550179986,-0.05185119027449199,-0.03574715962980432,0.013678017454443601,-1.0
2023-06-07,0.3708703038366385,0.1405610259179413,-0.06314227926964491,0.7509329962613444,-0.17014363495348686,-0.23128557945886896,-0.25526295455028136,-0.06459372011254409,-0.034427353550179986,-0.05185119027449199,0.3772202368419285,0.36628036166100086,-1.0
2023-06-08,0.4091179921844489,0.30071721937732987,0.06695680149001726,0.753343957277276,-0.16764281359866634,-0.24504454034783443,-0.2559807447771738,-0.06459372011254409,-0.034427353550179986,-0.05185119027449199,0.32845074105766303,0.33270071101987286,-1.0
2023-06-09,0.3076542877528194,0.4731204304775863,0.07329687356373345,0.6759143619381148,-0.14619392784357652,-0.24036331669763328,-0.25790384252554455,-0.06459372011254409,-0.034427353550179986,-0.05185119027449199,0.335940644474786,0.06437222693579185,-1.0
2023-06-12,0.36144485092955403,0.7712182046806414,-0.043092079152608126,0.7885162345147657,-0.15242499423158806,-0.2332816683767317,-0.25755052081525465,-0.06459372011254409,-0.034427353550179986,-0.05185119027449199,0.6696312027782103,0.12587415032017346,-1.0
2023-06-13,0.5772140651165442,0.5926245172756365,-0.2564404522840151,1.182178989938527,-0.13659184832065216,-0.20876026631023234,-0.2628202953463933,-0.06459372011254409,-0.034427353550179986,-0.05185119027449199,0.4436492545890356,0.19225964069204657,-1.0
2023-06-14,0.4910144750759323,0.9076270029006365,-0.11434669934339282,0.9549994795612318,-0.17371697898492325,-0.2155354442864923,-0.2620418838978653,-0.06459372011254409,-0.034427353550179986,-0.05185119027449199,0.11433229846391425,0.11808106869425689,-1.0
2023-06-15,0.6145955672519479,1.0102424919977846,0.08814034879874379,1.04551135436989,-0.1994199913387853,-0.1985846068869152,-0.26299093352185127,-0.06459372011254409,-0.034427353550179986,-0.05185119027449199,0.4760339305846343,0.3914419918017559,0.0
2023-06-16,0.8569921637499428,1.0531458088899324,0.15490869309703906,0.8201831731507598,-0.2118060307280399,-0.19206681075196003,-0.25893481664062884,-0.06459372011254409,-0.034427353550179986,-0.05185119027449199,0.4045520099999739,0.3590774972596818,0.0
2023-06-19,0.8111297702652951,1.036267586099348,0.2765556927382096,0.8064978084280708,-0.1933645894893172,-0.14767316813052625,-0.25893481664062884,-0.06459372011254409,-0.034427353550179986,-0.05185119027449199,0.45913313133371875,0.18384871062011454,0.0
2023-06-20,1.0140508326486868,0.4325524169567582,0.2739464492218443,0.6560267406310653,-0.19334627797168877,-0.17874963020459306,-0.26301362316356064,-0.06459372011254409,-0.034427353550179986,-0.05185119027449199,0.049666315227405264,-0.14984451198680654,0.0
2023-06-21,1.2345600239853183,0.6658890622383904,0.01225919289344947,0.47361843198843534,-0.19232063331559007,-0.19423101807567594,-0.25785047843577,-0.06459372011254409,-0.034427353550179986,-0.05185119027449199,0.05812527368069724,-0.02646782785476726,1.0
2023-06-22,1.0264624354689524,0.7523975160417058,0.08853601065059753,0.48531104373524536,-0.20690955171753997,-0.1868492588608367,-0.25806052774665306,-0.06459372011254409,-0.034427353550179986,-0.05185119027449199,0.203510746432365,0.08206688369202339,1.0
2023-06-23,1.2622849538171241,0.48131989980076445,-0.01331098479867379,0.3801828208442139,-0.1955209411973715,-0.17558578116437865,-0.25683474723598926,-0.06459372011254409,-0.034427353550179986,-0.05185119027449199,-0.09160492241381143,-0.2676065642614144,1.0
2023-06-26,1.1542655949655831,0.1785888964195653,0.24628482211329636,0.3651860951661126,-0.1654839620345412,-0.17287056632937248,-0.2559980543120649,-0.06459372011254409,-0.034427353550179986,-0.05185119027449199,0.19846707721027265,-0.38826916473859724,1.0
2023-06-27,1.234043826308222,0.39287843778818343,0.6527849392367198,0.2786959951281783,-0.15389009218417066,-0.1833195412748078,-0.2643802617800994,-0.06459372011254409,-0.034427353550179986,-0.05185119027449199,-0.15383747120503785,-0.3940168740397968,1.0
2023-06-28,1.3996762280192014,0.5110716662677857,0.4811209242584594,0.5096706233092493,-0.17158126463491838,-0.19277753775857231,-0.2620578672178108,-0.06459372011254409,-0.034427353550179986,-0.05185119027449199,-0.33331280933261453,-0.4225285851294019,1.0
2023-06-29,1.5767682855100933,0.5977831682744059,0.3972438456541922,0.4425483692014434,-0.21703125663078293,-0.19234795436667637,-0.2593888311091362,-0.06459372011254409,-0.034427353550179986,-0.05185119027449199,-0.13237937349602916,-0.4598371830500661,1.0
2023-06-30,1.5185523601305464,0.38876069048521367,0.5128849080911113,0.5084399433204451,-0.20683063183395203,-0.20177084020065417,-0.2606347304738735,-0.06459372011254409,-0.034427353550179986,-0.05185119027449199,-0.19827262495346293,-0.5303238392231393,1.0
2023-07-03,1.7378776828757239,0.26093858636981565,0.4293949753688767,0.31515571230933803,-0.2158755478048792,-0.1891641858555935,-0.2607453834737677,0.06281879586960065,-0.034427353550179986,-0.05185119027449199,0.2067316348547936,-0.2019589716090034,1.0
2023-07-04,1.8141648161394786,0.26628888448096716,0.15564009983952284,0.3687754122779633,-0.1831122331950633,-0.18651526278508307,-0.2703585129485785,0.06281879586960065,-0.034427353550179986,-0.05185119027449199,0.14057490730085892,-0.13578545392942168,1.0
2023-07-05,1.5684040115215778,-0.04499490974610801,0.13003569611018173,0.2848351089958519,-0.16793836203265938,-0.20627204351651554,-0.27393021572692294,0.06281879586960065,-0.034427353550179986,-0.05185119027449199,0.23952093267329522,0.05700351807198368,1.0
2023-07-06,1.1884375419238258,-0.38130842103312207,-0.37307275091881503,0.17823919913473493,-0.1564141513987414,-0.1993532698453221,-0.2725463725975452,0.06281879586960065,-0.034427353550179986,-0.05185119027449199,0.6152881399457233,0.19217824947861734,1.0
2023-07-07,1.1181171449797966,-0.2960401042062608,-0.4338546690363337,0.13046927873745784,-0.13147545672109764,-0.20019920925519916,-0.27192198216476654,0.06281879586960065,-0.034427353550179986,-0.05185119027449199,0.9085693863189558,0.3680781230614141,0.0
2023-07-10,0.8878498397907603,-0.3733719210255161,-0.2900761707856645,0.2580533522523808,-0.1235088844357724,-0.22616055690371706,-0.27632695823088715,0.06281879586960065,-0.034427353550179986,-0.05185119027449199,0.8531178051874868,0.17152119066076588,0.0
2023-07-11,0.877345264456907,-0.2068174170275982,-0.3182145383962621,0.27403961385649217,-0.11512834392979338,-0.22032789509642484,-0.274767390679575,0.06281879586960065,-0.034427353550179986,-0.05185119027449199,0.6847110321042205,0.24435050921373866,0.0
2023-07-12,0.6294839154871863,0.04560661801072801,-0.2688829792637213,0.4868027581796078,-0.12356822477138156,-0.22145460198834735,-0.2705039949457188,0.06281879586960065,-0.034427353550179986,-0.05185119027449199,0.5426705505546471,0.3996831335842687,0.0
2023-07-13,0.5837242729087856,0.16152792195087,-0.12925808426759633,0.6566356192329091,-0.11725972103479083,-0.23006617765515608,-0.2716969727681927,0.06281879586960065,-0.034427353550179986,-0.05185119027449199,0.627822261405775,0.35387078274989536,0.0
2023-07-14,0.7800251944145945,-0.14958696999391727,-0.2999265195384496,0.6815199847141286,-0.10895185496844069,-0.2343473923897303,-0.2721269993346466,0.06281879586960065,-0.034427353550179986,-0.05185119027449199,0.5212057948058031,0.3605897259318315,0.0
2023-07-17,0.6853895994875547,-0.05325463930286613,-0.177006334948435,0.6318523925870297,-0.10535364880906073,-0.24798042193952952,-0.2714724897863671,0.06281879586960065,-0.034427353550179986,-0.05185119027449199,0.6140865232672293,0.2570886988363093,0.0
2023-07-18,0.6516787421345281,-0.20538935030550182,-0.13927194238784482,0.6729018438843191,-0.09832838880371367,-0.24057770216242683,-0.2729686420752718,0.06281879586960065,-0.034427353550179986,-0.05185119027449199,0.6520238311693836,0.5182241141054883,0.0
2023-07-19,0.8512067819260788,0.16580417633779662,0.018414323854644192,0.6899490029678675,-0.1045736920151708,-0.23337373921124197,-0.2728197684646823,0.06281879586960065,-0.034427353550179986,-0.05185119027449199,0.5220803057850066,0.22962523478945762,0.0
2023-07-20,0.7948931182651879,0.11011917471503113,-0.13115642927095425,0.1373130632486766,-0.1341435324043001,-0.23443479148327892,-0.27372715311719986,0.06281879586960065,-0.034427353550179986,-0.05185119027449199,0.4627176144161196,0.12445205534474943,-1.0
2023-07-21,0.4101795829598734,0.15273588786227618,-0.06874129797025112,-0.09502983751034953,-0.13183370178157786,-0.22165980006452551,-0.27327676257700384,0.06281879586960065,-0.034427353550179986,-0.05185119027449199,0.590427401040773,0.0420837293232885,0.0
2023-07-24,0.42628209938855227,0.755187998030583,-0.1247474210584064,-0.3601884711492427,-0.13232583128521075,-0.2338797978691178,-0.2754911319012517,0.06281879586960065,-0.034427353550179986,-0.05185119027449199,0.7709907967123731,0.15878274194106673,-1.0
2023-07-25,0.41516089108684856,0.8629915103451166,-0.1372782362405213,-0.26203943826043696,-0.1334168362837199,-0.23660931629042445,-0.272988685400595,0.06281879586960065,-0.034427353550179986,-0.05185119027449199,0.589050256875797,0.21203142689963195,0.0
2023-07-26,0.5425736205180507,0.7692845982878849,-0.10223643245145658,-0.4552676177461268,-0.1437355676114499,-0.23845653819071744,-0.2727063395893607,0.06281879586960065,-0.034427353550179986,-0.05185119027449199,0.5021297143409125,0.2425081802738488,0.0
2023-07-27,0.6736288284560025,0.6329991939973586,-0.21861693815463643,-0.14691813083492505,-0.13906945333565549,-0.22660459379846792,-0.27301386770921937,0.06281879586960065,-0.034427353550179986,-0.05185119027449199,0.7927412573086682,0.3605341181686362,0.0
2023-07-28,0.7589138919768951,1.2709613900819656,0.04607358766153833,-0.06861250923970832,-0.14736388456624544,-0.24632554006503482,-0.27290438578952686,0.06281879586960065,-0.034427353550179986,-0.05185119027449199,0.6945679106847541,0.4005890857401568,0.0
2023-07-31,0.9029777415993003,1.1078973267004197,-0.08065946205896941,-0.1077781813879651,-0.1403020349081674,-0.2554085475035101,-0.27541490260510526,-0.06459372011254409,-1.48918773214302,0.4581294818726275,0.5913392242731819,0.3428996808424883,0.0
2023-08-01,0.9368629890251122,0.591406612000731,-0.4404401667851466,-0.034152938639621024,-0.13101289039970468,-0.24783930145409994,-0.2717098111619723,-0.06459372011254409,-1.48918773214302,0.4581294818726275,0.5051562416287,0.4635389390321757,0.0
2023-08-02,0.6399040279656224,0.07832295585195954,-0.6710169487860983,-0.16128929585973298,-0.13101289039970468,-0.2515222420367485,-0.2710873335610197,-0.06459372011254409,-1.48918773214302,0.4581294818726275,0.6614056222742555,0.5624983138997341,0.0
2023-08-03,0.5858458318751236,0.2882256461903282,-0.5025651925717122,-0.31493714898967445,-0.154342870326958,-0.2522448277188256,-0.27200270265453197,-0.06459372011254409,-1.48918773214302,0.4581294818726275,0.8692387854889632,0.9034710056414366,0.0
2023-08-04,0.7202159246904872,0.7017250153369018,-0.215576552290801,-0.24429065173414471,-0.16583291629849256,-0.25875559849440544,-0.27288751329908506,-0.06459372011254409,-1.48918773214302,0.4581294818726275,0.7026635064884333,0.847708647344296,0.0
2023-08-07,0.6563385616238756,0.42912848352675903,-0.25477093702999887,-0.1666125303735577,-0.16264740846552475,-0.24931686864213065,-0.2747814242242527,-0.06459372011254409,-1.48918773214302,0.4581294818726275,0.821397672310306,0.8335448413978387,0.0
2023-08-08,0.5605118637647877,0.1552287648334219,-0.10610708436586358,-0.1837435785940491,-0.16133463117578856,-0.2397191092431,-0.27490058811954415,-0.06459372011254409,-1.48918773214302,0.4581294818726275,0.9144475821429122,0.7579990798622642,0.0
2023-08-09,0.6759345110690445,-0.003966941456015641,0.049821613403166196,-0.18417008284420472,-0.1672942867514636,-0.24095981871968267,-0.2763237832867346,-0.06459372011254409,-1.48918773214302,0.4581294818726275,0.803574663774827,0.4645302211230814,0.0
2023-08-10,0.41159386472517956,-0.42969693086665234,0.22692313455774238,0.042356039696954735,-0.16679914435978685,-0.23845653819071744,-0.2782590478112648,-0.06459372011254409,-1.48918773214302,0.4581294818726275,0.8595938934488404,0.6203563154582828,0.0
2023-08-11,0.6164793330285682,-0.9890341002672031,0.1316373906493702,-0.05731099558067602,-0.1649594875389658,-0.24757230786588277,-0.2790051597573881,-0.06459372011254409,-1.48918773214302,0.4581294818726275,0.7588619953464265,0.609428185458043,0.0
2023-08-14,0.5121707389250091,-0.9735564763643207,0.12214051560046006,0.00025268238168557866,-0.15901692383926294,-0.2512796246369377,-0.2796264969513557,-0.06459372011254409,-1.48918773214302,0.4581294818726275,0.683265118735327,0.5634444862785242,1.0
2023-08-15,0.6105765444672718,-1.2249877437504952,0.08394247978836306,-0.17419936106090958,-0.1627291482409855,-0.2552543272216422,-0.2781079680273365,-0.06459372011254409,-1.48918773214302,0.4581294818726275,0.868783767678719,0.6235055760498388,1.0
2023-08-16,0.5162842891147854,-1.258367154852736,0.20167258686035036,-0.1428070400956384,-0.1673104519203981,-0.2487186425472593,-0.27914321330165387,-0.06459372011254409,-1.48918773214302,0.4581294818726275,0.7778347720142529,0.6371803393197546,1.0
2023-08-17,0.6158584465538883,-1.1739303232008969,0.010201530003602355,-0.2982824021401292,-0.16910982332617785,-0.2511738211316052,-0.2803800417131719,-0.06459372011254409,-1.48918773214302,0.4581294818726275,0.7463785595412984,0.6660390520724314,1.0
2023-08-18,0.7210820824221611,-1.161038442701552,0.026146300165596322,-0.1573727242942676,-0.16819931649743997,-0.2595596473591453,-0.2803800417131719,-0.06459372011254409,-1.48918773214302,0.4581294818726275,0.9101938761709454,0.6713513851753915,1.0
2023-08-21,0.7766371384958399,-1.085429341932028,0.3898441828666952,0.0031020648325160442,-0.16957033174573782,-0.2638285405615807,-0.28074141515752615,-0.06459372011254409,-1.48918773214302,0.4581294818726275,1.0967698580888343,0.7134647963113813,1.0
2023-08-22,0.9543989049446222,-1.3923252602536296,0.2468593243201861,0.13561039385638246,-0.16370196130327855,-0.25861834579788207,-0.2803757694256032,-0.06459372011254409,-1.48918773214302,0.4581294818726275,1.100361970922418,0.7902772831087518,1.0
2023-08-23,0.9248866309210007,-1.2462103180711486,0.20472608700350695,0.09267207828978904,-0.17051806758703744,-0.25169661622661477,-0.2800857005137901,-0.06459372011254409,-1.48918773214302,0.4581294818726275,0.9234509413350437,0.6573590867370697,1.0
2023-08-24,0.7447728057839484,-1.4348794046705897,0.21773213221936183,-0.041547252779604665,-0.16827446543361985,-0.2505717758118333,-0.28042821256844536,-0.06459372011254409,-1.48918773214302,0.4581294818726275,0.9265155244027443,0.6318021268859176,1.0
2023-08-25,0.5470633362647491,-1.1724574555519618,0.15694169756769422,-0.045888713078262505,-0.16287091556025635,-0.252953192157894,-0.27759176832152893,-0.06459372011254409,-1.48918773214302,0.4581294818726275,0.8451848837491405,0.5696034286726426,1.0
2023-08-28,0.6743689592333569,-1.4497744566317396,0.2909102178421809,0.05781831254869564,-0.15333906218571228,-0.2667276613896361,-0.279808089006497,-0.18846699953962878,-1.48918773214302,0.4581294818726275,0.9553990301538858,0.6522048280493862,1.0
2023-08-29,0.6221823163473891,-1.2119505476257841,0.5092328922262672,0.07121692158837571,-0.15148999993567885,-0.26083311921233154,-0.28082678671842354,-0.18846699953962878,-1.48918773214302,0.4581294818726275,0.8372871521413572,0.47390055766586425,1.0
2023-08-30,0.7420729234436447,-1.0254098857050384,0.4703013430484156,-0.025225982553739482,-0.15923095408650223,-0.2632148423392214,-0.2809671746512492,-0.18846699953962878,-1.48918773214302,0.4581294818726275,0.830801752096821,0.4733841518229667,1.0
2023-08-31,0.770772662928529,-0.7906031970664742,0.20960942185479345,0.0589897155819169,-0.16689766139347775,-0.25533052280389296,-0.28154873418126497,0.059279559314541104,-1.48918773214302,0.2878300933771589,0.7167757431437718,0.6268956860247825,1.0
2023-09-01,0.5946776975315611,-0.6348348657709484,0.2544256639450577,-0.0024224634231559436,-0.17952304615512935,-0.26166806113107605,-0.2836524761233084,0.059279559314541104,-1.48918773214302,0.2878300933771589,0.9228913033051599,0.6256509011325957,1.0
2023-09-04,0.652910140487788,-0.609870466598335,0.42486963159423624,-0.021949843141454768,-0.17726080748098264,-0.26095531250852483,-0.2901436424329135,0.059279559314541104,-1.48918773214302,0.2878300933771589,0.7645599321122931,0.8213036506729243,1.0
2023-09-05,0.7057813669307036,-0.7437133297877055,0.38117445674185324,-0.01191097516732212,-0.1759172032025338,-0.25190426545231687,-0.29169093068757834,0.059279559314541104,-1.48918773214302,0.2878300933771589,0.8133826029921155,0.8205291696742839,1.0
2023-09-06,0.7380379739331141,-0.6110896140194902,0.45687629053298123,0.05991768994489014,-0.17279221912832904,-0.24806828332846215,-0.28871357806165127,0.059279559314541104,-1.48918773214302,0.2878300933771589,0.7034236452990841,0.7455625198656539,1.0
2023-09-07,0.7648547732080561,-0.8995028184866118,0.5344468328754067,0.11109250977679368,-0.18268693016663923,-0.25046801096636706,-0.28709644636955073,0.059279559314541104,-1.48918773214302,0.2878300933771589,0.7019755527182393,0.9937469072023399,1.0
2023-09-08,0.6156971705125504,-0.8880480142129706,0.6568746892522397,0.08295849096569455,-0.1727772805172365,-0.24978891091640576,-0.2783181289961409,0.059279559314541104,-1.48918773214302,0.2878300933771589,0.47909572426405544,0.6606775604790895,1.0
2023-09-11,0.571544674281894,-0.3384262851764544,0.5240743631166448,-0.09481738098662225,-0.17141910082173623,-0.24685024812013612,-0.2796067932009297,0.059279559314541104,-1.48918773214302,0.2878300933771589,0.8270585769855175,0.6695916313095229,1.0
2023-09-12,0.6207861581310032,-0.3024976006265411,0.5641722728683431,-0.19536366620135823,-0.16828044609116738,-0.2414369481279677,-0.27166862041539025,0.059279559314541104,-1.48918773214302,0.2878300933771589,0.6825185376246532,0.8347769589621098,1.0
2023-09-13,0.5503380060056483,-0.09126748842433814,0.47136217058424956,-0.3111139261320805,-0.17280307983203333,-0.24292715598686146,-0.26993308815077155,0.059279559314541104,-1.48918773214302,0.2878300933771589,0.6159876671349724,0.7325001220055728,1.0
2023-09-14,0.5551436774695547,0.23707544594039878,0.6448617210709731,-0.16908413367405822,-0.1795460949388024,-0.24434706956299865,-0.2548981305277204,0.059279559314541104,-1.48918773214302,0.2878300933771589,0.6956623148343345,0.8318612027276026,1.0
2023-09-15,0.8246743888906067,0.10750091929179463,0.6202656412621713,-0.1429421348821929,-0.17504585798214667,-0.24540342165661697,-0.2661984502574069,0.059279559314541104,-1.48918773214302,0.2878300933771589,0.8630341738093416,0.6469548537946137,1.0
2023-09-18,0.8246743888906067,0.22257234663898928,0.3743333581504679,-0.0736810858776082,-0.17414682973365894,-0.25389613026272484,-0.2747963196071312,0.059279559314541104,-1.48918773214302,0.2878300933771589,0.6807757038777003,0.521677730205479,1.0
2023-09-19,0.46766801523735535,0.04936065918013475,0.2778873693105138,-0.13576221165084165,-0.17055668204698723,-0.2524955729065766,-0.27171194548900296,0.059279559314541104,-1.48918773214302,0.2878300933771589,0.7091956445046883,0.6508397052650471,1.0
2023-09-20,0.39516211853067423,0.006589189424352388,0.352482584666723,-0.12466005388647226,-0.17507471748739037,-0.25222988174549094,-0.2677033022156334,0.059279559314541104,-1.48918773214302,0.2878300933771589,0.8670741674245003,0.5434589723278819,1.0
2023-09-21,0.2678016344488413,-0.6758138037368125,0.23030962260948043,-0.15320481595738603,-0.1795547857047488,-0.2560785749404716,-0.2682390640158109,0.059279559314541104,-1.48918773214302,0.2878300933771589,1.2585257903388976,1.0468074447242823,1.0
2023-09-22,0.3590407703590529,-0.3578670689019678,0.3307848539918536,-0.031254456305703844,-0.1831400636677951,-0.2596505832313944,-0.27320029521423034,0.059279559314541104,-1.48918773214302,0.2878300933771589,1.0761037375933296,0.6458723397646405,1.0
2023-09-25,0.4883856420864631,-0.46953125562643994,0.3114748754495845,-0.24551702217260862,-0.18492719717921366,-0.2571129986345561,-0.27549853191273854,0.059279559314541104,-1.48918773214302,0.2878300933771589,1.5542819556180336,0.8474828407744381,1.0
2023-09-26,0.3448848422786884,-0.9518103008771571,-0.08692861854638462,-0.4654844251925176,-0.18314342483926796,-0.256159453389344,-0.27499294271312075,0.059279559314541104,-1.48918773214302,0.2878300933771589,1.3580605809218422,0.8638137897815693,1.0
2023-09-27,0.31691118790553235,-1.17090426504905,-0.25714031382887625,-0.557169822355317,-0.17957583773266567,-0.2523020022363502,-0.27681605816115706,0.059279559314541104,-1.48918773214302,0.2878300933771589,1.4357801713305678,0.8683179685850247,1.0
2023-09-28,0.26504625763885203,-1.0540445488329429,-0.3974484936201338,-0.4168236837670133,-0.18715880219307324,-0.25422059980534056,-0.2731642342992242,0.059279559314541104,-1.48918773214302,0.08340445032587264,1.3652187951304309,1.1308285280332862,1.0
2023-09-29,0.46949008640609247,-0.7902136832815518,-0.4141260383109208,-0.3484141764089174,-0.18313900588918575,-0.25533888133798993,-0.2726698464027396,0.059279559314541104,-1.48918773214302,0.08340445032587264,1.4064923330597332,1.1096780271677553,1.0
2023-10-02,0.3852089888653515,-1.1227376826450213,-0.4871648548701391,-0.3188575045337381,-0.16287091556025635,-0.26010948466343353,-0.2812542867646368,0.059279559314541104,-1.48918773214302,0.08340445032587264,1.4755547994455807,1.2366143191484702,1.0
2023-10-03,0.34712137391665693,-1.3842918087579126,-0.5928779533827887,-0.2496448046647833,-0.15161355577679608,-0.2594844750940692,-0.27864665952450657,0.059279559314541104,-1.48918773214302,0.08340445032587264,1.6654714643714257,1.6696322129383065,1.0
2023-10-04,0.4139848859207447,-1.2836345505017348,-0.5768494111774042,-0.2745182806449608,-0.15841651425356504,-0.26017430873448427,-0.2791934401135473,0.059279559314541104,-1.48918773214302,0.08340445032587264,1.2330197265140515,1.5730709905172837,1.0
2023-10-05,0.26861522800325044,-1.0991245124443212,-0.5823072038411643,-0.32279196683183886,-0.17284546303713993,-0.26324123604309,-0.2892071453476129,0.059279559314541104,-1.48918773214302,0.08340445032587264,1.412618121378469,1.66571275672432,1.0
2023-10-06,0.18512260061578673,-0.5738484569890355,-0.5444449667831562,-0.28275343222929866,-0.15484869350168834,-0.26260260605212127,-0.2869821046960595,0.059279559314541104,-1.48918773214302,0.08340445032587264,1.7244182789077016,1.76803554518815,1.0
2023-10-09,0.2525590765260962,-0.7122006532165772,-0.5302276635451274,-0.516026521755233,-0.15938559633506008,-0.2607791062461118,-0.2867086977392317,0.059279559314541104,-1.48918773214302,0.08340445032587264,1.2923201232796266,1.3362685907455878,1.0
2023-10-10,0.47936107289176705,-0.6735092172285367,-0.4936265118157902,-0.5443774309966564,-0.170589784938394,-0.2632359656389202,-0.2905404271842949,0.059279559314541104,-1.48918773214302,0.08340445032587264,1.286219158666288,1.39725436684282,1.0
2023-10-11,0.5620477239720315,-0.4841172872038571,-0.435244386648108,-0.5503269286834893,-0.17061998321576977,-0.26045663194399205,-0.2910164121348435,0.059279559314541104,-1.48918773214302,0.08340445032587264,0.9600799619476501,1.0738857416924843,1.0
2023-10-12,0.809081211047082,-0.6864394366335947,-0.574012134163841,-0.48169919603491773,-0.17061998321576977,-0.26298736044107335,-0.29657783007598054,0.059279559314541104,-1.48918773214302,0.08340445032587264,1.2274629025673962,1.3429980103442867,1.0
2023-10-13,0.8194090972795356,-0.893958560795333,-0.5007386153127575,-0.684948882165566,-0.16925075697767075,-0.2660424284352777,-0.2951229698417965,0.059279559314541104,-1.48918773214302,0.08340445032587264,0.9300103440435539,1.1504872392514134,1.0
2023-10-16,0.5517837607072369,-0.6690234126771595,-0.48545888115285085,-0.6421912721298473,-0.17060225913258514,-0.2656247559752342,-0.2925210514048971,0.059279559314541104,-1.48918773214302,0.08340445032587264,1.5090913458872504,1.4808470573256074,1.0
2023-10-17,0.6022713143599854,-0.6962210261728008,-0.664109892885377,-0.5032643800782763,-0.16613170057515436,-0.2636999851157608,-0.29219874334362345,0.059279559314541104,-1.48918773214302,0.08340445032587264,1.5798098639379814,1.4868495803059874,1.0
2023-10-18,0.7605206061940954,-0.8862462200556346,-0.8387703109246388,-0.30718138022021896,-0.17510002777879718,-0.2657683613924988,-0.28858145505711963,0.059279559314541104,-1.48918773214302,0.08340445032587264,1.6782933640055526,1.6596691538231143,1.0
2023-10-19,0.5255718868778125,-0.9214601340581636,-0.8846839519437015,0.18579363033996063,-0.18626624531455632,-0.2687864270970878,-0.2938176257373149,0.059279559314541104,-1.48918773214302,0.08340445032587264,2.1278765535728588,2.1529518867502664,1.0
2023-10-20,0.5219391650441754,-0.8151973839920145,-0.748926572278225,-0.07910018344573827,-0.1862702387992338,-0.2722248162143721,-0.2959618196400239,0.059279559314541104,-1.48918773214302,0.08340445032587264,1.9888181713442608,1.8891903636827156,1.0
2023-10-23,0.5354113222790426,-1.0660134828863612,-0.7332351413581889,-0.006550026445639953,-0.18940028991592667,-0.27359280208945,-0.29706903562083176,0.059279559314541104,-1.48918773214302,0.08340445032587264,1.8389219705572624,1.7091710294852058,1.0
2023-10-24,0.43805600235819653,-0.7236891384933578,-0.713677893911329,-0.15278102417643133,-0.18626708530822605,-0.2715449727936268,-0.2923395249450269,0.059279559314541104,-1.48918773214302,0.08340445032587264,1.3645219846051815,1.5828825862721294,1.0
2023-10-25,0.44718852123026603,-0.704522196436266,-0.7103403502646726,-0.2199266429041535,-0.18848925650294662,-0.2687942478917291,-0.2980428411194466,0.059279559314541104,-1.48918773214302,0.08340445032587264,1.7105525093906517,1.7654305285653877,1.0
2023-10-26,0.22091261413383118,-0.835184885665636,-0.618749049335504,-0.2868718248611178,-0.19738616439563395,-0.269879628423827,-0.301499419885899,0.1902313118517444,-0.034427353550179986,0.08340445032587264,1.5875001264380881,1.5929516462441384,1.0
2023-10-27,0.2805176299813267,-0.9044413969684909,-0.5793859966141739,-0.2497040830124442,-0.1853754543169604,-0.2708530628407884,-0.29927502146890833,0.1902313118517444,-0.034427353550179986,0.08340445032587264,1.519987956451587,1.4757404834198562,1.0
2023-10-30,0.32246134603743204,-0.7126437517743796,-0.696250124537907,-0.10363933771439787,-0.17821617421890185,-0.26975916528242305,-0.3001410508114982,0.1902313118517444,-0.034427353550179986,0.08340445032587264,1.5316202918828175,1.6060077869659921,1.0
2023-10-31,0.3236453113968495,-0.7264803524053914,-0.5714118725967279,0.07360366880250528,-0.18180303528683692,-0.268525321741595,-0.2999577488659062,0.44505634381603293,-0.034427353550179986,-0.422832200963661,1.1012356428527026,1.4436172964424494,1.0
2023-11-01,0.38506254944869855,-0.266932870671188,-0.2924695035159364,0.0975653848676307,-0.20180347574054322,-0.27057092646262776,-0.3028710424205196,0.44505634381603293,-0.034427353550179986,-0.422832200963661,0.9603424327455972,1.2114104710586016,1.0
2023-11-02,0.6303599912946006,0.1567964905448249,-0.1719610508899457,0.16057034719826244,-0.2129361127681732,-0.27563862016490454,-0.30144194996403584,0.44505634381603293,-0.034427353550179986,-0.422832200963661,0.5991684376292887,1.0298468907497735,1.0
2023-11-03,0.5552500672523564,0.5059018628965822,0.09500604638210203,0.15005150095635897,-0.2161086841449927,-0.28000546098255025,-0.29975712525980924,0.44505634381603293,-0.034427353550179986,-0.422832200963661,0.8775981953999394,1.30921540562185,1.0
2023-11-06,0.5073514136291865,0.37058213822899266,0.08509058159083048,0.04311170420099408,-0.22306756037388967,-0.2797301494404476,-0.30007459164649375,0.44505634381603293,-0.034427353550179986,-0.422832200963661,1.135549564774912,1.4193313254709223,1.0
2023-11-07,0.5059858085495648,0.43361347721165144,0.09466031791450277,0.0714789448267365,-0.21730152822505455,-0.2763233279496402,-0.29803404972871356,0.44505634381603293,-0.034427353550179986,-0.422832200963661,0.6465835648654269,1.093928798927769,1.0
2023-11-08,0.33020969936639194,-0.00882620434534254,0.2743462958358373,0.19470672888085405,-0.2085447654717959,-0.27659605598330916,-0.30118994978198027,0.44505634381603293,-0.034427353550179986,-0.422832200963661,0.4955403927199214,0.9057535228681712,1.0
2023-11-09,0.30606121863592034,-0.333332236895882,0.06216246410780539,0.16202078919306248,-0.21604856272468992,-0.2779611896744301,-0.30290852837751553,0.44505634381603293,-0.034427353550179986,-0.422832200963661,0.8310223273840123,1.100228016899543,1.0
2023-11-10,0.14608044430313571,0.04640877658966837,0.16492817914768385,0.23480481532692446,-0.22182885721818502,-0.2810923094786701,-0.3053220817145192,0.44505634381603293,-0.034427353550179986,-0.422832200963661,0.7092131353746629,1.1479534714708406,1.0
2023-11-13,0.18201014465966767,0.11829874626277051,0.1168637431852991,0.2070440623714194,-0.2143096523930869,-0.280407943104712,-0.30290363336302817,0.44505634381603293,-0.034427353550179986,-0.422832200963661,0.6720040814042989,1.0520943821990467,1.0
2023-11-14,0.2744284541405981,0.518584159169789,0.25121946938480444,0.48055891225315017,-0.21742640380977601,-0.2804125200621742,-0.3037248870466672,0.44505634381603293,-0.034427353550179986,-0.422832200963661,0.6171200066627565,0.9875464989619015,1.0
2023-11-15,0.5576069022574139,0.7546696285210278,0.29968905622822944,0.5247873447103467,-0.22179346856567725,-0.2801399458187621,-0.30643083413350974,0.44505634381603293,-0.034427353550179986,-0.422832200963661,0.7689284227820331,1.2239747501618958,1.0
2023-11-16,0.5351826749138213,0.8792734473198367,0.5008222849180095,0.41656925339949774,-0.22275435728212345,-0.2820457955248796,-0.3085075476530896,0.44505634381603293,-0.034427353550179986,-0.422832200963661,0.4300522637425979,1.1055771587816992,1.0
2023-11-17,0.4057027326033962,1.035620671942565,0.5721919626244644,0.2871911659917545,-0.218432994368095,-0.285427206700058,-0.30793535112627307,0.44505634381603293,-0.034427353550179986,-0.422832200963661,0.6176168269995571,1.2511795874487086,1.0
2023-11-20,0.17914269108507955,1.5797293942903026,0.45092335254950294,0.36868724698927996,-0.21178434626920073,-0.2847480560688987,-0.3054049006265114,0.44505634381603293,-0.034427353550179986,-0.422832200963661,0.875529962113289,1.3144384610448117,1.0
2023-11-21,0.20758413418037558,1.4570711065843345,0.4830550698936848,0.5339937399056864,-0.20106498988159482,-0.2835157366502662,-0.30460308945786774,0.44505634381603293,-0.034427353550179986,-0.422832200963661,0.8862316402773495,1.324833232091131,1.0
2023-11-22,0.17010334842601843,1.1305991818229346,0.4209794283142863,0.6324411481432753,-0.20325141181351047,-0.2837717156068913,-0.30548341188642786,0.44505634381603293,-0.034427353550179986,-0.422832200963661,0.8560307595656105,1.2407876868981813,1.0
2023-11-23,0.25637495984977604,1.4240901557152175,0.4955304520839175,0.5975532984332094,-0.20635026480415739,-0.2848424337432225,-0.31042471050189596,0.44505634381603293,-0.034427353550179986,-0.1539992499930627,0.8766913306668778,1.3393924504659271,1.0
2023-11-24,0.17531549868819937,1.5452189088838442,0.32613063525501074,0.445511610826153,-0.20507079722709132,-0.2860635918357394,-0.3088878378539887,0.44505634381603293,-0.034427353550179986,-0.1539992499930627,1.1062846046096277,1.4230609304570239,1.0
2023-11-27,0.26530918977066825,1.4728338026371328,0.23910863233741977,0.47484272918103393,-0.20505075871813147,-0.284718922844866,-0.3092169939263411,0.44505634381603293,-0.034427353550179986,-0.1539992499930627,0.8945724313659169,1.2589377407336535,1.0
2023-11-28,0.22326511362428644,1.4280960858537042,0.3631567293424493,0.53410493096055,-0.20769800384655646,-0.28216434829207815,-0.30571793503815176,0.17645698579962016,-0.034427353550179986,-0.1539992499930627,1.08542185469445,1.3155880883787678,1.0
2023-11-29,0.1879853909004494,1.4257996504665105,0.4546652602607763,0.7003779965722591,-0.21970612393267921,-0.2808285914600428,-0.30737091707639946,0.17645698579962016,-0.034427353550179986,-0.1539992499930627,0.8020245286473121,1.2584917687588872,1.0
2023-11-30,0.3855406913227056,1.2658703690741737,0.542892263704131,0.7726378612022716,-0.21178434626920073,-0.281101618006334,-0.3072267324531775,0.17645698579962016,-0.034427353550179986,-0.1539992499930627,0.8055165568713877,1.142239083062566,1.0
2023-12-01,0.3567551617022595,0.9775325497054115,0.589644528788495,0.8298414085452818,-0.20879126186349967,-0.28559052102325905,-0.30576626157190734,-0.06459372011254409,-0.034427353550179986,0.016178561113295912,0.6138088450580383,1.0348894943989904,1.0
2023-12-04,0.3054212408917999,0.297462164224703,0.5226912738045772,0.7571856610145948,-0.19758187528128981,-0.28745472690303947,-0.30514537302019357,-0.06459372011254409,-0.034427353550179986,0.016178561113295912,0.6554747824356135,0.9842520145133432,1.0
2023-12-05,0.12287899855309761,-0.0001600371631821681,0.570851466389193,0.717280816470596,-0.19170134760767227,-0.2824513108032589,-0.30419837484510354,-0.06459372011254409,-0.034427353550179986,0.016178561113295912,0.3615788343730806,0.7636512652837604,1.0
2023-12-06,0.012038491105834883,0.010812403337465625,0.5449258106442878,0.6341008918206155,-0.19753049192203087,-0.2837998370790962,-0.3044417684691888,-0.06459372011254409,-0.034427353550179986,0.016178561113295912,0.27359419451866296,0.5351067628495311,1.0
2023-12-07,-0.13366695599484615,0.2545504949510138,0.5765769785529341,0.8093996073884976,-0.19979502988405265,-0.2851586515485778,-0.30394025107516986,-0.06459372011254409,-0.034427353550179986,0.016178561113295912,0.22812805359332572,0.7551342506483293,1.0
2023-12-08,-0.24416431631553856,0.36175297750147967,0.41320499452048726,1.0416317998481825,-0.19755634909378333,-0.28676700906360897,-0.3027111962284109,-0.06459372011254409,-0.034427353550179986,0.016178561113295912,0.371121650968995,0.7564921894440322,1.0
2023-12-11,-0.13259324757947097,0.33656821336240794,0.45825204393207974,0.9933558290273499,-0.19171595119392726,-0.28676700906360897,-0.3032042834974309,-0.06459372011254409,-0.034427353550179986,0.016178561113295912,0.3734198633131414,0.7093487599210151,1.0
2023-12-12,0.025125909761381727,0.3475078109657977,0.5122090963528999,0.9297338319534624,-0.18944640839469837,-0.2833897548065801,-0.30248981106630074,-0.06459372011254409,-0.034427353550179986,0.016178561113295912,0.33048566885495967,0.7358007446910415,1.0
2023-12-13,0.19574513584159886,0.002939545275308204,0.9459161735750893,0.8915664621700989,-0.19758187528128981,-0.2871871267278213,-0.30417075790662684,-0.06459372011254409,-0.034427353550179986,0.016178561113295912,0.19125272882153913,0.753583095169869,1.0
2023-12-14,0.010894760509597704,0.13229274635155025,1.1171894962803879,0.6824455348789991,-0.20209088804450553,-0.28854030393267993,-0.3074476942712438,-0.06459372011254409,-0.034427353550179986,0.016178561113295912,0.04193106196959861,0.5095948082665114,0.0
2023-12-15,0.26467403134574086,0.2087973032445051,1.1357080349180988,0.6766202595970694,-0.19217861357384597,-0.2885185824190457,-0.30697789483090054,-0.06459372011254409,-0.034427353550179986,0.016178561113295912,-0.11136668210909219,0.41555922564069875,1.0
2023-12-18,0.23350054596795694,0.17148323582564864,1.1951555639292313,0.6845160532985858,-0.18766102885148728,-0.2891843468306482,-0.30712121431163075,-0.06459372011254409,-0.034427353550179986,0.016178561113295912,0.08432457245441975,0.6759780533978982,1.0
2023-12-19,0.4280147147117877,0.0895682851617368,1.252617785982221,0.7906017844143468,-0.18403464030069674,-0.286089138609289,-0.3073218898285757,-0.06459372011254409,-0.034427353550179986,0.016178561113295912,-0.33497072359956265,0.6370085816152883,1.0
2023-12-20,0.39976957988278483,-0.15786130668532153,1.1723968286652628,0.5861687184740824,-0.19531984895244037,-0.28717369254903025,-0.30887752174383876,-0.06459372011254409,-0.034427353550179986,0.016178561113295912,-0.27993086399145234,0.5498843063962655,0.0
2023-12-21,0.1891671733230184,0.2742435089434397,1.1418348762279653,0.5282772463087213,-0.20881477296399814,-0.2909487014120335,-0.30933965892667314,-0.06459372011254409,-0.034427353550179986,0.016178561113295912,-0.3556110893747323,0.8301005783625625,1.0
2023-12-22,0.11430278280219935,0.17269246197848725,1.1792905268260747,0.8210926854653866,-0.20971580619869692,-0.29280807460502056,-0.30966778673880696,-0.06459372011254409,-0.034427353550179986,0.016178561113295912,-0.2332866768422232,0.7859104088239526,0.0
2023-12-27,0.27859514247427825,0.45051601558179327,1.2100956948623076,0.9048658724316815,-0.19216289515728546,-0.28982470041183106,-0.30736717327919083,-0.06459372011254409,-0.034427353550179986,0.016178561113295912,-0.39972283287917,0.712193735435388,0.0
2023-12-28,0.08939526261293014,0.7034485402045507,1.1693086285737613,0.8752271183999663,-0.2020805866336683,-0.2892004072666959,-0.3077832263606844,-0.06459372011254409,-0.034427353550179986,0.016178561113295912,-0.37455108563302325,0.681902177742071,0.0
2023-12-29,0.05143464428948866,0.5134829455954741,1.0736481718404378,0.7653619585349639,-0.22011302257976056,-0.2932898085850394,-0.3095650436592736,-0.06459372011254409,-0.034427353550179986,0.016178561113295912,-0.32960735428457155,0.7458126891000945,0.0
2024-01-02,0.06586111113164156,0.3866244734565692,1.06685682871324,0.6241973288505329,-0.1962574867538224,-0.290808149102506,-0.31027705256870913,-0.06459372011254409,-0.034427353550179986,0.016178561113295912,-0.5729361397840048,0.6057228747373755,0.0
2024-01-03,0.2336109269522945,0.22616079192553193,1.179765779544935,0.6505413946566515,-0.1853931568918757,-0.2911475494925052,-0.3101880455530682,-0.06459372011254409,-0.034427353550179986,0.016178561113295912,-0.9499959726736056,0.44278398796676466,1.0
2024-01-04,0.07706282396844692,0.06675607040054499,1.0596953650018346,0.62818871858149,-0.17812133820270995,-0.2914304011820481,-0.3105119912143896,-0.06459372011254409,-0.034427353550179986,0.016178561113295912,-0.6456191496323306,0.3806246606270344,1.0
2024-01-05,0.16036149364165117,0.33356039997323117,0.9559656734786314,0.6595996094407455,-0.1853972749643755,-0.291187386054084,-0.31143704402666805,-0.06459372011254409,-0.034427353550179986,0.016178561113295912,-0.7181191752620294,0.4493934614886757,1.0
2024-01-08,0.11537472146997418,0.5234576289914222,0.9612892231126662,0.6664277120262143,-0.1944408643286273,-0.2942194893687861,-0.3122644975544815,-0.06459372011254409,-0.034427353550179986,0.016178561113295912,-1.0377747324319846,0.4140915482267137,1.0
2024-01-09,0.3999251551406395,0.24752318544536298,0.8097635325430441,0.7951400514024581,-0.18991636281906463,-0.2928746492003277,-0.31120617940334383,-0.06459372011254409,-0.034427353550179986,0.016178561113295912,-0.698229949834644,0.3813771943014217,1.0
2024-01-10,0.3944967966867896,0.0965691138418327,0.7085458271809696,0.8317223401575354,-0.18766102885148728,-0.29024693036380855,-0.31111380700530533,-0.06459372011254409,-0.034427353550179986,0.016178561113295912,-0.7149524245250399,0.36428258571033434,1.0
2024-01-11,0.4370098597198051,0.27459592972149766,0.9657276343129894,0.7721010019373116,-0.19083414585247718,-0.29277851837720853,-0.3110674082550929,-0.06459372011254409,-0.034427353550179986,0.016178561113295912,-0.44191043382463524,0.34499153955629647,1.0
2024-01-12,0.4662480849096083,0.22598836692924987,0.9452857049449124,0.9029000662652644,-0.19990022530564544,-0.29547468848576336,-0.31281971727684027,-0.06459372011254409,-0.034427353550179986,0.016178561113295912,-0.6648115642100785,0.3620392194130886,1.0
2024-01-15,0.4355880798148348,0.22061337812972087,0.8769543500069283,1.142530887929359,-0.20663516283054917,-0.2945540568293724,-0.31350466376754177,-0.06459372011254409,-0.034427353550179986,0.016178561113295912,-0.3895648053627634,0.36340233996996735,1.0
2024-01-16,0.294410903463465,-0.4931574567746953,0.7032396905509275,1.1070813689335957,-0.19311807731574301,-0.2938791126481677,-0.3131379948976061,-0.06459372011254409,-0.034427353550179986,0.016178561113295912,-0.6243167848975139,0.5891731740295687,1.0
2024-01-17,0.432620429732237,-1.0864305096153004,0.705608605909025,1.072463545306109,-0.18403464030069674,-0.2938411950395039,-0.3124945476387498,-0.06459372011254409,-0.034427353550179986,0.016178561113295912,-0.831983108665555,0.47632258183328074,1.0
2024-01-18,0.7419139021596627,-0.8038540575513974,0.6947731566399571,1.4000196294924074,-0.19538464486315085,-0.29454747263016506,-0.3134127314073647,-0.06459372011254409,-0.034427353550179986,0.016178561113295912,-0.7137756890612588,0.6368130971046995,1.0
2024-01-19,0.9111936224228779,-0.5823744673531671,0.7778353515741702,1.0356522853984642,-0.19629257595348118,-0.2921755455763488,-0.3135956855587783,-0.06459372011254409,-0.034427353550179986,0.016178561113295912,-1.120384470421552,0.6356528461124723,1.0
2024-01-22,1.0194086276510312,-0.9317858871171204,0.8130296287281525,1.3808443943582924,-0.20124381279858747,-0.29057583365780526,-0.3141845525358595,-0.06459372011254409,-0.034427353550179986,0.016178561113295912,-1.1595431439393715,0.4970426751464669,1.0
2024-01-23,0.8822228681239561,-0.3900534518981959,0.6876382054879653,1.3180852116757245,-0.19310591980490785,-0.28828382116144136,-0.3138622927549548,-0.06459372011254409,-0.034427353550179986,0.016178561113295912,-0.992684004274868,0.5276403496008115,1.0
2024-01-24,0.7814923606068506,-0.542691070541706,0.8695563451326577,1.8975199199499815,-0.18403464030069674,-0.2902843481802318,-0.3138622927549548,-0.06459372011254409,-0.034427353550179986,0.016178561113295912,-0.5458849817680379,0.5490932891616551,1.0
2024-01-25,0.7101869128295021,-0.4182713958415942,0.9160559501696843,1.9592001607584402,-0.1899558903504443,-0.293243787986639,-0.3139606734461526,-0.06459372011254409,-0.034427353550179986,0.016178561113295912,-0.9104896915674429,0.504641022387804,1.0
2024-01-26,0.5231856961242948,-0.6794137291185035,0.838713040483375,1.9288582916436081,-0.19989437901924748,-0.29057583365780526,-0.3134127314073647,-0.06459372011254409,-0.034427353550179986,-0.4868533656625348,-0.6514145955888258,0.6226042132012944,1.0
2024-01-29,0.4039762187119232,-0.8247356049771477,1.0141164994726812,2.0362792223346333,-0.19221763237626627,-0.29124085062966587,-0.3139580769159561,-0.06459372011254409,-0.034427353550179986,-0.4868533656625348,-0.8781589632055428,0.39921391062131745,1.0
2024-01-30,0.5472696350699147,-0.9745837289182296,1.0881318312853983,2.0153302539010465,-0.17350185367828652,-0.2918962651862586,-0.3138204711053437,-0.06459372011254409,-0.034427353550179986,-0.4868533656625348,-1.1858445684002596,0.16761490271422452,1.0
2024-01-31,0.5789920387800557,-0.8487688015418738,1.0978492306524659,1.821584717789315,-0.19541055506582505,-0.29485080256659024,-0.31441791144493303,-0.29328285136254617,-0.034427353550179986,-0.45335230463925985,-1.3338850818833585,-0.23561854141245142,1.0
2024-02-01,0.5013704608602466,-0.5431968919611345,1.0936774482782539,1.829640519837697,-0.19989437901924748,-0.29057583365780526,-0.31364024343628816,-0.29328285136254617,-0.034427353550179986,-0.45335230463925985,-1.2457661832566413,-0.2631965385004024,1.0
2024-02-02,0.6258422088962138,-0.5339863834678439,0.9361702897509416,1.7332519379107694,-0.1922019797765864,-0.2851941681393057,-0.3134994200405329,-0.29328285136254617,-0.034427353550179986,-0.45335230463925985,-0.8283847532616435,-0.19594945148767373,1.0
2024-02-05,0.684117356350792,-0.5334926734875102,0.7695834967972712,1.8521183630194495,-0.18039900381504317,-0.2804286676024062,-0.3133556845173128,-0.29328285136254617,-0.034427353550179986,-0.45335230463925985,-0.7503829574584143,0.054509921345488835,0.0
2024-02-06,0.7403879789426469,-0.12880666832667834,0.8551444076615555,2.011961834459803,-0.18267122244590295,-0.28206495862823994,-0.31381056849509775,-0.29328285136254617,-0.034427353550179986,-0.45335230463925985,-0.9525158107344932,0.07852272893258481,-1.0
2024-02-07,0.7875121398347331,0.19574841119157338,0.9029302917309651,1.871630834034492,-0.18720957731335242,-0.2838255414273136,-0.31326695738022736,-0.29328285136254617,-0.034427353550179986,-0.45335230463925985,-0.6620042736115874,-0.03938531690757487,0.0
2024-02-08,0.9496754048126258,0.12725538277779944,0.9262456326915818,1.7637444141099976,-0.18721261560018426,-0.28383207876720457,-0.3133597672416561,-0.29328285136254617,-0.034427353550179986,-0.45335230463925985,-0.38842788006443985,0.05785865973332098,0.0
2024-02-09,1.0488802649871147,0.13145179249487537,0.9803703639003264,1.6681598303988616,-0.18312549121688143,-0.28288199805093844,-0.31349506864815463,-0.29328285136254617,-0.034427353550179986,-0.45335230463925985,-0.5895838840118582,0.1432081745362429,0.0
2024-02-12,0.9647887614059042,0.2203686743557645,1.0052690235815378,1.6249120260144376,-0.17034384496412988,-0.28001967936531535,-0.3135821087248479,-0.29328285136254617,-0.034427353550179986,-0.45335230463925985,-0.5288778627748392,0.1036017226386765,-1.0
2024-02-13,1.698365406240134,-0.1762660692571828,0.8831176222259902,1.2910770668238962,-0.1680622270812102,-0.2806976844777762,-0.31357986108323527,-0.29328285136254617,-0.034427353550179986,-0.45335230463925985,-0.5259023689929015,0.07977961472654178,0.0
2024-02-14,1.64085199248212,0.6413352187621073,1.081989545248833,1.3557477405276472,-0.17719592980019494,-0.2817978291453939,-0.3139486702796158,-0.29328285136254617,-0.034427353550179986,-0.45335230463925985,-0.4533040866867441,0.09535281021489038,0.0
2024-02-15,1.8853211537015027,1.0713534202952382,1.1519862132580423,1.256877349445691,-0.18267013223120956,-0.28206977231044306,-0.3139486702796158,-0.29328285136254617,-0.034427353550179986,-0.45335230463925985,-0.6270917565474393,0.07178312227292818,0.0
2024-02-16,1.855903388853716,0.9959511742574215,1.0848298914389525,1.3547117020468937,-0.17354236435891712,-0.27974937467933275,-0.31381056849509775,-0.29328285136254617,-0.034427353550179986,-0.45335230463925985,-0.3939615178870177,0.007598502488845816,0.0
2024-02-19,1.6543162410204777,0.7680702266994999,1.0715043764422811,1.2515528650081567,-0.17262568045485963,-0.27838022311662963,-0.31448660670629947,-0.29328285136254617,-0.034427353550179986,-0.45335230463925985,-0.455611100087956,0.09398620197762238,0.0
2024-02-20,1.6634283674472954,0.9941529463082887,0.9242636287340986,1.0013333605517087,-0.17810428020946137,-0.2804385347437517,-0.3149422318687061,-0.29328285136254617,-0.034427353550179986,-0.45335230463925985,-0.4120779373982395,0.30801799154816617,1.0
2024-02-21,1.4627799932186911,0.8439241918406739,1.0148153922489425,0.9887765668509363,-0.1726519584730218,-0.2797431097899146,-0.3142996785145918,-0.29328285136254617,-0.034427353550179986,-0.45335230463925985,-0.3213090216476571,0.3839937835433177,0.0
2024-02-22,2.1598933768525437,0.8222867589899784,1.0304315608293424,1.1539661919660518,-0.17356272065172257,-0.2813771340843052,-0.3149281733593471,-0.29328285136254617,-0.034427353550179986,-0.45335230463925985,-0.213891028551774,0.44348493144159284,0.0
2024-02-23,2.0132379972259002,0.7837027707204635,0.9542133424235358,1.2092454877882886,-0.16348691554924102,-0.28042093149138925,-0.31496789812983206,-0.29328285136254617,-0.034427353550179986,-0.45335230463925985,-0.42732847597274914,0.29734288326083247,0.0
2024-02-26,1.8747257780598716,0.671046613886928,0.7221662537049873,1.4844291069405724,-0.1612254960962153,-0.2774166036071351,-0.3143805029437541,-0.29328285136254617,-0.034427353550179986,-0.45335230463925985,-0.6215800564422901,0.3108208181107904,1.0
2024-02-27,1.860111136607117,0.7025978973247141,0.7634166656583756,1.5495726252197406,-0.16350645402148795,-0.27878407257537235,-0.31438348920542925,-0.29328285136254617,-0.034427353550179986,-0.45335230463925985,-0.32872114958508114,0.38430641190938747,1.0
2024-02-28,1.824556140863411,0.5912471016757261,0.7764469254063943,1.3357571902519239,-0.16716580657288,-0.27974057301295296,-0.3138472526089728,-0.29328285136254617,-0.034427353550179986,-0.32064283708937835,-0.5493155553303671,0.351330523062257,1.0
2024-02-29,1.9244762823883186,0.7194704191954236,0.7747818631060467,1.2448886592790016,-0.1680314406190814,-0.2793391518349215,-0.31326695738022736,-0.29328285136254617,-0.034427353550179986,-0.32064283708937835,-0.5375157126290075,0.16207190998141982,0.0
2024-03-01,2.1546273697257714,0.7754023991328991,0.8660883994463925,1.208650961870184,-0.1771917665248804,-0.2801638789884051,-0.31363331257157834,-0.29328285136254617,-0.034427353550179986,-0.32064283708937835,-0.5942479416881176,0.12191464696110343,1.0
2024-03-04,2.2326912942656305,0.788746226746166,1.0204824399025296,1.231713597646941,-0.1781156631188337,-0.275902623309461,-0.3137201239244148,-0.06459372011254409,-0.034427353550179986,-0.32064283708937835,-0.3553486850178613,0.1658620703387001,0.0
2024-03-05,2.145928659443487,0.5679136587256408,1.0608693923293218,1.1619594768980717,-0.18539597172622588,-0.27673051543989896,-0.31462007917005963,-0.06459372011254409,-0.034427353550179986,-0.32064283708937835,-0.5031907385444031,0.08513326589696611,1.0
2024-03-06,2.213370307163144,0.39494405976967567,1.0388466193098338,1.2066062437750655,-0.1808554481737414,-0.2787891598224318,-0.31362642128376483,-0.06459372011254409,-0.034427353550179986,-0.32064283708937835,-0.18243977524391963,0.1145628629894236,0.0
2024-03-07,2.209218565003421,0.4988884214901888,1.077463964049233,1.3414420118885884,-0.18176372690537984,-0.2790634882359088,-0.3141687967261386,-0.06459372011254409,-0.034427353550179986,-0.32064283708937835,0.11974076662219266,0.27257890086345593,0.0
2024-03-08,2.2326912942656305,0.5971620381567109,1.0409088170479048,1.2987334887974427,-0.17948846133413207,-0.27769302594863443,-0.3141687967261386,-0.06459372011254409,-0.034427353550179986,-0.32064283708937835,0.04354777324141256,0.184100472156614,0.0
2024-03-11,2.173012585585775,0.5520734826630788,1.0773451281832251,1.045998141974805,-0.1749459824679532,-0.27604384449406644,-0.3141620954547021,-0.06459372011254409,-0.034427353550179986,-0.32064283708937835,0.009086503671365083,0.262002458651689,-1.0
2024-03-12,2.102914613087459,0.6194200972043163,1.0336294593350108,1.2864152492579561,-0.17858996367586538,-0.27604384449406644,-0.3141620954547021,-0.06459372011254409,-0.034427353550179986,-0.32064283708937835,0.09081651977383312,0.32367832502049915,0.0
2024-03-13,2.0657648499011763,0.9624484900278979,1.0135772301954897,1.2079839603171505,-0.18176806639930868,-0.27837636022408513,-0.31380319068809304,-0.06459372011254409,-0.034427353550179986,-0.32064283708937835,0.1431192985204022,0.33093650521359874,0.0
2024-03-14,1.854496607735037,0.5447500836530906,0.9879534508696216,1.2273204229063583,-0.17494249914131219,-0.2749404214289508,-0.31393831736027306,-0.06459372011254409,-0.034427353550179986,-0.32064283708937835,0.3700687974791459,0.39499818117058294,0.0
2024-03-15,1.5674344808767344,0.31279851702502137,0.9555423059712601,1.3246225368667934,-0.17494249914131219,-0.27383398195326986,-0.31402833828022153,-0.06459372011254409,-0.034427353550179986,-0.32064283708937835,0.6144418650685771,0.4617221444289316,0.0
2024-03-18,2.099902079767437,0.2485603191361149,1.0889545672258616,1.4131650092049137,-0.1772221166809674,-0.27521648545821864,-0.3144773400448889,-0.06459372011254409,-0.034427353550179986,-0.32064283708937835,0.6697515707721255,0.3873239751156454,0.0
2024-03-19,2.2011463802767435,0.145116236920341,1.2080230608580795,1.4896475335083752,-0.1772221166809674,-0.27521648545821864,-0.3147012180212726,-0.06459372011254409,-0.034427353550179986,-0.32064283708937835,0.4452206919333795,0.3708453948207904,0.0
2024-03-20,2.2326912942656305,0.3512684616513994,1.4698086493692089,1.502366776738032,-0.17720883106362087,-0.2783789112034193,-0.3147077846850321,-0.06459372011254409,-0.034427353550179986,-0.32064283708937835,0.5345643545086464,0.12496651195004205,1.0
2024-03-21,2.2326912942656305,0.340095786348097,1.4129042013344786,2.04686383951927,-0.18720654483044866,-0.27728090461651284,-0.3147077846850321,-0.06459372011254409,-0.034427353550179986,-0.32064283708937835,0.5225227732579524,0.15718330604274997,0.0
2024-03-22,2.2326912942656305,-0.022042106218882387,1.4209814037048416,2.107486113984174,-0.18992760275287537,-0.27562549848202356,-0.3154290597016359,-0.06459372011254409,-0.034427353550179986,-0.32064283708937835,0.07018251163414689,-0.2183989043814792,0.0
2024-03-25,2.2326912942656305,0.003541383766704252,1.4910102882053784,2.107486113984174,-0.1939939407052648,-0.2756249684145371,-0.31605378637347975,-0.06459372011254409,-0.034427353550179986,-0.32064283708937835,0.041470439923730014,-0.15040514730249246,0.0
2024-03-26,2.2326912942656305,0.0811379182885107,1.496003185424314,2.107486113984174,-0.19849343904224886,-0.2793414457002417,-0.31627555542829333,-0.06459372011254409,-0.034427353550179986,-0.32064283708937835,0.20768856754059917,-0.15336721086151509,0.0
2024-03-27,2.2326912942656305,0.07556916410692639,1.5091987198350985,2.0985386428087867,-0.19760253810052478,-0.27741935844859184,-0.3154330159654644,-0.06459372011254409,-0.034427353550179986,-0.32064283708937835,0.03442819417411509,-0.25732235245423235,0.0
2024-03-28,2.2326912942656305,0.43117214974537943,1.4917650840019467,2.0205100074344733,-0.20078436298730531,-0.2738124837084671,-0.31562147848174443,-0.06459372011254409,-0.034427353550179986,-0.32064283708937835,-0.11887942215896388,-0.3333622421456616,0.0
2024-04-02,2.2326912942656305,0.5241969390835156,1.4996937126349026,1.9840337650402218,-0.18857646709133055,-0.2770058943153682,-0.31583597306799255,-0.06459372011254409,-0.034427353550179986,-0.32064283708937835,0.32368215435744924,-0.19848806931599403,0.0
2024-04-03,2.2326912942656305,0.28052582757332706,1.7769739439750343,2.067585239138711,-0.1863090373149463,-0.2804405017303109,-0.3170792631849762,-0.06459372011254409,-0.034427353550179986,-0.32064283708937835,0.43793838683361325,-0.39654920284629686,0.0
2024-04-04,2.2326912942656305,0.2506781736333937,1.6277735675813285,2.107358846921963,-0.19311807731574301,-0.28044510045761273,-0.31717520079076905,-0.06459372011254409,-0.034427353550179986,-0.32064283708937835,0.2740752791347377,-0.2862225789415194,0.0
2024-04-05,2.2326912942656305,0.4872801293946224,1.5804956191913058,2.0242797785130326,-0.18857451223567986,-0.2776947371975722,-0.3161896908965267,-0.06459372011254409,-0.034427353550179986,-0.32064283708937835,0.34238112631474504,-0.29187873546401805,0.0
2024-04-08,2.2326912942656305,0.3200052378467149,1.6047832259304897,1.8870238946003954,-0.18720957731335242,-0.2765925228881076,-0.31684492292907207,-0.06459372011254409,-0.034427353550179986,-0.32064283708937835,0.4622403175330651,-0.4446929655368552,0.0
2024-04-09,2.2326912942656305,0.3323822109832421,1.4708824438348738,1.5771476164349203,-0.18766471319604433,-0.27838107696572717,-0.3169802644751837,-0.06459372011254409,-0.034427353550179986,-0.32064283708937835,0.31985022429813326,-0.2929188664536185,0.0
2024-04-10,2.2326912942656305,0.06369031517434454,1.2567078593440046,1.3236770250800802,-0.17722863225033625,-0.27452823613583766,-0.3148319209362305,-0.06459372011254409,-0.034427353550179986,-0.32064283708937835,0.3796889042020645,-0.2637121312461961,1.0
2024-04-11,2.2326912942656305,0.14430934638837403,1.2373500119249259,1.3299939797648426,-0.18493997237466694,-0.27424926959119084,-0.31559251226001667,-0.06459372011254409,-0.034427353550179986,-0.32064283708937835,0.4403315899503287,-0.020489342979697196,1.0
2024-04-12,2.2326912942656305,-0.5605483773921086,1.3573248288847917,1.124214524426224,-0.18856151653417966,-0.2725783112059976,-0.3159542665581152,-0.06459372011254409,-0.034427353550179986,-0.32064283708937835,0.20765557942585244,-0.34638332551763884,1.0
2024-04-15,2.2326912942656305,-0.6272251863865124,1.2339806152905144,1.1766011524610132,-0.18403464030069674,-0.27147143192265394,-0.3152813214835745,-0.06459372011254409,-0.034427353550179986,-0.32064283708937835,0.4277871347738321,0.009239496912277172,1.0
2024-04-16,2.2326912942656305,-0.7914176991309888,1.1589975900359752,1.1050381565262664,-0.18629905056537668,-0.2728590694659285,-0.31550772306377467,-0.06459372011254409,-0.034427353550179986,-0.32064283708937835,0.35587286220728237,-0.21371123055654706,1.0
2024-04-17,2.1462897527252434,-0.6835170664476716,1.3081909886592207,1.0007657395239296,-0.18312896257324413,-0.2735581806420238,-0.3157239494152604,-0.06459372011254409,-0.034427353550179986,-0.32064283708937835,0.3438856780858517,-0.37432639589997024,1.0
2024-04-18,1.9698903734271338,-0.6369089604969334,1.4490326182637667,0.8701703054089,-0.18177023003601656,-0.2710585990919241,-0.31514399384769687,-0.06459372011254409,-0.034427353550179986,-0.32064283708937835,0.2019434585219044,-0.3859880384999246,1.0
2024-04-19,1.7148763473732203,-0.6189291055648414,1.5862047699746284,0.5907948116781361,-0.1808645523085639,-0.2705029043027287,-0.3141593120425187,-0.06459372011254409,-0.034427353550179986,-0.32064283708937835,0.15619546345458893,-0.7129054313667006,1.0
2024-04-22,1.5556186977360078,-0.6287520128349877,1.6726231651741061,0.5208044694287439,-0.17632122220604668,-0.27078200218173404,-0.31370971023991684,-0.06459372011254409,-0.034427353550179986,-0.32064283708937835,0.32656598827954997,-0.6262106122510692,1.0
2024-04-23,1.5698488305746783,-0.48710517346374704,1.6732760179964459,1.0437761453059247,-0.17632122220604668,-0.27217441016260985,-0.31339397172393807,-0.06459372011254409,-0.034427353550179986,-0.32064283708937835,0.3191670427626059,-0.5090201056207858,1.0
2024-04-24,1.9827120318856661,-0.27137445517921754,1.4887047076307651,0.4194901778294303,-0.16812932657537438,-0.2707939485052303,-0.3136150222112662,-0.06459372011254409,-0.034427353550179986,-0.32064283708937835,0.17558944397896617,-0.28222207645218933,1.0
2024-04-25,1.6744436640535496,-0.24085706035614096,1.5715068831666512,0.15489300739213532,-0.17176026057421503,-0.27008385458098555,-0.31438348920542925,-0.06459372011254409,-0.034427353550179986,-0.32064283708937835,0.40549135387852464,-0.3896743351118653,1.0
2024-04-26,2.0907477368321925,0.01274465753670702,1.5634652809112248,0.3832814166519951,-0.17494249914131219,-0.2717501573180217,-0.31402833828022153,-0.06459372011254409,-0.034427353550179986,-0.32064283708937835,0.229322012055065,-0.32156794129536487,1.0
2024-04-29,2.0062183073983975,0.17962184981718807,1.6704175924507898,0.15034652952473956,-0.17129836405839874,-0.2710585990919241,-0.3140256568837807,-0.06459372011254409,-0.034427353550179986,-0.32064283708937835,0.3512779998512688,-0.40310958908295896,1.0
2024-04-30,2.1040332671286546,-0.189947538099169,1.479318212709508,0.04459134234355837,-0.16488616393981687,-0.27120031316111565,-0.3142938775241961,-0.06459372011254409,-0.034427353550179986,-0.32064283708937835,0.5096444423371709,-0.5219488800030846,1.0
2024-05-02,2.0987339305275743,0.26224598244785463,1.700434559557064,0.07087652486713598,-0.17265850855390252,-0.2700745149385398,-0.3149246751647741,-0.06459372011254409,-0.034427353550179986,0.1872332584901543,0.7461894890453243,-0.47317068622242087,1.0
2024-05-03,1.9072916891518685,0.43759422441691653,1.5660212218634326,0.1005969519448214,-0.1726519584730218,-0.27216505268330693,-0.31416488385253455,-0.06459372011254409,-0.034427353550179986,0.1872332584901543,0.9001275813244843,-0.30368766295983757,1.0
2024-05-06,1.717814288382409,0.5354087297459424,1.315002895179649,0.06909689557791501,-0.16716580657288,-0.2728646409912994,-0.31257951731592337,-0.06459372011254409,-0.034427353550179986,0.1872332584901543,0.6211140865265425,-0.18084190950344967,1.0
2024-05-07,2.0192248857592143,0.36807767287163295,1.0770831771857075,0.16353599597751572,-0.17129836405839874,-0.27494239686898186,-0.3116654256119005,-0.06459372011254409,-0.034427353550179986,0.1872332584901543,0.304788158190788,-0.34152543675526065,1.0
2024-05-08,1.8019800434599171,0.23493107936554564,1.1191989128518505,0.16866653113380703,-0.17404292455401207,-0.2739765297046094,-0.31189416471647863,-0.06459372011254409,-0.034427353550179986,0.1872332584901543,0.43238547307101144,-0.40220221988299903,0.0
2024-05-09,1.7083847753844692,0.15799408004638893,1.1222827926408294,0.15087050304103064,-0.1749459824679532,-0.2746650425534816,-0.3127159807857615,-0.06459372011254409,-0.034427353550179986,0.1872332584901543,0.3143087077420454,-0.2702400837016055,0.0
2024-05-10,1.6619368720183998,0.4940262808992286,1.0704443355507955,0.06962198496608762,-0.18403464030069674,-0.27356009697936706,-0.3123510584834738,-0.06459372011254409,-0.034427353550179986,0.1872332584901543,0.32941373039789695,-0.05929944408371683,0.0
2024-05-13,1.4518497892837523,0.5251652729016605,1.2179901468169674,0.08304240183604804,-0.18312896257324413,-0.2742503256927375,-0.3122604758286995,-0.06459372011254409,-0.034427353550179986,0.1872332584901543,0.2472573050601238,-0.26399143003143677,0.0
2024-05-14,1.3585173903423833,1.1444180876578482,1.1358946608478449,0.016238281717142887,-0.1817667663555534,-0.2760429244672279,-0.31189545328306634,-0.06459372011254409,-0.034427353550179986,0.1872332584901543,0.16254886107981553,-0.27898782914267567,1.0
2024-05-15,1.3646408869583426,1.5233874668875025,1.3040088390636342,0.339325795659712,-0.18312896257324413,-0.27604384449406644,-0.31212349315419025,-0.06459372011254409,-0.034427353550179986,0.1872332584901543,0.0851294048183678,-0.33101845571927874,1.0
2024-05-16,1.4494275429416774,1.8690591643904397,0.996761782403798,0.3673464276139351,-0.1795014924979206,-0.27356009697936706,-0.3116654256119005,-0.06459372011254409,-0.034427353550179986,0.1872332584901543,-0.03617820815987204,-0.3637540561170034,1.0
2024-05-17,1.1426551038570865,1.9854339777297634,1.0791942489130477,0.4072389447705263,-0.18403464030069674,-0.27397362683570836,-0.3118948193321256,-0.06459372011254409,-0.034427353550179986,0.1872332584901543,0.06404135384879688,-0.41889281667979844,1.0
2024-05-20,1.184040013030995,1.8105024469490723,1.058887118950928,0.48542873561478284,-0.1853920770496081,-0.2746650425534816,-0.3113442313947807,-0.06459372011254409,-0.034427353550179986,0.1872332584901543,0.01980164123952396,-0.28163719574065305,1.0
2024-05-21,1.2203283177680966,1.7609538904157762,0.9837197992080072,0.5604270150805966,-0.1862960284866171,-0.2746650425534816,-0.3108834718286445,-0.06459372011254409,-0.034427353550179986,0.1872332584901543,-0.09602187336997066,-0.4074621167275522,1.0
2024-05-22,1.2013175616555136,1.4461612404581896,0.903386904908375,0.590650465083013,-0.18403464030069674,-0.27259105111733045,-0.3108837798803494,-0.06459372011254409,-0.034427353550179986,0.1872332584901543,-0.21651829410311046,-0.4611433592963461,1.0
2024-05-23,1.23704081536535,1.1002290910042347,0.7849728909344021,0.7341527022709725,-0.18403464030069674,-0.2756320906552038,-0.3116652726891983,-0.06459372011254409,-0.034427353550179986,0.1872332584901543,-0.2342736074268463,-0.4091005049772719,1.0
2024-05-24,1.1360528000716417,1.0857258848974152,0.8283137678020225,0.40635480497457566,-0.18854880986037495,-0.27535664732607124,-0.3121226002249489,-0.06459372011254409,-0.034427353550179986,0.1872332584901543,-0.21682373844374656,-0.32028970334819584,1.0
2024-05-27,1.1128740263257892,1.037163985060331,0.8283137678020225,0.2919092077985675,-0.18403464030069674,-0.2763196151548949,-0.3121226002249489,-0.06459372011254409,-0.034427353550179986,0.1872332584901543,-0.0009445557807085367,-0.32028970334819584,1.0
2024-05-28,1.0811893790956502,0.7568005796874305,0.7560283809153845,-0.014685939733639521,-0.17950581977133687,-0.27727985695922186,-0.31143579155806783,-0.06459372011254409,-0.034427353550179986,0.1872332584901543,0.2250151405719707,-0.3028216898325604,1.0
2024-05-29,1.0766583015358073,0.22948553640059402,0.6474798443938481,-0.16382291470563132,-0.18086757554004518,-0.27632026939215226,-0.31157323136834203,-0.06459372011254409,-0.034427353550179986,0.1872332584901543,0.1110491780942551,-0.1700497037993962,1.0
2024-05-30,0.9606865897425731,0.4674230730742097,0.6391783995165462,-0.37599929917828495,-0.18267772112600536,-0.2759078214797376,-0.3117565589058663,-0.06459372011254409,-0.034427353550179986,0.1872332584901543,0.1659222867502738,-0.2914735534095447,1.0
2024-05-31,0.8211180471853731,-0.29229131199574937,0.592842474717159,-0.532393352078496,-0.1808645523085639,-0.2739765297046094,-0.3109759756461794,0.17645698579962016,-0.034427353550179986,0.1872332584901543,0.23467554486396355,-0.23480665447733612,1.0
2024-06-03,0.890669355480737,-0.26168454772425404,0.7127401681216331,-0.4462346545167353,-0.18040963741952168,-0.2731444129142317,-0.31097588775497054,0.17645698579962016,-0.034427353550179986,0.1872332584901543,0.15072130693146601,-0.3347145986530702,1.0
2024-06-04,0.9632710403270507,-0.5687995449982588,0.5005272444727452,-0.5143371399974518,-0.18403464030069674,-0.2746650425534816,-0.31004968699188307,0.17645698579962016,-0.034427353550179986,0.016145587027056915,-0.10090681168684663,-0.33908363564594385,1.0
2024-06-05,0.858270701486808,-0.12491404595771,0.6394389054200894,-0.3015125113655111,-0.1853920770496081,-0.27494121198329335,-0.3104209699702326,0.17645698579962016,-0.034427353550179986,0.016145587027056915,-0.08125925617593106,-0.4312026736698158,1.0
2024-06-06,1.2375456718531526,-0.02685721780504115,0.5762869798101025,-0.09884586306530053,-0.18946188568376693,-0.2765933788636512,-0.31166632345363215,0.17645698579962016,-0.034427353550179986,0.016145587027056915,-0.051236488359877326,-0.17982059199423214,1.0
2024-06-07,1.0881891465832556,-0.3253928317455212,0.5103765084264071,-0.2297017534131388,-0.18493997237466694,-0.2756302512169111,-0.311436251428488,0.17645698579962016,-0.034427353550179986,0.016145587027056915,-0.03914523011266531,0.04594638725871346,1.0
2024-06-10,1.3288455069727798,-0.2469659616417056,0.4910605243597356,-0.21616729215024383,-0.18855914181025943,-0.2763181055648401,-0.31120617940334383,0.17645698579962016,-0.034427353550179986,0.016145587027056915,-0.12845950976209877,-0.07326830707315006,1.0
2024-06-11,1.4976483240088518,-0.4693718131827063,0.5700641413467614,-0.12364777118703323,-0.18177109425213941,-0.2763196151548949,-0.3106529601373436,0.17645698579962016,-0.034427353550179986,0.016145587027056915,-0.2455755645872835,-0.18228890327058342,1.0
2024-06-12,1.3041711238152025,-0.3747440798106574,0.6833258674544926,-0.010944288737994306,-0.18040963741952168,-0.276594100640211,-0.31074515602074204,0.17645698579962016,-0.034427353550179986,0.016145587027056915,-0.3089007631420284,-0.17002336548310928,1.0
2024-06-13,1.1385495537852472,-0.6394527731620853,0.6258526291922575,-0.09808367561855247,-0.18403464030069674,-0.2767313040321921,-0.3115739526839949,0.17645698579962016,-0.034427353550179986,0.016145587027056915,-0.6983402812025736,-0.4155414953851711,1.0
2024-06-14,0.9108115926742544,-0.6572872542729451,0.16893665728598942,-0.2162304021930098,-0.1853920770496081,-0.2767313040321921,-0.3104209699702326,0.17645698579962016,-0.034427353550179986,0.016145587027056915,-0.9338609663783973,-0.43110843442552527,1.0
2024-06-17,0.8698534237253075,-0.6163075592197792,0.07977058534800602,-0.03121713334839792,-0.18267642632610934,-0.27631935313525735,-0.30991089378495335,0.17645698579962016,-0.034427353550179986,0.016145587027056915,-0.7515365863477502,-0.1282916636696672,1.0
2024-06-18,0.9331915679937441,-0.3554292827000153,0.20597788733209357,-0.034330692285364554,-0.18629797048562208,-0.2774177797401324,-0.31074445015669533,0.17645698579962016,-0.034427353550179986,0.016145587027056915,-0.8881950289224021,-0.1919602992673485,1.0
2024-06-19,0.8917201640998127,-0.22765489579015247,0.19051857325845908,-0.0696957195041961,-0.18629797048562208,-0.2774177797401324,-0.31074445015669533,0.17645698579962016,-0.034427353550179986,0.016145587027056915,-0.80609309511852,-0.2854966223517298,1.0
2024-06-20,0.7387722883318346,-0.19457925139677837,0.10738152278372112,0.07454213548966057,-0.19307997738653113,-0.2774186331630861,-0.311804924512022,0.17645698579962016,-0.034427353550179986,0.016145587027056915,-0.8693906326964242,-0.2707896142598876,1.0
2024-06-21,0.74763207733467,-0.11330645947474911,0.1319117697482989,-0.188462138809214,-0.19760253810052478,-0.27879427626154324,-0.3118980891271194,0.17645698579962016,-0.034427353550179986,0.016145587027056915,-0.7626963404439706,-0.20009862343799947,1.0
2024-06-24,0.8652295703162507,-0.17121605708775461,0.00038524885908635276,-0.24726972626627042,-0.19986392628644514,-0.27838364577771435,-0.31120617940334383,0.17645698579962016,-0.034427353550179986,0.016145587027056915,-0.6309679769336388,-0.41741955062074065,1.0
2024-06-25,0.7426095659778063,-0.21973591559685476,0.05837090850539111,-0.16714239655341726,-0.19398444639776033,-0.2763167217035444,-0.31051134688773013,0.17645698579962016,-0.034427353550179986,0.016145587027056915,-0.7483254268492344,-0.5220959090084546,1.0
2024-06-26,0.7781372523758479,-0.2346212653389852,-0.13597108923022694,-0.060200837757201635,-0.1921708542755905,-0.2753519063362383,-0.3114366030144397,0.17645698579962016,-0.034427353550179986,0.016145587027056915,-0.614047446867148,-0.3094024850753954,1.0
2024-06-27,0.6917340807880201,0.0923216025229451,-0.03302361512206904,0.027671996981776623,-0.19623420460865684,-0.275902623309461,-0.3109750050741288,0.17645698579962016,-0.034427353550179986,0.016145587027056915,-0.5335374544228844,-0.3720160725594007,1.0
2024-06-28,0.7448848784827322,0.19151561276452347,0.00020910490037649233,0.1927479198483428,-0.19985509228541598,-0.2756236413364192,-0.30966927156623353,0.17645698579962016,-0.034427353550179986,0.016145587027056915,-0.1468874821076402,-0.20261838045080016,1.0
2024-07-01,0.7338966439567411,0.44814786411201807,0.07514495852510207,0.18052516024565346,-0.1962458345836807,-0.27631606067495296,-0.31097478334035905,0.41750769171178437,-0.034427353550179986,0.016145587027056915,-0.13928760836185325,0.11914590699185948,1.0
2024-07-02,0.7654866263452296,0.29023799131913275,0.2047865672753833,0.10402746379788834,-0.1908211768249346,-0.2745211028265061,-0.31152876366911614,0.41750769171178437,-0.034427353550179986,0.016145587027056915,-0.3777282193533551,0.025119711843095652,1.0
2024-07-03,1.1476586985823174,0.9059444076237518,0.38190685626903054,0.22446086309689575,-0.18856151653417966,-0.27327372558583546,-0.3111138953512401,0.41750769171178437,-0.034427353550179986,0.016145587027056915,-0.39388588838892213,-0.10231344426118241,1.0
2024-07-04,1.1070645160916717,0.5610306282907643,0.36312786599754604,0.2241209850509975,-0.18856151653417966,-0.274937252959177,-0.31074400787716144,0.41750769171178437,-0.034427353550179986,0.016145587027056915,-0.5722140368724877,-0.18490344368465972,1.0
2024-07-05,1.1818457474652164,0.5435254150255938,0.3004911057212417,0.3270949064887967,-0.18766102885148728,-0.27673051543989896,-0.3109750936402526,0.41750769171178437,-0.034427353550179986,0.016145587027056915,-0.5612761242587561,-0.09314756617547348,1.0
2024-07-08,0.970016954986079,0.793041763802428,0.25717156920582324,0.507994779785735,-0.19309206541336843,-0.2772814314682498,-0.31175971598052965,0.41750769171178437,-0.034427353550179986,0.016145587027056915,-0.5425600891904254,-0.17891838004770128,1.0
2024-07-09,1.0619461538980957,0.7537975797504836,0.18630206102123076,0.42074282231242,-0.18766102885148728,-0.27947504626585573,-0.31120617940334383,0.41750769171178437,-0.034427353550179986,0.016145587027056915,-0.6974127000758781,-0.2508272617378758,1.0
2024-07-10,0.9816182782406357,0.9499418059168933,0.16488596820250728,0.4736066700628672,-0.19307997738653113,-0.27879086210035403,-0.3108825441608418,0.41750769171178437,-0.034427353550179986,0.016145587027056915,-0.7115273986080471,-0.21917818162986116,1.0
2024-07-11,0.9794355620507835,0.8606199109641504,0.22620977165625344,0.5127703216582762,-0.20439446561351646,-0.28140638699527204,-0.31120617940334383,0.41750769171178437,-0.034427353550179986,0.016145587027056915,-0.5768910928356416,-0.28237448009992683,1.0
2024-07-12,0.654571585347686,1.0006141868887617,0.28748354433876167,0.5888907030690642,-0.20304790903586292,-0.2824980928119136,-0.31120617940334383,0.41750769171178437,-0.034427353550179986,0.016145587027056915,-0.7485686051275725,-0.2551489454555317,1.0
2024-07-15,0.7289639903295662,0.7439943131431517,0.44217743482718375,0.6090478098053025,-0.20531145508442053,-0.282503340589872,-0.31166986097894744,0.41750769171178437,-0.034427353550179986,0.016145587027056915,-0.5731100212219684,-0.1761408354878893,1.0
2024-07-16,0.6938253487875772,0.7285926126279454,0.6382782060940206,0.6683475836830776,-0.2066567163682978,-0.28345676135057873,-0.3122239227252324,0.41750769171178437,-0.034427353550179986,0.016145587027056915,-0.6991440109842993,-0.2769232703129197,1.0
2024-07-17,0.30151547809281887,0.18414161153351774,0.5601329514789775,0.4581076099466801,-0.20215987077636255,-0.2835902341069369,-0.3114381318347055,0.41750769171178437,-0.034427353550179986,0.016145587027056915,-0.6326253691790189,-0.3269258029306054,1.0
2024-07-18,-0.30459204871477635,-0.014030044238829425,0.4700669483790358,0.5056706646946828,-0.20306628354899936,-0.2841362365933136,-0.3114382432058593,0.41750769171178437,-0.034427353550179986,0.016145587027056915,-0.5234611958379118,-0.27950148890536564,1.0
2024-07-19,-0.28130084371935327,-0.18326230681924277,0.4328722859732167,0.5343741908795147,-0.19856262016263834,-0.2841362365933136,-0.3115309349295611,0.41750769171178437,-0.034427353550179986,0.016145587027056915,-0.5396012690506516,-0.17205421682144267,1.0
2024-07-22,-0.31290873570191485,0.06437733990618773,0.5504082849277911,0.19188193065391,-0.19540640847350732,-0.2845475723163682,-0.312132274502781,0.41750769171178437,-0.034427353550179986,0.016145587027056915,-0.6066402282891071,-0.22632178598944586,1.0
2024-07-23,-0.28705035805662504,-0.12023806753013042,0.5660225876015226,0.7588076765749177,-0.2008810267741836,-0.28822852344326355,-0.3129194652732346,0.41750769171178437,-0.034427353550179986,0.016145587027056915,-0.4904909735178742,-0.24196144534255717,1.0
2024-07-24,-0.3589098276445358,-0.373412154975229,0.3058678345544369,0.9045504732816491,-0.20810575921888072,-0.28729000662444015,-0.31236714628283463,0.41750769171178437,-0.034427353550179986,0.016145587027056915,-0.5313602818163675,-0.1107876718483237,1.0
2024-07-25,-0.4508511849856476,-0.4129333660236032,0.32740940198182605,0.7693473647571752,-0.21578422670361705,-0.28771570102528293,-0.313061931588103,0.41750769171178437,-0.034427353550179986,0.016145587027056915,-0.43130919838191417,-0.16114195742287618,1.0
2024-07-26,-0.6275038730997672,-0.21767906470835052,0.3516056424711853,0.9313037904049778,-0.21491828283861034,-0.28907719483486605,-0.3132938840194646,0.41750769171178437,-0.034427353550179986,0.016145587027056915,-0.5543346858583795,-0.16557667059800266,1.0
2024-07-29,-0.49864030584657354,-0.3246291005285929,0.36100788779827914,0.8869993598202708,-0.21406750660250032,-0.29044384204035817,-0.3138027475857047,0.41750769171178437,-0.034427353550179986,0.016145587027056915,-0.632964304522604,-0.11304917094770024,1.0
2024-07-30,-0.45347704879059997,-0.46503229841282173,0.4413390667079933,0.9088591835651371,-0.22176692856395774,-0.29114827598149595,-0.31367073941443036,0.41750769171178437,-0.034427353550179986,-0.017854415752219615,-0.7049249235987002,-0.0023136498970440103,1.0
2024-07-31,-0.15565126407302815,-0.08159494727552143,0.38919140201599783,0.9331615611248559,-0.22623223638748352,-0.29074425846545104,-0.3142217601118443,0.5380330446678675,-0.034427353550179986,-0.017854415752219615,-0.7689202974199145,0.056099817182671985,1.0
2024-08-01,-0.2539416438794775,-0.7409245756924323,0.4452326742744373,0.7256381566826507,-0.23619465965718262,-0.29416248064410455,-0.31560514768555725,0.5380330446678675,-0.034427353550179986,-0.017854415752219615,-0.8086715778192325,-0.16617837879001696,1.0
2024-08-02,-0.721255365019034,-1.0271955893774496,0.4773409573474833,0.33315245483358324,-0.2747474353428069,-0.30622396346207753,-0.32034296067643037,0.5380330446678675,-0.034427353550179986,-0.017854415752219615,-1.044148122182482,-0.5564869467214082,1.0
2024-08-05,-1.3764269372298146,-1.6697505771104226,0.24168749975724135,0.006063206943978282,-0.25894436733623016,-0.30237342801123157,-0.31873508046578214,0.5380330446678675,-0.034427353550179986,-0.017854415752219615,-1.0201701261766574,-0.45203815633013666,1.0
2024-08-06,-0.916587032115829,-1.5648921248298997,0.2909416631881535,0.13373652285542004,-0.2467704793325734,-0.2989663038730522,-0.3178112904107211,0.5380330446678675,-0.034427353550179986,-0.017854415752219615,-0.6643201466563289,-0.2719355579960309,1.0
2024-08-07,-1.0270389457343603,-1.5259436886161664,0.3495886273861927,0.333376823052927,-0.24986440698293322,-0.29936529525703176,-0.31758644538609454,0.5380330446678675,-0.034427353550179986,-0.017854415752219615,-0.668109108086893,-0.2642184980439825,1.0
2024-08-08,-1.0606992778452724,-1.198232146656435,0.3985370742960524,0.31691229633379503,-0.24850229386410638,-0.29855451019789503,-0.31753776623416236,0.5380330446678675,-0.034427353550179986,-0.017854415752219615,-0.4920226959041317,-0.19281607661877748,1.0
2024-08-09,-1.0397156470267284,-1.2060822616836495,0.4483231894018518,0.4904154905122825,-0.24016657476890604,-0.2989873424651885,-0.3182664374811331,0.5380330446678675,-0.034427353550179986,-0.017854415752219615,-0.5644420573396062,-0.30481831899593725,1.0
2024-08-12,-1.3935095337885866,-1.2204182810212165,0.6586300639905742,0.3916659505932592,-0.24107922192207384,-0.29992706851884177,-0.3185823776625334,0.5380330446678675,-0.034427353550179986,-0.017854415752219615,-0.629635746331409,-0.40605348576922023,1.0
2024-08-13,-1.2139780578068777,-0.7894234050406347,0.6754527676646982,0.35522845957919585,-0.24798602757326174,-0.3030689904778974,-0.3188347558994591,0.5380330446678675,-0.034427353550179986,-0.017854415752219615,-0.534525839331594,-0.422128585517984,1.0
2024-08-14,-1.3664646955639663,-1.0104550514844635,0.6336783048321,0.3640362798898765,-0.24341796243083968,-0.3012995613926055,-0.3183724072410291,0.5380330446678675,-0.034427353550179986,-0.017854415752219615,-0.7337349008319655,-0.49594660192383666,1.0
2024-08-15,-1.33832808908344,-0.4585609045280893,0.7278379336947687,0.42328545170945914,-0.2365460730658767,-0.2989663038730522,-0.3178112904107211,0.5380330446678675,-0.034427353550179986,-0.017854415752219615,-0.7286251985715883,-0.5228783709449805,1.0
2024-08-16,-1.162428222505524,-0.0244503101206961,0.8052375259701872,0.42957496323415106,-0.23793658920420183,-0.2996525830335256,-0.3180422434307094,0.5380330446678675,-0.034427353550179986,-0.017854415752219615,-0.5999807263631454,-0.5108909499585799,1.0
2024-08-19,-1.240029516460152,0.3841603316555208,0.794734053157339,0.4819488185935776,-0.24341796243083968,-0.30196202690338547,-0.31814788475574063,0.5380330446678675,-0.034427353550179986,-0.017854415752219615,-0.4849048270013633,-0.5129821503256884,1.0
2024-08-20,-1.1942839765336886,0.0430547779396582,0.8174479083260929,0.32512622922840917,-0.25579310310295494,-0.30607571105788917,-0.32051508673221335,0.5380330446678675,-0.034427353550179986,-0.017854415752219615,-0.6087506600393474,-0.6135086837270007,1.0
2024-08-21,-1.393424079982395,0.311618578403316,0.7560102383027545,0.41346038950471975,-0.26107296183187395,-0.30991510601223154,-0.32171725752612806,0.5380330446678675,-0.034427353550179986,-0.017854415752219615,-0.49860280337901863,-0.5229466073933086,1.0
2024-08-22,-1.411914956467934,0.357730750493212,0.7094914429028573,0.39793901262445197,-0.2505647214536614,-0.3071726717041596,-0.3211046994735902,0.5380330446678675,-0.034427353550179986,-0.017854415752219615,-0.5016559410796033,-0.3738094283579781,1.0
2024-08-23,-1.4368837935664585,0.799791243603576,0.918030326227276,0.5128407160371522,-0.2575893587239363,-0.3109926908215779,-0.32269417965295377,0.5380330446678675,-0.034427353550179986,-0.017854415752219615,-0.657697131396772,-0.3291400260170425,1.0
2024-08-26,-1.5187467534023245,0.3986922185800233,0.8369206630301348,0.51849908511624,-0.25628030681709413,-0.3115276696966496,-0.3225671319324751,0.5380330446678675,-0.034427353550179986,-0.017854415752219615,-0.630352328755623,-0.38853215130632884,1.0
2024-08-27,-1.5579815470587346,0.49869592714222954,0.8555116528418474,0.9448521334644792,-0.266531856430945,-0.31537809024309627,-0.3237289696170123,0.5380330446678675,-0.034427353550179986,-0.017854415752219615,-0.5615396467468728,-0.3003535621599155,1.0
2024-08-28,-1.5845913799173272,0.46214360232377694,0.7989149740147152,1.0870955415208476,-0.26718678049812045,-0.3167712244748072,-0.3235849837610758,0.2784399767624603,-0.034427353550179986,-0.017854415752219615,-0.4897478486137646,-0.19998079647446187,1.0
2024-08-29,-1.7231043884977426,0.01474973506638585,0.73239948090906,1.139674315286194,-0.2625671192526759,-0.31514029099739527,-0.32277127998738175,0.2784399767624603,-0.034427353550179986,-0.017854415752219615,-0.3922975145096532,-0.18812813333596679,1.0
2024-08-30,-1.7703424661644271,0.4302247701274674,0.7417833292270316,1.0595533295282256,-0.2522075591864447,-0.3143386036528676,-0.3229845191240415,0.2784399767624603,-0.034427353550179986,-0.017854415752219615,-0.12448926940306002,-0.17373519068204182,1.0
2024-09-02,-1.8042015490713847,0.7375164437432529,0.7607237123600419,1.0001300936915043,-0.21327389294309598,-0.3143386036528676,-0.323072348038078,0.2784399767624603,-0.034427353550179986,-0.017854415752219615,0.017540137583601605,-0.057848290847005455,-1.0
2024-09-03,-1.8459882324321222,0.9273856373754734,0.6146340115491421,0.6034030610589748,-0.22622695885547084,-0.31315163961433135,-0.3231993985909928,0.2784399767624603,-0.034427353550179986,-0.017854415752219615,-0.3043164735449698,-0.26734386853369213,-1.0
2024-09-04,-1.8838398654832575,0.7989276589804836,0.6756307299579248,0.41464646420158796,-0.24567295880384662,-0.3168243661514078,-0.32412689286243757,0.2784399767624603,-0.034427353550179986,-0.017854415752219615,-0.5009629025912027,-0.4000863881276263,0.0
2024-09-05,-1.8838398654832575,0.6968553450300445,0.752342880535805,0.3450532862532971,-0.2531441756746912,-0.3183741677007996,-0.3248652092869218,0.2784399767624603,-0.034427353550179986,-0.017854415752219615,-0.5771337140920263,-0.5171649682724166,0.0
2024-09-06,-1.8838398654832575,-0.1693141051916211,0.7247506028888079,0.3820365150954239,-0.2657039818736508,-0.32321594182953667,-0.3264913488426698,0.2784399767624603,-0.034427353550179986,-0.017854415752219615,-0.4597414497802937,-0.5154835589604215,0.0
2024-09-09,-1.8838398654832575,-0.11003068336142922,0.7611262280467888,0.17799271183857338,-0.2681696440185055,-0.324742504976137,-0.3270898654392342,0.2784399767624603,-0.034427353550179986,-0.017854415752219615,-0.5883690927821994,-0.6510736662282487,-1.0
2024-09-10,-1.8838398654832575,-0.2575194644826869,0.7056348957215746,0.33810127946304697,-0.29532373334121637,-0.3325931973700516,-0.32976725581054833,0.2784399767624603,-0.034427353550179986,-0.017854415752219615,-0.3889763790641424,-0.7844864223674165,-1.0
2024-09-11,-1.8838398654832575,-0.3340075426638642,0.8592745707307243,0.5806470423994421,-0.26759711609554543,-0.32710309498063056,-0.32792496654720305,0.2784399767624603,-0.034427353550179986,-0.017854415752219615,-0.21203449601757499,-0.8294843059552326,-1.0
2024-09-12,-1.768058443233484,-0.05171934772930015,0.9091115600995151,0.7463492823783008,-0.2885157249486488,-0.3322870596246067,-0.32953696416217504,0.2784399767624603,-0.034427353550179986,-0.017854415752219615,-0.23784630331668621,-0.7175179133443046,-1.0
2024-09-13,-1.8128470104021335,-0.18318107535989137,0.9197401802636297,0.8003687609781178,-0.33205998935257997,-0.34185105171538455,-0.3330833808769338,0.2784399767624603,-0.034427353550179986,-0.017854415752219615,-0.10669610835119621,-0.7246963361412934,-1.0
2024-09-16,-1.846411955034809,-0.3546556406259919,0.8830795550565771,0.7634882469140636,-0.3382822585576082,-0.34432397691530575,-0.33391241763398527,0.2784399767624603,-0.034427353550179986,-0.017854415752219615,-0.17451888073078592,-0.712658150169121,-1.0
2024-09-17,-1.8838398654832575,-0.5276439522679667,0.8073834899881208,0.6140831594332292,-0.3377108524877285,-0.3444527526670652,-0.33395584853395655,0.2784399767624603,-0.034427353550179986,-0.017854415752219615,-0.21712682277154066,-0.7870803337579074,-1.0
2024-09-18,-1.8838398654832575,-0.440072761072342,0.8413321180508923,0.5006256931595673,-0.38104553327685503,-0.3597523376940954,-0.3394933097328981,0.2784399767624603,-0.034427353550179986,-0.017854415752219615,-0.046937548557731724,-0.5935498427253492,-1.0
2024-09-19,-1.8838398654832575,-0.08755560946016211,0.9400016045647988,0.8669391587708556,-0.3793039409585551,-0.3621784433490556,-0.3401836641534175,0.2784399767624603,-0.034427353550179986,-0.017854415752219615,0.1626366111497111,-0.3530754268918659,-1.0
2024-09-20,-1.8765565369062813,0.12950383245641747,1.0086183872870795,0.683717009925078,-0.41062730040754136,-0.37036609609994464,-0.34232152541616545,0.2784399767624603,-0.034427353550179986,-0.017854415752219615,0.20054738779565218,-0.4120991171094228,-1.0
2024-09-23,-1.8838398654832575,-0.05468702774506472,0.9911537125872882,0.5775308600448648,-0.4198256444678796,-0.376979417308734,-0.34426335891717497,0.2784399767624603,-0.034427353550179986,-0.017854415752219615,0.15670747465765503,-0.34491615062018804,-1.0
2024-09-24,-1.8838398654832575,0.8378684655445506,0.8647645504723909,0.5106774568043156,-0.42276772092015996,-0.37725109326826817,-0.34451368143823324,0.2784399767624603,-0.034427353550179986,-0.017854415752219615,0.3264794289151323,-0.16767255778201204,-1.0
2024-09-25,-1.8838398654832575,0.5793476282205099,0.8907342429555584,0.20309779568724917,-0.4137045524324818,-0.37716742323093416,-0.3444050240698058,0.2784399767624603,-0.034427353550179986,-0.017854415752219615,0.03504263634696555,-0.09264546185970456,-1.0
2024-09-26,-1.8066761716597897,1.5039521862662644,1.0725179459836387,0.4932507033154498,-0.4171795599920682,-0.38037942005669506,-0.3456833983709156,0.044173061823432766,-0.034427353550179986,-0.017854415752219615,-0.25826078243052414,-0.2968048641380771,-1.0
2024-09-27,-1.633179154395093,1.4504972182515614,1.1147791952844146,0.5673236913605211,-0.4147990198274987,-0.3796314539978753,-0.3449160807665866,0.044173061823432766,-0.034427353550179986,-0.017854415752219615,-0.07829899995603593,-0.339159490200748,-1.0
2024-09-30,-1.8173799487442706,1.0456752160462148,1.1156159324988595,0.3968023748775703,-0.4084521506966674,-0.3776669430615957,-0.3438949787585526,0.044173061823432766,-0.034427353550179986,-0.017854415752219615,-0.06320957569730618,-0.34010764950379724,-1.0
2024-10-01,-1.614989587264805,1.2034146181504306,1.125752466504517,0.42213971101460984,-0.41609202846532906,-0.3798672221877065,-0.3451150671980115,-0.06459372011254409,-0.034427353550179986,-0.017854415752219615,-0.21108464928221313,-0.5713357827303028,-1.0
2024-10-02,-1.7289773663449022,2.0938511149815504,1.0710303259672234,0.30460563768646837,-0.4212487126306814,-0.3805162032849815,-0.34584833950547195,-0.06459372011254409,-0.034427353550179986,-0.017854415752219615,-0.19232162513411932,-0.5504395332502532,-1.0
2024-10-03,-1.7473547173667716,1.8260968779857898,0.961304920264143,0.23642625946096862,-0.41559164495649215,-0.3807928841899187,-0.34609931424071294,-0.06459372011254409,-0.034427353550179986,-0.017854415752219615,-0.072693757895123,-0.4534395835505862,-1.0
2024-10-04,-1.800828438467716,2.003544748354659,1.1517035991492974,0.37355240886361446,-0.38940865701574107,-0.37611149951083894,-0.34516402921944245,-0.06459372011254409,-0.034427353550179986,-0.017854415752219615,0.10569267509630334,-0.44082070674050766,-1.0
2024-10-07,-1.7530599510531217,2.304122456521464,1.0685578983138537,0.3082141099016067,-0.3691467205674262,-0.3733585678563833,-0.3440450085823841,-0.06459372011254409,-0.034427353550179986,-0.017854415752219615,0.15181008636525922,-0.4190879370719332,-1.0
2024-10-08,-1.8035192790267205,1.853244235820276,1.140655516792019,0.47796823184060966,-0.36188475486559035,-0.3697082383573265,-0.3435878492145826,-0.06459372011254409,-0.034427353550179986,-0.017854415752219615,0.20028130881579928,-0.2875219105220526,-1.0
2024-10-09,-1.7640389976621471,1.8164047606169638,1.2683838059758084,0.4924034244919396,-0.3312203704374831,-0.3687397107374013,-0.34358444724745796,-0.06459372011254409,-0.034427353550179986,-0.017854415752219615,0.08823104942538322,-0.4899383237139166,-1.0
2024-10-10,-1.6887460534988326,1.6941583238502604,1.337972772422162,0.4619391033956889,-0.35190919300574586,-0.3688279712132591,-0.34361536259520087,-0.06459372011254409,-0.034427353550179986,-0.017854415752219615,0.03815460262952228,-0.3979622918659448,-1.0
2024-10-11,-1.6555240210480684,1.6693330497059442,1.3709664238112917,0.595148020992936,-0.3433211608125272,-0.37090544247539226,-0.34458495582183707,-0.06459372011254409,-0.034427353550179986,-0.017854415752219615,0.319616062743833,-0.29375060960434823,-1.0
2024-10-14,-1.6197007472947726,1.472097561260569,1.3637672164802481,0.9139634163528243,-0.30605321748744896,-0.3707308549547528,-0.34456585511859317,-0.06459372011254409,-0.034427353550179986,-0.017854415752219615,0.1854088611381001,-0.3384321318519194,-1.0
2024-10-15,-1.2677179214568386,0.9264915002043033,1.3114984524909112,0.9730158647492763,-0.2990172928806599,-0.37090544247539226,-0.344783119779042,-0.06459372011254409,-0.034427353550179986,-0.017854415752219615,-0.018718589750043705,-0.4019534237058044,-1.0
2024-10-16,-1.4392110240201488,1.069815851401981,1.2181151027564137,0.9634457587126299,-0.30026224933996143,-0.37256739306929026,-0.34533507332954844,-0.06459372011254409,-0.034427353550179986,-0.017854415752219615,-0.15584393200005586,-0.5094767403076021,-1.0
2024-10-17,-1.5268177401293594,1.1127498371299809,1.0805974283939608,0.8981643880127232,-0.23543528421508395,-0.37054402097780204,-0.344783119779042,-0.06459372011254409,-0.034427353550179986,-0.017854415752219615,0.15200398371884202,-0.34281570379827647,-1.0
2024-10-18,-1.6971605531232072,0.8687969628937221,1.1944596910834198,0.3387186235285189,-0.22535211702606364,-0.3687659151447271,-0.3452701262803927,-0.06459372011254409,-0.034427353550179986,-0.017854415752219615,-0.012382631036183903,-0.37379192515776255,-1.0
2024-10-21,-1.5896781700739713,0.7617503468151763,1.1467613577265587,0.3820826131726797,-0.19812654603043572,-0.36770628298362223,-0.3446451204251603,-0.06459372011254409,-0.034427353550179986,-0.017854415752219615,0.043350745287945434,-0.36420173984515813,-1.0
2024-10-22,-1.7092127856049921,0.5475854478963453,1.0350862315970026,0.5031306180664609,-0.18561490015727947,-0.3689970937021238,-0.34519644486242995,-0.06459372011254409,-0.034427353550179986,-0.017854415752219615,0.04057914820816163,-0.29394022371072637,-1.0
2024-10-23,-1.7315985864387913,-0.28112593651965206,0.8870654780407355,0.6159211957576088,-0.17875722936484206,-0.36769118886978136,-0.34516402921944245,-0.06459372011254409,-0.034427353550179986,-0.017854415752219615,0.09722392925329522,-0.3431321100948502,-1.0
2024-10-24,-1.7650235491395574,-0.09391132924824533,1.1385382850337429,0.7656356398268592,-0.18403464030069674,-0.3692294400559019,-0.34607099677521685,-0.06459372011254409,-0.034427353550179986,-0.017854415752219615,0.2576978265479164,-0.2883740708350331,-1.0
2024-10-28,-1.6747778583222483,-0.7182825370951601,0.7933971116308495,0.81526719886986,-0.18403464030069674,-0.3684646071264423,-0.3459071929455765,-0.17077081676433153,-0.034427353550179986,-0.017854415752219615,0.4565233650243473,-0.2502893741741057,-1.0
2024-10-29,-1.6623421661521258,-0.45192026230124127,0.771080237166876,1.0376560759862883,-0.1935274928448466,-0.36629121688798005,-0.3461963382151109,-0.17077081676433153,-0.034427353550179986,-0.017854415752219615,0.5495540575282808,-0.21549476780008353,-1.0
2024-10-30,-1.77851003100487,-0.7953083668359708,0.7249999278687997,1.112290699758748,-0.19409060266476305,-0.358077259940969,-0.34709660351342736,-0.17077081676433153,-0.034427353550179986,-0.017854415752219615,0.8881080513291018,-0.15973891187909922,-1.0
2024-10-31,-1.8020340236639196,-1.310904508667524,0.7142721339580415,1.159413226375016,-0.2057778893085243,-0.36626676449454487,-0.348600758293776,-0.17077081676433153,-0.034427353550179986,-0.017854415752219615,0.7906415913804612,-0.20803986899355945,-1.0
2024-11-01,-1.8242781264561636,-1.0576766516447649,0.7094949973199067,0.9473370809573655,-0.21856752976255353,-0.37327728206651595,-0.34987951051598765,-0.17077081676433153,-0.034427353550179986,-0.017854415752219615,0.6631937422565249,-0.029571431501993144,-1.0
2024-11-04,-1.8109326900525136,-1.1287617188836525,0.8154679707182152,0.7789281983499009,-0.22984509164683098,-0.37072890333695196,-0.3491671859170972,-0.17077081676433153,-0.034427353550179986,-0.017854415752219615,0.42996485825144787,-0.19438201823041465,-1.0
2024-11-05,-1.7429336030828746,-1.024356817177149,0.8898722386485258,0.8425227834187404,-0.23750624820932578,-0.37039068688724963,-0.34882060835853296,-0.17077081676433153,-0.034427353550179986,-0.017854415752219615,0.2436119696537159,-0.19537244662346798,-1.0
2024-11-06,-1.6862334435447095,-0.7728692220506547,0.8949279137037902,0.6512111285286768,-0.2353751938137247,-0.3684121262848428,-0.34830354576240247,-0.17077081676433153,-0.034427353550179986,-0.017854415752219615,0.5431729319073474,-0.03895171138546577,-1.0
2024-11-07,-1.7691874661235785,-0.21673356182420467,0.8569846294424205,1.0010618968072171,-0.2441880648393063,-0.36958231310359846,-0.3489587174407684,-0.17077081676433153,-0.034427353550179986,-0.017854415752219615,0.6011746089641443,-0.046881663375215994,-1.0
2024-11-08,-1.8491697931312088,-0.7660446926026938,0.9539691916327351,0.9241388512231762,-0.24006554535734162,-0.366675129861968,-0.3489371358328289,-0.17077081676433153,-0.034427353550179986,-0.017854415752219615,0.2494038266478253,-0.2223222604716784,-1.0
2024-11-11,-1.8037184685759478,-1.0612203863769396,0.923109437266314,0.9085290246765771,-0.23657372488872502,-0.36905495415418266,-0.3491889211979329,-0.17077081676433153,-0.034427353550179986,-0.017854415752219615,0.4335147847621072,-0.24026097096802296,-1.0
2024-11-12,-1.881939976037489,-1.3568476424474358,0.8119981690485325,0.6777411075178348,-0.23391381337953907,-0.37002107661360895,-0.34882060835853296,-0.17077081676433153,-0.034427353550179986,-0.017854415752219615,0.5216843504228142,-0.1754638498522501,-1.0
2024-11-13,-1.8800754359255167,-1.0620201941238459,0.8371063505232968,0.6022444757431871,-0.2497085586672612,-0.37408072457945973,-0.3503399180303165,-0.17077081676433153,-0.034427353550179986,-0.017854415752219615,0.5754484301328684,-0.04278038021947654,-1.0
2024-11-14,-1.8838398654832575,-1.3235479446883947,0.8385706481053288,0.6468805376008829,-0.24724955605143534,-0.37360059426494646,-0.35085456496959216,-0.17077081676433153,-0.034427353550179986,-0.017854415752219615,0.3658741989788529,-0.10440832174242666,-1.0
2024-11-15,-1.8838398654832575,-1.2934472332461517,0.921385748111403,0.5558038276254225,-0.24813224834025627,-0.3684603961760214,-0.3503945963666668,-0.17077081676433153,-0.034427353550179986,-0.017854415752219615,0.5316854199315939,-0.07978290866650645,-1.0
2024-11-18,-1.8838398654832575,-1.2641314309209275,0.8817495190067053,0.581426879871859,-0.24185336859479245,-0.3635115903846206,-0.34993464969625154,-0.17077081676433153,-0.034427353550179986,-0.017854415752219615,0.5012965730504857,-0.019529987103116726,-1.0
2024-11-19,-1.8838398654832575,-1.140146446946877,0.9187655100017676,0.6321219048653651,-0.24178938004892186,-0.3653141481049911,-0.34970466539478884,-0.17077081676433153,-0.034427353550179986,-0.017854415752219615,0.42107633048040743,-0.07801367300404716,-1.0
2024-11-20,-1.8838398654832575,-1.119553400408756,1.0115833015281628,0.7022787657802652,-0.23147755796133943,-0.3618719962270802,-0.34972864407387544,-0.17077081676433153,-0.034427353550179986,-0.017854415752219615,0.2968865640943548,-0.279194042219333,-1.0
2024-11-21,-1.8838398654832575,-1.0428746169389365,1.0948681773539035,0.9352623414403946,-0.23247793969900657,-0.36118644547824746,-0.3496679993308347,-0.17077081676433153,-0.034427353550179986,-0.017854415752219615,0.23312358268024577,-0.3035706798401059,-1.0
2024-11-22,-1.8022285129300648,-1.0075419369315317,0.9890580133243738,0.9341854919402635,-0.22209888763496197,-0.357062221873051,-0.3494987912534613,-0.17077081676433153,-0.034427353550179986,-0.017854415752219615,0.2159571172076693,-0.2653985877442356,-1.0
2024-11-25,-1.6524591418506995,-0.9761454258677211,0.9954519076868718,0.8394346681595067,-0.23926189707144263,-0.3568367797728795,-0.3498426428161604,-0.17077081676433153,-0.034427353550179986,-0.017854415752219615,-0.07515204874103855,-0.4172810286876006,-1.0
2024-11-26,-1.7424614100057256,-1.1462976774654152,0.8733256879805752,0.6530655060358167,-0.2300801767472312,-0.35957315097756476,-0.35022550406823494,-0.17077081676433153,-0.034427353550179986,-0.017854415752219615,-0.05403796797507198,-0.3325009498475746,-1.0
2024-11-27,-1.8006320279216574,-1.0576351002263962,0.9598569866363574,0.5891646316691658,-0.23433664435525736,-0.36140520300389156,-0.3505700998340423,-0.17077081676433153,-0.034427353550179986,-0.017854415752219615,-0.09474920392918539,-0.16933048083262073,-1.0
2024-11-28,-1.5832024452091973,-0.8627397793015643,0.8803272678056485,0.49455096671968807,-0.22549242752171492,-0.36140520300389156,-0.3505700998340423,-0.17077081676433153,-0.034427353550179986,-0.017854415752219615,-0.09474920392918539,-0.06757130699100816,-1.0
2024-11-29,-1.7087781926927024,-0.6995282061220429,0.9707420558589235,0.7579556378885454,-0.21561325062346287,-0.36339716016345297,-0.3508532670292928,-0.17077081676433153,-0.034427353550179986,-0.017854415752219615,0.15437213262923913,-0.12168033972596007,-1.0
2024-12-02,-1.659128074694953,-0.6384525897639128,1.0256887875087934,1.2249939550979956,-0.1948170927897308,-0.35956608002321366,-0.3507233126524657,-0.17077081676433153,-0.034427353550179986,-0.017854415752219615,0.09732577396733573,-0.3044298184909911,-1.0
2024-12-03,-1.5799663944937012,-0.7098305969514479,1.0032831559556543,1.409637858711247,-0.21678734961466126,-0.36085474491073266,-0.3515909000448947,-0.17077081676433153,-0.034427353550179986,-0.017854415752219615,0.32296631803869863,-0.20206232662166293,-1.0
2024-12-04,-1.6336239213203234,-0.9307873291381421,1.0299897904365185,1.8101863441241117,-0.22586761203125374,-0.3595063091548063,-0.3526024105686924,-0.17077081676433153,-0.034427353550179986,-0.017854415752219615,0.16334515379269246,-0.2282142332243009,-1.0
2024-12-05,-1.6364104751173714,-0.5472048757264767,0.9097588829309362,1.6986269026706196,-0.23758181165333883,-0.3600192428069146,-0.35321637457248156,-0.17077081676433153,-0.034427353550179986,-0.017854415752219615,0.30617727292712416,-0.22200339714692402,-1.0
2024-12-06,-1.6589992093109962,-1.0184943581536028,0.9528929262033955,1.7274837285436928,-0.25112009901979415,-0.35733064425183675,-0.3547136796492479,-0.17077081676433153,-0.034427353550179986,-0.017854415752219615,0.3356783598961466,-0.05528342688392487,-1.0
2024-12-09,-1.680668485074185,-0.09810415130376883,1.0176470766324748,1.569804011463008,-0.25375600411447385,-0.36286776265407283,-0.35480575237073825,-0.17077081676433153,-0.034427353550179986,-0.017854415752219615,0.48081131169768565,0.17773388661924616,-1.0
2024-12-10,-1.5343724174195532,-0.2755321682881886,1.014012930952541,1.3352013197846941,-0.25388259411665814,-0.35947665141337304,-0.3552869789170274,-0.17077081676433153,-0.034427353550179986,-0.017854415752219615,0.4114244941861535,0.1093389096915679,-1.0
2024-12-11,-1.612400480731459,0.20836809820063523,0.9437754099751184,1.189853465341631,-0.27413620917353776,-0.3537129258772619,-0.35636817438111584,-0.17077081676433153,-0.034427353550179986,-0.017854415752219615,0.4991344998111077,0.2686435505425306,-1.0
2024-12-12,-1.5789194100812134,0.2394590503740835,0.8761590918163467,1.3284122146593669,-0.2742731980513232,-0.3561258973311277,-0.3578428547279629,-0.17077081676433153,-0.034427353550179986,-0.017854415752219615,0.6601121260256428,0.3333541847083544,-1.0
2024-12-13,-1.6666137047524052,0.3767509017848186,0.8212419732892215,1.2867536186938286,-0.27333496560627824,-0.3555335891559288,-0.3577012489440734,-0.17077081676433153,-0.034427353550179986,-0.017854415752219615,0.7955433987085699,0.39799492946143256,-1.0
2024-12-16,-1.6891074697170176,0.2609102216331465,0.8389212032004323,1.3219611204251658,-0.2731316822767341,-0.33731612299050884,-0.3568651959797174,-0.17077081676433153,-0.034427353550179986,-0.017854415752219615,0.613650325329056,0.39507186564906416,-1.0
2024-12-17,-1.675412005787025,-0.02748609938756771,0.8119259461759608,0.9576356305005296,-0.27185189841475643,-0.3322811299738944,-0.35612184692567117,-0.17077081676433153,-0.034427353550179986,-0.017854415752219615,0.35183821713016505,0.36074596109310303,-1.0
2024-12-18,-1.640278884792205,-0.4986980335359078,0.5300127556793744,1.078161362516851,-0.2787481722476636,-0.32653527049848086,-0.3569800283901161,-0.17077081676433153,-0.034427353550179986,-0.017854415752219615,0.32985908564277583,0.3725597244215022,-1.0
2024-12-19,-1.757449362576291,-0.4071365821013366,0.5583656226894449,0.8475296385491777,-0.2862357978897613,-0.32220570676031296,-0.3577951927155615,-0.17077081676433153,-0.034427353550179986,-0.017854415752219615,0.474609672640565,0.44553889286829235,-1.0
2024-12-20,-1.716501986184257,-0.2817394351242539,0.6816832959687034,0.8360196398664774,-0.2904665389120502,-0.3218061061006511,-0.3577652378232273,-0.17077081676433153,-0.034427353550179986,-0.017854415752219615,0.399718453124491,0.5160080271328696,-1.0
2024-12-23,-1.6927453976122298,-0.16960273997121503,0.6764383366280333,1.0475915718898678,-0.2914928337094511,-0.32060370775032593,-0.3573917611119394,-0.17077081676433153,-0.034427353550179986,-0.017854415752219615,0.446061490692461,0.3351254179921161,-1.0
2024-12-30,-1.64519071839933,-0.3664132257086909,0.7045196831408095,0.8694400010633992,-0.29899841580388303,-0.32514534557371166,-0.35947423726212635,-0.17077081676433153,-0.034427353550179986,-0.017854415752219615,0.3056584692138041,0.1508934651000313,-1.0
2025-01-02,-1.7060092244575837,-0.49252002105290155,0.6749240438354246,1.0147791350295186,-0.27978588228794826,-0.32337520187736274,-0.35834870729733387,-0.17077081676433153,-0.034427353550179986,-0.017854415752219615,0.23792843154589494,0.1133276578608229,-1.0
2025-01-03,-1.698821447280611,-0.30216240567462505,0.7118746835082622,0.8755871676769691,-0.287900577948556,-0.32338028209609126,-0.35904063901652294,-0.06459372011254409,-0.034427353550179986,-0.017854415752219615,0.3904340368603437,0.1140852436551216,-1.0
2025-01-06,-1.715657174614286,-0.2623584153652767,0.6826334334672555,1.0715901630266043,-0.2833033698562704,-0.3225088550475168,-0.3589940556083496,-0.06459372011254409,-0.034427353550179986,-0.017854415752219615,0.545156328825139,0.23815228114641868,-1.0
2025-01-07,-1.429494252265587,-0.48866461044024834,0.6090635357293046,1.3685542632671952,-0.27989518985764844,-0.3192078024004374,-0.35813348798011296,-0.06459372011254409,-0.034427353550179986,-0.017854415752219615,0.5955141602753358,0.3629113763054993,-1.0
2025-01-08,-1.483755216876919,-0.6277007716976628,0.6679951776397655,1.4306803884827368,-0.26679008112949754,-0.3248996461338096,-0.3583014837548391,-0.06459372011254409,-0.034427353550179986,-0.017854415752219615,0.3650861178181517,0.328568213276103,-1.0
2025-01-09,-1.558744944559895,-0.6787490606133868,0.6116253314517669,1.4658549615316385,-0.2604672202538625,-0.3278667606589271,-0.3583014837548391,-0.06459372011254409,-0.034427353550179986,-0.017854415752219615,0.29031715386861645,0.30814635868533363,-1.0
2025-01-10,-1.5747106899928074,-1.152887303550444,0.3991245213769187,1.2702678327367656,-0.24813183359859778,-0.32703887322853337,-0.3569217083502381,-0.06459372011254409,-0.034427353550179986,-0.017854415752219615,0.17475382722427352,0.2594870460526258,-1.0
2025-01-13,-1.4118685548018735,-1.2560111686602462,0.3314688464761488,1.0653143749643883,-0.22656205703760254,-0.32727880147359084,-0.3566896445477227,-0.06459372011254409,-0.034427353550179986,-0.017854415752219615,0.2091049951376737,0.20290378444590898,-1.0
2025-01-14,-1.5099196277761977,-1.4338928882527222,0.3588884125640459,1.2814656659290822,-0.2282396925404095,-0.32733436201413063,-0.35673343860470474,-0.06459372011254409,-0.034427353550179986,-0.017854415752219615,0.19460501769287286,0.15598135612957653,-1.0
2025-01-15,-1.571892332297491,-0.857440116534472,0.4765956600594095,1.400857711611176,-0.2283219622792002,-0.32638645386364795,-0.35710508490813236,-0.06459372011254409,-0.034427353550179986,-0.017854415752219615,-0.0014438727369321602,0.2171844044992141,-1.0
2025-01-16,-1.2685760092563598,-0.9627828784780426,0.5316685639852888,1.320715249685517,-0.2174843164727584,-0.328423086524923,-0.35764467743416434,-0.06459372011254409,-0.034427353550179986,-0.017854415752219615,0.024128333435560884,0.13914625565766023,-1.0
2025-01-17,-1.0015966151185645,-0.7050584442610591,0.6024765516301338,1.468609259205094,-0.20088634588844598,-0.3282979731157088,-0.35766256543933944,-0.06459372011254409,-0.034427353550179986,-0.017854415752219615,0.09070344211254101,0.03986025901002905,-1.0
2025-01-20,-1.0705816999304965,-0.723383036471854,0.6210933591920198,1.3973831122394997,-0.1980943305966121,-0.3265180485532715,-0.35766256543933944,-0.06459372011254409,-0.034427353550179986,-0.017854415752219615,0.1797680964920228,0.004245727476745005,-1.0
2025-01-21,-0.9479831962700055,-0.3963052769883777,0.5951270705665169,1.3540832578620132,-0.20142743136265986,-0.327660774712882,-0.3573640356511757,-0.06459372011254409,-0.034427353550179986,-0.017854415752219615,0.050670626425436065,0.13432805944308288,-1.0
2025-01-22,-0.9367850911523197,-0.3327297865945545,0.5586340508174625,1.5325890712641947,-0.19802111313849577,-0.3244959696657221,-0.3558834507092376,-0.06459372011254409,-0.034427353550179986,-0.017854415752219615,0.16302441733720482,0.09648800278656187,-1.0
2025-01-23,-0.9140354193109321,0.20624677282364068,0.6665138428006564,1.6338036638310736,-0.19468464582775866,-0.3255577876210193,-0.3558627363218524,-0.06459372011254409,-0.034427353550179986,-0.017854415752219615,0.14892518763176799,0.12679242492664186,-1.0
2025-01-24,-0.7906220328300257,0.274021672726299,0.6908134186900401,1.4272349326761626,-0.19246634953594086,-0.32415372871076376,-0.35585575952217147,-0.06459372011254409,-0.034427353550179986,-0.017854415752219615,0.21015121414415158,0.16896406734705052,-1.0
2025-01-27,-0.7949744204523722,-0.19357630774202966,0.6314639867878469,1.240504967063812,-0.19922982661106195,-0.3276135792210092,-0.3564606533926045,-0.06459372011254409,-0.034427353550179986,-0.017854415752219615,0.03919943415638508,0.08647243322224243,-1.0
2025-01-28,-1.0902678358558315,-0.15916024189397207,0.6440287728192476,1.266655283319739,-0.19810433676796524,-0.32461087742308115,-0.35606226935817853,-0.06459372011254409,-0.034427353550179986,-0.017854415752219615,-0.035397445262099134,0.1478169227475263,-1.0
2025-01-29,-1.0461082108545274,-0.05141493856921346,0.616446372971917,1.3457216731667418,-0.17835681318142232,-0.3283548338236757,-0.35569729083913787,-0.06459372011254409,-0.034427353550179986,-0.017854415752219615,-0.1306125009929086,0.11905716200917575,-1.0
2025-01-30,-1.2010266549356374,0.47303834021786356,0.5755045292446836,1.304938130304808,-0.18403464030069674,-0.32514534557371166,-0.3559791794642792,-0.06459372011254409,-0.034427353550179986,-0.017854415752219615,-0.1407513254617928,0.21301620972595475,-1.0
2025-01-31,-1.0793465005826992,0.33203354750356423,0.5800004587703254,1.265445296288909,-0.19530906756201682,-0.3238825584050126,-0.3549279402779709,-0.17336050204852044,-0.034427353550179986,-0.017854415752219615,0.031339323894376755,0.40704345659222035,-1.0
2025-02-03,-0.7335084137993726,-0.016658578347564505,0.630351586004496,1.264868085462013,-0.18573173308927007,-0.3209992952141906,-0.35149412229835314,-0.17336050204852044,-0.034427353550179986,-0.017854415752219615,-0.119363614379343,0.53759995930991,-1.0
2025-02-04,0.06145395613249225,0.28184185506275866,0.8579039700869766,1.628535768390795,-0.17101347060486122,-0.31254423575515805,-0.35158900394875003,-0.17336050204852044,-0.034427353550179986,-0.017854415752219615,-0.00040929661605243337,0.5571150940253206,-1.0
2025-02-05,-0.5174216259740498,0.37866973949046484,0.8307391223796083,1.757844860997111,-0.18008390978309727,-0.30806244227303636,-0.35252226997497726,-0.17336050204852044,-0.034427353550179986,-0.017854415752219615,-0.4090797706247387,0.1606984097884558,-1.0
2025-02-06,-0.43781247540870377,0.569633279323482,0.7468426498513909,1.9104297852418615,-0.17952170548232557,-0.3103778079693556,-0.35237981100447097,-0.17336050204852044,-0.034427353550179986,-0.017854415752219615,-0.18819257005147874,0.1590926133982299,-1.0
2025-02-07,-0.5831712021518421,0.5497946508112662,0.5707562045089389,1.7257717735383846,-0.17105965007812246,-0.30871391560216305,-0.3517859633208742,-0.17336050204852044,-0.034427353550179986,-0.017854415752219615,-0.20056505985328626,0.017218608320202562,-1.0
2025-02-10,-0.5891207622299167,1.1823506123601573,0.6226050643184791,1.8522178778494667,-0.17558865315534677,-0.30980024777578863,-0.35146962423736566,-0.17336050204852044,-0.034427353550179986,-0.017854415752219615,-0.2701119197013869,0.1791066754672435,-1.0
2025-02-11,-0.5891207622299167,1.2473274957727176,0.5979394280197056,1.7664048735703046,-0.1800979591977951,-0.3087355129123249,-0.3515330712335859,-0.17336050204852044,-0.034427353550179986,-0.017854415752219615,-0.1288981233435995,0.32520723890194947,-1.0
2025-02-12,-0.787960446417557,1.1213070014227866,0.43525829466894633,1.7588969117851776,-0.17558865315534677,-0.30871391560216305,-0.3505945742899203,-0.17336050204852044,-0.034427353550179986,-0.017854415752219615,0.36753451840842666,0.43584612466127315,-1.0
2025-02-13,-0.805381850916832,0.9760405791971398,0.5013181572942873,1.7910507638933872,-0.17952170548232557,-0.30991174355627893,-0.35170803369837156,-0.17336050204852044,-0.034427353550179986,-0.017854415752219615,0.22339896238795792,0.46483018076714816,-1.0
2025-02-14,-0.9179681354121122,1.170989881045198,0.5070607236294489,1.72508116564996,-0.17385639971736894,-0.31115305380602465,-0.35237981100447097,-0.17336050204852044,-0.034427353550179986,-0.017854415752219615,0.04766275370103904,0.39902138931058767,-1.0
2025-02-17,-1.066515617804455,0.9981399856116935,0.43060663525893766,1.8821644255308108,-0.17271987908131542,-0.30600342432428757,-0.35218268887590026,-0.17336050204852044,-0.034427353550179986,-0.017854415752219615,-0.021917872965142426,0.3861987119687406,-1.0
2025-02-18,-0.9286424668178901,1.1360477969567984,0.3699749647683678,1.7460195668544345,-0.17271987908131542,-0.30490111430547806,-0.35170803369837156,-0.17336050204852044,-0.034427353550179986,-0.017854415752219615,0.25842363870946855,0.441255994263061,-1.0
2025-02-19,-0.858566176009772,0.8690931809593705,0.4093192063456222,1.8436055900329749,-0.17216550482457108,-0.3056562119526754,-0.35027177415288535,-0.17336050204852044,-0.034427353550179986,-0.017854415752219615,0.014126745160039757,0.38141042018613974,-1.0
2025-02-20,-0.9138069617266564,1.0534322106322944,0.3696845440610268,1.7345880752410918,-0.18966262623046004,-0.30934801931824984,-0.3497673074342892,-0.17336050204852044,-0.034427353550179986,-0.017854415752219615,0.027025817109697002,0.3690471085000042,-1.0
2025-02-21,-0.8598798015453215,0.9388865243139396,0.35490273085406804,1.6268579849854181,-0.19304337107427003,-0.31143239926325456,-0.3509580920629191,-0.17336050204852044,-0.034427353550179986,-0.017854415752219615,-0.09343950735554893,0.22251265411535326,-1.0
2025-02-24,-0.7775313990329327,0.4636305892223089,0.25809982849579105,1.620707289797647,-0.19249642670956008,-0.3128845223032461,-0.35028835349165255,-0.17336050204852044,-0.034427353550179986,-0.017854415752219615,-0.19405828645805415,0.05993175627674572,0.0
2025-02-25,-0.8611892743397245,0.873074020789435,0.36624217815605004,1.373551192369163,-0.18743314794621846,-0.31465286851851565,-0.35059360695168745,-0.17336050204852044,-0.034427353550179986,-0.017854415752219615,-0.3456754769803993,-0.09603976597143427,0.0
2025-02-26,-0.9982233378549885,0.929086135076227,0.3840839543169006,1.4208112780670945,-0.1823363324979748,-0.3131697430480736,-0.3488404848603051,-0.17336050204852044,-0.034427353550179986,-0.017854415752219615,-0.3877704285564209,-0.13883400569394974,-1.0
2025-02-27,-0.9691306395956094,0.4994883355878226,0.3512269929106838,1.2512193869886417,-0.18006975972879363,-0.31129258544224214,-0.34820888918904125,-0.17336050204852044,-0.034427353550179986,-0.017854415752219615,-0.18373209969255425,-0.19780193350117778,0.0
2025-02-28,-1.053506449737703,-0.14453215889771528,0.3929517718821254,1.1857633859130763,-0.17779532911995102,-0.3100614856177226,-0.3487174643553143,-0.17336050204852044,-0.034427353550179986,-0.017854415752219615,-0.4164395151538863,-0.349835450798842,0.0
2025-03-03,-1.0277923376578948,-0.0911494059905754,0.33997995603525233,1.54174690801086,-0.18120277566878895,-0.3084967617250128,-0.3488404848603051,0.044173061823432766,-0.034427353550179986,-0.017854415752219615,-0.4614108374380894,-0.41072316943185583,0.0
2025-03-04,-0.9851044560581059,0.2367425143977296,0.33697901658060064,1.087544371315593,-0.18120385733783795,-0.3081686780879858,-0.3487433479678236,0.044173061823432766,-0.034427353550179986,-0.017854415752219615,-0.2038664597233313,-0.22620150127994168,1.0
2025-03-05,-0.9962936936179855,0.4845412434776242,0.4342501969316012,1.0932905165890994,-0.18853900568748352,-0.3046359968669535,-0.3483399217757522,0.044173061823432766,-0.034427353550179986,-0.017854415752219615,0.16638942891658465,0.22004900622769535,1.0
2025-03-06,-0.7495390099477466,0.40430640548530317,0.25573659083904166,0.729609250897122,-0.19135955029211602,-0.3070548450031897,-0.3478224356942257,0.044173061823432766,-0.034427353550179986,-0.017854415752219615,0.2935989518922357,0.2706832340814558,1.0
2025-03-07,-0.7689721034078809,0.42119589221487974,0.2134137865730984,0.41792370226430614,-0.19304337107427003,-0.3034168524013607,-0.34715859430655044,0.044173061823432766,-0.034427353550179986,-0.017854415752219615,0.2182271181193646,0.3804928135357451,1.0
2025-03-10,-0.6486226828887248,-0.06775306748006873,0.1534565631036201,-0.29469726719994915,-0.2081601419370977,-0.30348979457140246,-0.34674454941652827,0.044173061823432766,-0.034427353550179986,-0.017854415752219615,0.22420918508747895,0.2685640837218284,1.0
2025-03-11,-0.5865653762902154,-0.14453215889771528,0.012721046014748494,-0.3998946004395122,-0.20254946061439585,-0.29942907502919824,-0.3457053741557199,0.044173061823432766,-0.034427353550179986,-0.017854415752219615,0.42046193181277014,0.5162583549209779,1.0
2025-03-12,-0.7102397393782518,0.05063562081565144,0.0844549169439858,-0.2930770628090928,-0.1997552755779091,-0.29341614647548897,-0.3430399392566586,0.044173061823432766,-0.034427353550179986,-0.017854415752219615,0.5838435980003343,0.6577230898572797,1.0
2025-03-13,-0.7050768083326223,-0.14926689091017473,-0.08318897726887682,-0.4299060179075407,-0.20647683052748303,-0.29459649224497314,-0.3452035805983906,0.044173061823432766,-0.034427353550179986,-0.017854415752219615,0.1702010466643363,0.46000650421308303,1.0
2025-03-14,-0.8348100156541879,0.09537374603604301,-0.008079980233144922,-0.2418185823195868,-0.1981107485738356,-0.293286534194157,-0.34370487413371714,0.044173061823432766,-0.034427353550179986,-0.017854415752219615,0.17161528025685951,0.41063075925610604,1.0
2025-03-17,-0.8192301524211081,0.28959218412639576,-0.016592926108290662,-0.17807223495972296,-0.1981107485738356,-0.2883305965771774,-0.3403301677859466,0.044173061823432766,-0.034427353550179986,-0.017854415752219615,0.09755719577266447,0.419623301057744,1.0
2025-03-18,-0.7640724354961121,0.18222825616852248,-0.11734770281573569,-0.14023660370640223,-0.19416939529982785,-0.28177445360015724,-0.33916958025930677,0.044173061823432766,-0.034427353550179986,-0.017854415752219615,0.06198692795931057,0.5096304023047846,1.0
2025-03-19,-0.6027565623607222,0.10132239229225407,0.03146504037349272,-0.07078037461569467,-0.19698472434827777,-0.2817801063603537,-0.3389739043357951,0.044173061823432766,-0.034427353550179986,-0.017854415752219615,-0.18007662424461926,0.42580167161216714,1.0
2025-03-20,-0.6065908939322252,-0.0609013717563808,-0.021929807074254244,0.002168183895115723,-0.20428039052043606,-0.2848307260477188,-0.33384113012513045,0.044173061823432766,-0.034427353550179986,-0.017854415752219615,-0.29159844285827463,0.21315212469471886,1.0
2025-03-21,-0.664608907239769,-0.3516991769631748,-0.12809505201042398,0.11713811168383449,-0.19531711184429462,-0.2863351637463749,-0.33263643973163276,0.044173061823432766,-0.034427353550179986,-0.017854415752219615,-0.1216458866505948,0.15221180070444099,1.0
2025-03-24,-0.8607242845231727,-0.19994072890740225,-0.08926633998411898,0.07362860778247843,-0.19251255571106204,-0.2855030584642411,-0.3304741671231255,0.044173061823432766,-0.034427353550179986,-0.017854415752219615,0.16024169945711111,0.34302754741617114,1.0
2025-03-25,-0.8434852628128201,0.061789422566803504,-0.05710087396512085,0.41535683803215334,-0.1885637310662778,-0.28348207673225984,-0.3284037193352764,0.044173061823432766,-0.034427353550179986,-0.017854415752219615,-0.15641396902070126,0.21437979898362192,1.0
2025-03-26,-0.7612614036420948,-0.07892931621735647,-0.1549243174059149,0.13638308537382968,-0.17949688567613575,-0.2812716522334919,-0.3275756125644384,0.044173061823432766,-0.034427353550179986,-0.017854415752219615,-0.16242731630518778,0.156477370214674,1.0
2025-03-27,-0.7933251894798423,-0.18165007368042407,-0.17306714420926733,0.12202980728872687,-0.18686312828165222,-0.28161288683092095,-0.3272821995092369,0.044173061823432766,-0.034427353550179986,-0.017854415752219615,-0.1549133828801072,0.19509949488213404,1.0
2025-03-31,-1.4878290192113566,0.09055385706564066,-0.28406090524274036,-0.03908248988159393,-0.18403464030069674,-0.27511421234946215,-0.3267618875148356,0.044173061823432766,-0.034427353550179986,-0.017854415752219615,-0.3908475813400934,-0.07782313988631202,1.0
2025-04-01,-1.2472237981097232,0.34432629329988157,-0.21254196129154146,0.07478731892318044,-0.18007448736217274,-0.2783732662633249,-0.32718927949905885,0.044173061823432766,-0.034427353550179986,-0.017854415752219615,-0.4026358802638518,-0.1341782679530286,1.0
2025-04-02,-1.275509393979875,0.19625887787514262,-0.1532448977675126,0.17041553799580678,-0.17951094785960087,-0.27529060560503527,-0.3262236154627462,0.044173061823432766,-0.034427353550179986,-0.017854415752219615,-0.31694142116668933,0.036278222523329094,1.0
2025-04-03,-1.275380717892068,-0.8482895737079019,-0.4476014333468261,-0.3210652040273492,-0.19531711184429462,-0.2778641526911901,-0.32673925575197027,0.044173061823432766,-0.034427353550179986,-0.017854415752219615,-0.20331183078185028,0.2300092078275857,1.0
2025-04-04,-1.4735316651540236,-1.8423807715569953,-0.723254756226699,-0.7057908781393533,-0.20777291125294783,-0.285219478223089,-0.32795575729020976,0.044173061823432766,-0.034427353550179986,-0.017854415752219615,-0.623416233450895,-0.04620112450102859,1.0
2025-04-07,-1.6945648932126844,-2.6413540366932895,-0.894334750926787,-1.0682300385421997,-0.2105989728924268,-0.28641281487894954,-0.33021684406187535,0.044173061823432766,-0.034427353550179986,-0.017854415752219615,-0.1661613891606599,0.12901313347320242,1.0
2025-04-08,-1.5184103921955119,-2.458558376487979,-0.9018260831095624,-1.0022511642018348,-0.18800236332668976,-0.2816238430688397,-0.3297063087964526,0.044173061823432766,-0.034427353550179986,-0.017854415752219615,0.2311105207363869,0.3661302522364667,1.0
2025-04-09,-1.6548048639409219,-1.344179768051359,-0.3491800687643085,-1.326307906696128,-0.16537417304919225,-0.2744451754949257,-0.327189910521293,0.044173061823432766,-0.034427353550179986,-0.017854415752219615,0.22028273380831026,0.27402353853257355,1.0
2025-04-10,-1.3788206585772627,-1.7856278317770917,-0.7144826333197937,-0.7633877659847123,-0.18403464030069674,-0.28058655334910737,-0.3291867274213823,0.044173061823432766,-0.034427353550179986,-0.017854415752219615,1.1693312033286414,0.9900383457382066,1.0
2025-04-11,-1.3555672638063818,-1.1057728328737637,-0.6340944985276764,-1.0360621401702246,-0.16987450687946073,-0.2770058943153682,-0.3280882341470622,0.044173061823432766,-0.034427353550179986,-0.017854415752219615,1.2366178175994875,1.0279017715189114,1.0
2025-04-14,-1.3304175011119956,-1.2838324271280797,-0.5812832916846323,-1.0871839772272338,-0.18006975972879363,-0.27871620643781053,-0.3283045825788064,0.044173061823432766,-0.034427353550179986,-0.017854415752219615,1.3815418674752187,0.9818071406749745,1.0
2025-04-15,-1.3188104185734622,-1.6305165549786538,-0.5301933425563319,-1.0080948899605664,-0.17723789509688584,-0.27614874066734924,-0.3281864671220788,0.044173061823432766,-0.034427353550179986,-0.017854415752219615,1.2064125825297498,0.8753022660065934,1.0
2025-04-16,-1.4752808968207989,-1.7575777039316385,-0.5273811618203605,-1.0680942711076427,-0.17668353897020844,-0.2744329612498687,-0.32760995867587167,0.044173061823432766,-0.034427353550179986,-0.017854415752219615,1.4155175052032638,1.0776136625996713,1.0
2025-04-17,-1.1976175568866438,-1.6573831475872849,-0.4338232588387462,-1.241107047653536,-0.175542561370442,-0.27494758057875557,-0.3271715080693141,0.044173061823432766,-0.034427353550179986,-0.017854415752219615,1.6105883741771698,1.2883795099742827,1.0
2025-04-22,-1.1967829946682011,-1.1903184620004859,-0.446645949090619,-1.4736049639876165,-0.16645080732118103,-0.27426414619645223,-0.3273428152352279,0.044173061823432766,-0.034427353550179986,-0.017854415752219615,1.7585565679330346,1.2943027243706473,1.0
2025-04-23,-1.1231721893873925,-0.865314220780352,-0.38568385307692876,-0.9343709308213333,-0.17099764301467651,-0.278200296768935,-0.3275103229883651,0.044173061823432766,-0.034427353550179986,-0.017854415752219615,1.2813814955262295,1.0361802525589832,1.0
2025-04-24,-1.0418975051441521,-0.7232096581143324,-0.08300779697918105,-0.9537921269427438,-0.17552631657030301,-0.279737230042405,-0.32834664674561553,0.044173061823432766,-0.034427353550179986,-0.017854415752219615,1.1473649389136353,0.9280693762855284,1.0
2025-04-25,-0.8147964508316553,-0.7016839912894401,-0.02945406205661949,-0.8464270037520789,-0.17779532911995102,-0.27905833410714653,-0.327664663016974,0.044173061823432766,-0.034427353550179986,-0.017854415752219615,0.8815749754115211,0.7813155310271093,1.0
2025-04-28,-0.7912350434904916,-0.5415811402515213,0.05404668457270754,-0.6936418880565717,-0.1823363324979748,-0.27614730799087156,-0.3279141576462099,0.044173061823432766,-0.034427353550179986,-0.017854415752219615,1.129436815600518,0.8313053583300434,1.0
2025-04-29,-0.827309450826527,-0.5861027817339346,0.04834164838124768,-0.5528794194650286,-0.18290189444793342,-0.2770058943153682,-0.3271746753191843,0.044173061823432766,-0.034427353550179986,-0.017854415752219615,0.9293676351082816,0.6305698398098835,1.0
2025-04-30,-0.8505942013708194,-0.1492690542363616,-0.05362328694846503,-0.6645480280390601,-0.18290189444793342,-0.27666245978556947,-0.3283235628118772,0.044173061823432766,-0.034427353550179986,-0.017854415752219615,1.1639194928034928,0.7263487567501696,1.0
2025-05-02,-0.9488361323680068,0.4721691125104984,-0.010456060479149362,-0.3629248659480244,-0.1755483670622709,-0.2725345118429824,-0.32595447943670147,0.044173061823432766,-0.034427353550179986,-0.017854415752219615,1.3314570420856033,0.8383366860018302,1.0
2025-05-05,-0.964990294656113,0.5647734421306904,-0.025395803394738087,-0.34510362823266166,-0.1795160635020836,-0.2735713033560586,-0.32585337082611404,0.15837818285620847,-0.034427353550179986,-0.017854415752219615,1.2947672865726225,0.9445567137234052,1.0
2025-05-06,-0.9682012022501684,0.45046991998677754,-0.0018527646029483655,-0.27492402049724235,-0.18008390978309727,-0.2735729426601043,-0.3248821138245234,0.15837818285620847,-0.034427353550179986,-0.017854415752219615,1.5607014688659941,1.0188567809714288,1.0
2025-05-07,-0.7735275206945467,0.6611476949849164,0.08486563567527543,-0.4833115985511195,-0.16702991998868297,-0.27666441629859173,-0.3230181868684974,0.15837818285620847,-0.034427353550179986,-0.017854415752219615,1.3213167912803998,0.9392403043108772,1.0
2025-05-08,-0.5702385244710086,1.9142255779954451,0.0773431903603555,-0.5455581888077427,-0.14977991857910675,-0.2761517131725608,-0.3213495580847222,0.15837818285620847,-0.034427353550179986,-0.017854415752219615,1.4979085533779781,0.748708044369346,1.0
2025-05-09,-0.5391200063136803,2.304122456521464,0.026404243789313643,-0.6591181984477338,-0.14688057929510556,-0.27666441629859173,-0.3222911407380424,0.15837818285620847,-0.034427353550179986,-0.017854415752219615,1.4952948224875702,0.9185575295888948,1.0
2025-05-12,-0.5561148631325448,2.304122456521464,0.19475165350722057,-0.5600277644894742,-0.12612199491236986,-0.26816042530380696,-0.3190059490583205,0.15837818285620847,-0.034427353550179986,-0.017854415752219615,1.2701089664674337,0.7485140913910238,1.0
2025-05-13,-0.4694834098507257,2.256173942516889,0.19468752152863397,-0.5644200056033383,-0.152054666370132,-0.2673099618314615,-0.31910255807470383,0.15837818285620847,-0.034427353550179986,-0.017854415752219615,1.4801508065027404,0.8441348432202538,1.0
2025-05-14,-0.3724687967685599,2.304122456521464,0.006643564579941302,-0.6996791641481669,-0.13429719518299707,-0.2667923549378508,-0.318574626317996,0.15837818285620847,-0.034427353550179986,-0.017854415752219615,1.394869048042832,0.8928253405999648,1.0
2025-05-15,-0.4175949786654079,2.109768239028756,0.012834638583981631,-0.6969239609010716,-0.1586972158337583,-0.2719027890317112,-0.3202059336272364,0.15837818285620847,-0.034427353550179986,-0.017854415752219615,1.1196009334199792,1.0746977298820866,1.0
2025-05-16,-0.5191775345909407,1.887687263692301,0.066318465748337,-0.6407681174869139,-0.16028505275752833,-0.27290880932361705,-0.32093259817164704,0.15837818285620847,-0.034427353550179986,-0.017854415752219615,1.1547150031701336,0.9903206801374843,1.0
2025-05-19,-0.4788188544310427,1.9585744714511935,0.1497561140255464,-0.5718931569164752,-0.16144283356995043,-0.2723967144002461,-0.3211877320903688,0.15837818285620847,-0.034427353550179986,-0.017854415752219615,1.4441937295462484,1.0649921301627996,1.0
2025-05-20,-0.4671702637806938,2.2026128724644445,0.13181026797952877,-0.6682140513798893,-0.1614857857780566,-0.27103096513553177,-0.31900963056625453,0.15837818285620847,-0.034427353550179986,-0.017854415752219615,1.5715372426456509,1.1026365935344453,1.0
2025-05-21,-0.35370740109754395,1.967105383099281,0.02383031288167883,-0.6004282948864188,-0.1671107984876298,-0.2732502059391976,-0.3193523460830049,0.15837818285620847,-0.034427353550179986,-0.017854415752219615,1.8038861649409716,1.490965683083245,1.0
2025-05-22,-0.4903955218441418,1.5610896001126053,0.07479282470639326,-0.5523882995144918,-0.17333660470423112,-0.27461878829287545,-0.3200477429066277,0.15837818285620847,-0.034427353550179986,-0.017854415752219615,1.8330174069310416,1.3191887128527726,1.0
2025-05-23,-0.42087993714527255,1.397137019398359,0.024065275288021205,-0.658772993057601,-0.17163285095430938,-0.2727299916751732,-0.3206851419319091,0.15837818285620847,-0.034427353550179986,-0.017854415752219615,1.91972115183026,1.3919055396353914,1.0
2025-05-26,-0.3345349685921583,1.1413099127629842,-0.011600191173684835,-0.5701111926144427,-0.1653830646930503,-0.2713509673225297,-0.32094804386916725,0.15837818285620847,-0.034427353550179986,-0.017854415752219615,2.1278765535728588,1.456760995344329,1.0
2025-05-27,-0.33805347722233314,1.1293640042152195,0.1378034002699116,-0.49190460706792866,-0.178377124808413,-0.27477447164704555,-0.3225300536519221,0.15837818285620847,-0.034427353550179986,-0.017854415752219615,2.0361455745799772,1.2994449309600797,1.0
2025-05-28,-0.32753972406335363,0.9889121339936339,0.11390793657934903,-0.5068954643912601,-0.1659309683966498,-0.26961096607540314,-0.3214836941694831,0.15837818285620847,-0.034427353550179986,-0.017854415752219615,2.1278765535728588,1.3040835297782156,1.0
2025-05-29,-0.2512622700835656,1.0095438590543302,0.15574105145721037,-0.6103791715177577,-0.1613889165144701,-0.27065944059239055,-0.3213150961759457,0.15837818285620847,-0.034427353550179986,-0.017854415752219615,2.1278765535728588,1.3047689491607164,1.0
2025-05-30,-0.5704262979544795,0.6892409147768077,0.08725050043471398,-0.2872818026304506,-0.16025671131265495,-0.27066254856769195,-0.32068086360409714,0.15837818285620847,-0.034427353550179986,-0.017854415752219615,2.1278765535728588,1.490904938596743,1.0
2025-06-02,-0.55696230617823,0.2470445634935129,0.12767874940266374,-0.26956864578495104,-0.17050548886924183,-0.270316415566111,-0.3201534947146381,0.15837818285620847,-0.034427353550179986,-0.017854415752219615,2.1278765535728588,1.770222244761232,1.0
2025-06-03,-0.5248423827241285,0.1389464682860246,0.10119825225114484,-0.2983624588647772,-0.1688141769380918,-0.26980179623722417,-0.3194586815480704,-0.06459372011254409,-0.034427353550179986,-0.017854415752219615,2.1278765535728588,1.6315703660782466,1.0
2025-06-04,-0.7327475706974372,0.4843637714884684,0.14601588578064822,0.14252101646221288,-0.16713116719795107,-0.26929102098039426,-0.31918361825596503,-0.06459372011254409,-0.034427353550179986,-0.017854415752219615,2.1278765535728588,1.496101873458883,1.0
2025-06-05,-0.5440083475278161,0.8446302823555236,0.04784700732468028,-0.050311080380931635,-0.17446743992009486,-0.2723879455618967,-0.31898482860342825,-0.06459372011254409,-0.034427353550179986,-0.017854415752219615,1.9145058761770608,1.4987033389455133,1.0
2025-06-06,-0.5485318710735888,0.9289432052291846,0.05348300713746972,0.09765122982804396,-0.17446743992009486,-0.2710082692355436,-0.3193579515086046,-0.06459372011254409,-0.034427353550179986,-0.017854415752219615,2.110215832658171,1.7427462665278357,1.0
2025-06-09,-0.6628437484582294,0.9679316590978356,0.06541306267639282,0.3273068765294456,-0.169965212190568,-0.26963739517608565,-0.31768449987077413,-0.06459372011254409,-0.034427353550179986,-0.017854415752219615,2.0207431986695683,1.61721377370189,1.0
2025-06-10,-0.679848827739535,0.6281208420290849,0.06562580265773418,0.5375773198019475,-0.20066191834841093,-0.26583545078395754,-0.31648086547671533,-0.06459372011254409,-0.034427353550179986,-0.017854415752219615,2.1278765535728588,1.7379972153937748,1.0
2025-06-11,-0.5080321147925185,0.6809066720010322,0.08045006437169583,0.582688910194128,-0.20341027767297676,-0.26757655018342197,-0.31566341320326124,-0.06459372011254409,-0.034427353550179986,-0.017854415752219615,1.9211365853654743,1.7051431213085484,1.0
2025-06-12,-0.3966321176284611,0.5537990192078623,0.06866753338526854,0.374684535192897,-0.19898159826977874,-0.2665528672586701,-0.31328446096071927,-0.06459372011254409,-0.034427353550179986,-0.017854415752219615,1.797791186114249,1.7432230533256536,1.0
2025-06-13,-0.5441218729302487,0.22269861738840924,0.026873606715433915,0.3639791648089077,-0.1940625532064033,-0.26807602333084934,-0.31418457498052416,-0.06459372011254409,-0.034427353550179986,-0.017854415752219615,2.0811551346556585,1.6228142738672064,1.0
2025-06-16,-0.6332077649742112,0.4951963350560583,0.06264978509248181,0.2507794265930143,-0.17787605367020617,-0.2667021214374393,-0.31328928435768016,-0.06459372011254409,-0.034427353550179986,-0.017854415752219615,2.1278765535728588,1.7384010622695452,1.0
2025-06-17,-0.5157124938076655,0.1691705902874179,0.029948445863199086,0.20456770672594826,-0.19634283243691253,-0.2718540488199576,-0.3133039982534993,-0.06459372011254409,-0.034427353550179986,-0.017854415752219615,1.8847551291077673,1.4225637893228689,1.0
2025-06-18,-0.5343839777804537,0.1873704111694321,0.13103414246450087,-0.036515458575788765,-0.1979950383074583,-0.2722055068845933,-0.31120617940334383,-0.06459372011254409,-0.034427353550179986,-0.017854415752219615,1.7914110423131422,1.326948617055779,1.0
2025-06-19,-0.5294841703824192,0.24209029534067955,0.1997819786773292,-0.258731619004291,-0.19075622247677135,-0.27134151999178163,-0.31092019845185065,-0.06459372011254409,-0.034427353550179986,-0.017854415752219615,1.9034530530021427,1.2159651911380527,1.0
2025-06-20,-0.5012057480571114,0.18814175780809814,0.2295647745293496,-0.20737338798123042,-0.20477389967094317,-0.27477020307917527,-0.313089145823291,-0.06459372011254409,-0.034427353550179986,-0.017854415752219615,2.07072754053215,1.246127931211105,1.0
2025-06-23,-0.5698226323753066,0.27362261523038717,0.32549584181094254,-0.3029510130981363,-0.22441153783807488,-0.2816459120982906,-0.31587181245074875,-0.06459372011254409,-0.034427353550179986,-0.017854415752219615,2.0252578573128903,1.3494378694763614,1.0
2025-06-24,-0.4345467558486438,0.8214714505742883,0.6402841516145031,-0.14403732984151923,-0.21095248285710638,-0.2770058943153682,-0.31405644679448,-0.06459372011254409,-0.034427353550179986,-0.017854415752219615,1.711429492463017,1.3463485910775261,1.0
2025-06-25,-0.2635660780717938,0.8913753125875304,0.6590702162725066,-0.4328072331326142,-0.19250045296364848,-0.275974030513695,-0.31303552470202495,-0.06459372011254409,-0.034427353550179986,-0.017854415752219615,1.8567780766644824,1.2013960947615312,1.0
2025-06-26,-0.08754800615577123,1.1368357215748195,0.5769647256458421,-0.1897578571773902,-0.20200119535550667,-0.2764909883986893,-0.31246538020685644,-0.06459372011254409,-0.034427353550179986,-0.017854415752219615,1.8383296419083557,1.183469002367251,1.0
2025-06-27,0.029492005991022478,0.9693202558164847,0.6296994294426316,0.04172686622318525,-0.20254070719676479,-0.27546035704416655,-0.3122364271629302,-0.06459372011254409,-0.034427353550179986,-0.017854415752219615,1.8200942734439263,1.176384942541138,1.0
2025-06-30,-0.0764645143763509,1.3070340341328706,0.6674594917129758,0.1305733207160416,-0.20757658897367795,-0.27666245978556947,-0.31051326501183046,-0.06459372011254409,-0.034427353550179986,-0.017854415752219615,1.8902372321340386,1.1188592472776522,1.0
2025-07-01,-0.13267854124715658,1.1884683339075868,0.6030082145955706,0.1275787292334581,-0.18795829841286033,-0.2715170849475571,-0.3087256432558857,-0.17077081676433153,-0.034427353550179986,-0.017854415752219615,2.123781617447447,1.204210135207658,1.0
2025-07-02,-0.20283690719214564,1.2313008450094294,0.5929397230945835,-0.14495073309878292,-0.19075622247677135,-0.27306735451851594,-0.3103462250993797,-0.17077081676433153,-0.034427353550179986,-0.017854415752219615,2.1278765535728588,1.3346963843121624,1.0
2025-07-03,-0.13557159847251218,1.059457210138636,0.5712108953671983,0.05314726334627727,-0.18403464030069674,-0.2706746223511342,-0.3085019962136381,-0.17077081676433153,-0.034427353550179986,-0.017854415752219615,2.1278765535728588,1.4244659127243011,1.0
2025-07-04,-0.14572968521746413,0.9468994914349323,0.5284232578992416,0.31523706971074256,-0.17955049778381876,-0.2675540183791653,-0.30832734143777,-0.17077081676433153,-0.034427353550179986,-0.017854415752219615,2.0075651088504776,1.2717026943867316,1.0
2025-07-07,-0.5467843487771076,0.5693208683163359,0.5266631209413122,0.7979408749506427,-0.17674780848108426,-0.2614275237729196,-0.3087954318704402,-0.17077081676433153,-0.034427353550179986,-0.017854415752219615,2.1278765535728588,1.249088422758814,1.0
2025-07-08,-0.5849458532217476,0.5207515713136033,0.46299771233814674,1.306810896505382,-0.17843983774568178,-0.2596756927473643,-0.30862444840724057,-0.17077081676433153,-0.034427353550179986,-0.017854415752219615,1.9454212889245182,1.2569525850990226,1.0
2025-07-09,-0.5318946742365737,0.3641771147814594,0.5291903599745599,1.2526607761261246,-0.18682545930689837,-0.26547247887066183,-0.308911313486132,-0.17077081676433153,-0.034427353550179986,-0.017854415752219615,1.353852866968519,1.1413714671137687,1.0
2025-07-10,-0.5843172390122356,0.3322264740462904,0.6309941533545808,1.579521604209064,-0.1896162783131002,-0.274964700869343,-0.30966008767417613,-0.17077081676433153,-0.034427353550179986,-0.017854415752219615,1.4304347584841102,1.1888048319073625,1.0
2025-07-11,-0.5532478233333896,0.22682652498704114,0.6069138766804759,0.7615735466078661,-0.19573373920046397,-0.27015144230656474,-0.31011947360578557,-0.17077081676433153,-0.034427353550179986,-0.017854415752219615,0.6548540491138225,1.3309521645681028,1.0
2025-07-14,-0.4874903862542509,0.598354626307883,0.594244032942926,0.9450229496339129,-0.19074802988189782,-0.2744451754949257,-0.31034721831657414,-0.17077081676433153,-0.034427353550179986,-0.017854415752219615,0.4848403342434319,1.250623856885821,1.0
2025-07-15,-0.3106866423321341,0.49191517127555273,0.31180864864947827,0.8455698504921841,-0.1929694121848998,-0.27066254856769195,-0.3096571462770738,-0.17077081676433153,-0.034427353550179986,-0.017854415752219615,0.5034977138796629,1.3720902374428718,1.0
2025-07-16,-0.38722893457744073,0.8784342312150648,0.34752658087552746,0.6951005013307895,-0.1800979591977951,-0.2727249011981471,-0.3094809409192127,-0.17077081676433153,-0.034427353550179986,-0.017854415752219615,0.764225750746263,1.442386583666751,1.0
2025-07-17,-0.4036657521181821,1.0076637898870475,0.3503386230874202,0.9134290378863503,-0.17729395806559695,-0.27239123811026894,-0.3087896548458649,-0.17077081676433153,-0.034427353550179986,-0.017854415752219615,0.5962212074054782,1.4689989834105783,1.0
2025-07-18,-0.39248012231681684,0.9587305680528364,0.38321835661010045,1.1088086822980903,-0.18010262030501747,-0.2727299916751732,-0.30907734091334504,-0.17077081676433153,-0.034427353550179986,-0.017854415752219615,0.40890020679437483,1.4674891590821706,1.0
2025-07-21,-0.44454536347558593,1.2291556686503293,0.3527822887114044,1.4299476591347213,-0.16820158193858464,-0.27529874843507324,-0.3097116705593819,-0.17077081676433153,-0.034427353550179986,-0.017854415752219615,0.1030647410450164,1.3355550412469348,1.0
2025-07-22,-0.5506480795027008,1.0626465885225502,0.4276961787364885,0.35033985217209684,-0.14295857544580898,-0.2732458252032643,-0.31034765324971564,-0.17077081676433153,-0.034427353550179986,-0.017854415752219615,0.4768429534404544,1.2775369974105892,1.0
2025-07-23,-0.4747607026437277,0.7250129176363673,0.4094571473238771,0.016302696276358226,-0.1511357164165783,-0.26963739517608565,-0.30966008767417613,-0.17077081676433153,-0.034427353550179986,-0.017854415752219615,0.5563557600717378,1.2393345075283126,1.0
2025-07-24,-0.435908846257321,0.5902909063478463,0.3525850416175539,-0.19357061336611425,-0.15174922279908912,-0.26808658931635854,-0.308911313486132,-0.17077081676433153,-0.034427353550179986,-0.017854415752219615,0.7575941453143654,1.1939811150595732,1.0
2025-07-25,-0.25784749073117524,0.38360765301155575,0.3494438705560097,-0.361688905144592,-0.15461620717726848,-0.26808658931635854,-0.307922736411217,-0.17077081676433153,-0.034427353550179986,-0.017854415752219615,0.5912156781259177,1.2526512435066965,1.0
2025-07-28,-0.11782161092441304,0.3253454310518635,0.34654787659145253,-0.5712033086322068,-0.16255700305357162,-0.26928173262901867,-0.30861520601590064,-0.17077081676433153,-0.034427353550179986,-0.017854415752219615,0.7565626617281151,1.229001449519306,1.0
2025-07-29,-0.2541943789188745,0.2680164147073998,0.37646023818195,-0.4542405503067624,-0.1613889165144701,-0.27013999100484054,-0.3087867974651445,-0.17077081676433153,-0.034427353550179986,-0.017854415752219615,0.2391490635418655,1.009069969977391,1.0
2025-07-30,-0.2872091256781579,0.0742247409802132,0.2808810855950181,-0.6393168666412464,-0.1801044814813936,-0.2729040229652304,-0.30832183440612704,-0.17077081676433153,-0.034427353550179986,-0.017854415752219615,-0.024295578850695502,0.9281254284534265,1.0
2025-07-31,-0.39981780461167143,-0.1359903440343696,0.34371670926201947,-0.7350909572116925,-0.17729395806559695,-0.27239123811026894,-0.30849876795783343,0.04158337653924237,-0.034427353550179986,-0.017854415752219615,-0.2074537890122968,0.7607795112765005,1.0
2025-08-01,-1.0044783530578965,-0.3826173002867328,0.3751306118981851,-0.8361365659485259,-0.21648353473025417,-0.28178917838037404,-0.31166679018324817,0.04158337653924237,-0.034427353550179986,-0.017854415752219615,-0.21241015936866187,0.9463010118907639,1.0
2025-08-04,-1.0258899570477436,-0.1700403411594622,0.38042369122251807,-0.7523046355355663,-0.23270824871990173,-0.28758498046132014,-0.3146419418353845,0.04158337653924237,-0.034427353550179986,-0.017854415752219615,-0.12228226174170198,0.8453220878535674,1.0
2025-08-05,-1.0431848595489401,0.18753728672613176,0.30532969107598706,-0.7314844718372145,-0.2371213270378357,-0.28809683235746375,-0.314644389944681,0.04158337653924237,-0.034427353550179986,-0.017854415752219615,-0.11896867288157174,0.9742339533129473,1.0
2025-08-06,-1.212069776757061,0.15547712253760151,0.36524791511298876,-0.6311225600059946,-0.24933836785121044,-0.29099757052330605,-0.315787195979398,0.04158337653924237,-0.034427353550179986,-0.017854415752219615,0.042773304636281664,1.0980821705902597,1.0
2025-08-07,-1.1646518982576086,0.36632618947594286,0.4168095650622962,-0.47580182599574333,-0.2438270754902541,-0.3008673698389788,-0.3163415522607046,0.04158337653924237,-0.034427353550179986,-0.017854415752219615,0.3338078083909912,1.1592680246053073,1.0
2025-08-08,-1.142991119827041,0.29217176960082697,0.3714564529396194,-0.6132899043741347,-0.24389758705506245,-0.3025179098310271,-0.3166268567990332,0.04158337653924237,-0.034427353550179986,-0.017854415752219615,0.11175319840250592,1.140728938846483,1.0
2025-08-11,-1.142991119827041,0.3022109710575894,0.3805109842143522,-0.7043564187409305,-0.23666173725513162,-0.3008394487939862,-0.3158883766813668,0.04158337653924237,-0.034427353550179986,-0.017854415752219615,-0.015061779144704218,0.9808705727748668,1.0
2025-08-12,-1.1133198632987953,0.5289013793142598,0.4858513724925155,-1.2518494563231157,-0.2390180866159262,-0.29862589583788746,-0.31679802319714734,0.04158337653924237,-0.034427353550179986,-0.017854415752219615,0.16129527709009,0.9173559313967634,1.0
2025-08-13,-1.055122376688267,0.6305243634555286,0.4396436053941445,-1.1233374523027346,-0.25241854870078323,-0.2985633199851073,-0.31710422595775795,0.04158337653924237,-0.034427353550179986,-0.017854415752219615,0.19902691516023976,0.9716942923049472,1.0
2025-08-14,-1.053120824983739,0.2666044983579556,0.34993422683251935,-1.1018682721215358,-0.24747886214543835,-0.29871767951006833,-0.31698970873486043,0.04158337653924237,-0.034427353550179986,-0.017854415752219615,-0.010320255087707403,1.0200365477861155,1.0
2025-08-15,-1.0136103770151819,0.17154750067284028,0.3678124880328645,-1.152306169507978,-0.2529304569707444,-0.30003128563498793,-0.31698970873486043,0.04158337653924237,-0.034427353550179986,-0.017854415752219615,-0.006960258306368434,1.1143064304708898,1.0
2025-08-18,-1.1187111513254822,0.3412092914716923,0.37098191696333677,-1.1814399302550065,-0.24403910351404773,-0.2960261646313806,-0.3163598093988985,0.04158337653924237,-0.034427353550179986,-0.017854415752219615,-0.28768267894382366,1.0600440843215275,1.0
2025-08-19,-1.19484583195071,0.03171993055722564,0.3469809981751829,-1.1659840925718017,-0.24750890695846717,-0.2977390493914952,-0.31738321522878565,0.04158337653924237,-0.034427353550179986,-0.017854415752219615,-0.32892355416711017,1.048112359495929,1.0
2025-08-20,-1.1435090030232653,-0.01032550030297537,0.3230362767008312,-1.1273996033931508,-0.24852563344472198,-0.29655876564360056,-0.3163696413955502,0.04158337653924237,-0.034427353550179986,-0.017854415752219615,-0.5211831681100113,0.9568961017542358,1.0
2025-08-21,-1.2420171381233778,-0.26493803397648064,0.32335341397105066,-1.2233086772009225,-0.24669498833256995,-0.2943484438786368,-0.3151723864927444,0.04158337653924237,-0.034427353550179986,-0.017854415752219615,-0.5609684348840477,1.0817680145694064,1.0
2025-08-22,-1.2866851565745634,0.26039522919113206,0.4870290474716026,-1.2984387283355867,-0.2717676052217836,-0.29668437272130443,-0.3170790560755343,0.04158337653924237,-0.034427353550179986,-0.017854415752219615,-0.23610006434983297,1.2658971495908395,1.0
2025-08-25,-1.1246636475590202,0.20300406121813871,0.37920689889028575,-1.2243646405222632,-0.26897349895650263,-0.2994756971799056,-0.31634035585980846,0.04158337653924237,-0.034427353550179986,-0.017854415752219615,-0.3186615667412624,1.3258232416375653,1.0
2025-08-26,-0.9616906540878717,0.28963932229660083,0.3996832664427679,-1.236394753835379,-0.26637362132289333,-0.30114942145174856,-0.317247449644161,0.04158337653924237,-0.034427353550179986,-0.017854415752219615,-0.22229813074494445,1.4382445575685785,1.0
2025-08-27,-0.9760878660760879,0.15462878417556486,0.47448092232962524,-1.191558678182913,-0.2793689891363261,-0.30623629457610396,-0.31896983484844765,0.04158337653924237,-0.034427353550179986,-0.017854415752219615,-0.14156091555442257,1.524970403846528,1.0
2025-08-28,-0.7674330543858884,0.3902868572717076,0.4202369330059342,-1.1503472729342374,-0.27371855975490705,-0.304196949248939,-0.3181680121377935,0.04158337653924237,-0.034427353550179986,-0.017854415752219615,-0.4768580719211846,1.7198832754274411,1.0
2025-08-29,-0.8181061024460651,0.4104472192958649,0.42576848097879866,-1.4254721276122004,-0.2915791538484565,-0.3096120604316284,-0.31983654194572253,0.04158337653924237,-0.034427353550179986,-0.017854415752219615,-0.25436781905140726,1.8029319192896522,1.0
2025-09-01,-0.8873957752812004,0.5694261723969518,0.4287805500929083,-1.4051213168658978,-0.2628791073733585,-0.3104216691277736,-0.3199474626768763,0.04158337653924237,-0.034427353550179986,-0.017854415752219615,-0.0873582167459362,1.5903503358932218,1.0
2025-09-02,-0.8199215715461261,0.33222969497197913,0.3907465534957666,-1.591057016777687,-0.2531482281280937,-0.3109947129823317,-0.3211314758631329,0.04158337653924237,-0.034427353550179986,-0.017854415752219615,-0.0763167314093024,1.3061619284185957,1.0
2025-09-03,-0.8447668742494253,0.35208561628515883,0.5474107527530662,-1.505803350156044,-0.2594858803242582,-0.3133739221854455,-0.32149528322417875,0.04158337653924237,-0.034427353550179986,-0.017854415752219615,-0.4329238303849355,1.1609498590332674,1.0
2025-09-04,-0.7206707702848613,0.1849939738290669,0.5736933853645142,-1.4518967414248858,-0.2615180994410784,-0.3180547849594902,-0.3226449170080014,0.04158337653924237,-0.034427353550179986,-0.017854415752219615,-0.5615507908438051,0.9954392349579684,1.0
2025-09-05,-0.751206611307114,0.2618699345132509,0.6773453275080296,-1.4296723595746585,-0.31473743547091143,-0.33454220518959243,-0.3270587882056824,0.04158337653924237,-0.034427353550179986,-0.017854415752219615,-0.5634146650575083,1.1051704990950784,1.0
2025-09-08,-0.6760690278508891,0.4718535316404793,0.7635432184414952,-1.2972633999073344,-0.30169467240701475,-0.33149618347661675,-0.32656094999183566,0.04158337653924237,-0.034427353550179986,-0.017854415752219615,-0.7370176030781362,0.7866086103215191,1.0
2025-09-09,-0.6016651194537819,0.650211877214997,0.7086843389575918,-1.2485972127257488,-0.2985479086925948,-0.33021142658865604,-0.3258063653737186,0.04158337653924237,-0.034427353550179986,-0.017854415752219615,-0.67013846573154,0.7540231388135002,1.0
2025-09-10,-0.5779077069430829,0.5367955568654578,0.8630842765742193,-1.278379960583988,-0.29890836238710916,-0.3295891632614084,-0.32606816961772606,0.04158337653924237,-0.034427353550179986,-0.017854415752219615,-0.8035596397650021,0.844113067452133,1.0
2025-09-11,-0.5622272868046924,0.590276978052694,0.8116714590382099,-1.471681871559769,-0.2890784808800907,-0.3311832524136747,-0.3261833841674511,0.04158337653924237,-0.034427353550179986,-0.017854415752219615,-1.0541207351486754,0.7508151528947096,1.0
2025-09-12,-0.44962146120334395,0.8446190240867918,0.7289589812396295,-1.4005426873999431,-0.29018107509673596,-0.3264532995648071,-0.3261833841674511,0.04158337653924237,-0.034427353550179986,-0.017854415752219615,-0.754727959399663,0.7474065590188184,1.0
2025-09-15,-0.5100599392546326,0.9762667804178723,0.8413690085650823,-1.512721098688913,-0.3063337216754902,-0.3320148638032841,-0.32817117988960376,0.04158337653924237,-0.034427353550179986,-0.017854415752219615,-0.680873141451974,0.7411269912924697,1.0
2025-09-16,-0.4215754971005232,1.0110663631287444,0.6634272630919946,-1.489893649546496,-0.3180897286475452,-0.33371792649131127,-0.3284793032889203,0.04158337653924237,-0.034427353550179986,-0.017854415752219615,-0.6218573091533384,0.8656825670935903,1.0
2025-09-17,-0.226950947616471,1.2868870526300764,0.6731141436252713,-1.3680807658450458,-0.3237082549230492,-0.3330678304191681,-0.3293199771158211,0.04158337653924237,-0.034427353550179986,-0.017854415752219615,-0.643004803207168,0.9652538997544139,1.0
2025-09-18,-0.06664927123415382,1.2639005089806987,0.7638845555120685,-0.9604035291620913,-0.3195030616835494,-0.325091186122607,-0.3287881629617276,0.04158337653924237,-0.034427353550179986,-0.017854415752219615,-0.6301958175082675,0.9438456273903999,1.0
2025-09-19,-0.010809091995583844,1.2628444578122655,0.7023159980771577,-1.1640052130823237,-0.32769620304003866,-0.32928665191433487,-0.3287431053656363,0.04158337653924237,-0.034427353550179986,-0.017854415752219615,-0.6178017372176439,0.7351612512539677,1.0
2025-09-22,0.12271872510190494,0.9364245323786121,0.7325087929135669,-1.0952788395749495,-0.32329920212295343,-0.3353940225107393,-0.3304737206161908,0.04158337653924237,-0.034427353550179986,-0.017854415752219615,-0.5290343627545142,0.9066150088214316,1.0
2025-09-23,0.0564792973132005,1.0744307152233812,0.8129555414631687,-1.1136957593609287,-0.3277656369317992,-0.3366965428350625,-0.33107027667636346,0.04158337653924237,-0.034427353550179986,-0.017854415752219615,-0.6326735410718517,0.8117876279164074,0.0
2025-09-24,0.22926632207912598,1.0569432915386334,0.8262313768671091,-1.2338981237609115,-0.3174965120470262,-0.33509742820246036,-0.33021570113178605,0.04158337653924237,-0.034427353550179986,-0.017854415752219615,-0.7606189929488153,0.6980592608081215,1.0
2025-09-25,0.3907817595807535,1.0600123066064562,0.8002643039550337,-1.3240488838918074,-0.2874507053123549,-0.329701779979291,-0.3287755947972393,0.04158337653924237,-0.034427353550179986,-0.017854415752219615,-0.8083083685079423,0.7087397375948898,1.0
2025-09-26,0.5017297590087022,0.9354469143443793,0.8206249730674404,-1.2565345107889483,-0.3075352256342969,-0.33913831973942904,-0.3303656297899453,0.15293984375940964,-0.034427353550179986,-0.017854415752219615,-0.7037231606691012,0.9534983490754769,1.0
2025-09-29,0.5087865811782986,1.2400032583306155,0.8062156810074858,-1.174943293991564,-0.2896458783860395,-0.3383162322927802,-0.3305634545677557,0.15293984375940964,-0.034427353550179986,-0.017854415752219615,-0.8227071398871258,0.9948968776752787,1.0
2025-09-30,0.3982140848552063,1.3273170708067497,0.747682040953417,-1.3146327280948888,-0.300206918262445,-0.3440071765802262,-0.33175502406872937,0.15293984375940964,-0.034427353550179986,-0.017854415752219615,-0.8625658451017064,0.9825025063329627,1.0
2025-10-01,0.47188226185625504,1.5199097582585643,1.1002211401022493,-1.1714879703190204,-0.2940521519289756,-0.3440071765802262,-0.33080577371570474,0.2617066256953875,-0.034427353550179986,-0.017854415752219615,-0.8920173074060967,0.7228940452285312,1.0
2025-10-02,1.064934354062909,1.538458434882865,1.4481715189036926,-1.193898065568181,-0.28439907154974947,-0.3442671203499741,-0.32903125100899655,0.2617066256953875,-0.034427353550179986,-0.017854415752219615,-1.0196242282479044,0.9265684257345947,1.0
2025-10-03,1.766067598551356,1.6769344964631512,1.6373387977614597,-1.3325864506074392,-0.26710106141718165,-0.3433418862323737,-0.32818074066984154,0.2617066256953875,-0.034427353550179986,-0.017854415752219615,-0.9290222638227441,0.650864847296519,1.0
2025-10-06,1.6894331924491006,1.5114516576589077,1.7602459138616913,-1.324403517577267,-0.2143690502518937,-0.34223406076719604,-0.3295682868765661,0.2617066256953875,-0.034427353550179986,-0.017854415752219615,-0.7336078438281382,0.3967360043943453,1.0
2025-10-07,1.965703504652184,1.1381517475868421,1.0707653651900286,-1.1587002414235077,-0.2353666540652712,-0.3443464396532203,-0.33317413910815336,0.2617066256953875,-0.034427353550179986,-0.017854415752219615,-0.8716796347392511,0.34275549023300594,1.0
2025-10-08,1.1312636683727282,1.1918837281101746,1.443068004260268,-0.9720589812546473,-0.24419556364795855,-0.34388492234569323,-0.33155447947462247,0.2617066256953875,-0.034427353550179986,-0.017854415752219615,-1.0288412061702084,-0.3069821124667403,1.0
2025-10-09,1.2167478073262932,0.816781945328777,1.2967868384633696,-0.9338718599512325,-0.23051180442968117,-0.3407953187040505,-0.33182076764809426,0.2617066256953875,-0.034427353550179986,-0.017854415752219615,-1.1030586032479275,-0.47753671423641,1.0
2025-10-10,1.0731828911544177,-0.283292998528823,1.029289792499693,-1.2045943845099534,-0.22932760209193048,-0.34141475836249224,-0.33087408733542045,0.2617066256953875,-0.034427353550179986,-0.017854415752219615,-1.2750880625895262,-0.5920781063664464,1.0
2025-10-13,1.0514047503290724,0.32751971607853003,1.1160265847142536,-1.178629956227982,-0.22932760209193048,-0.340329895274973,-0.33113785405853086,0.2617066256953875,-0.034427353550179986,-0.017854415752219615,-1.3612979703072179,-0.4816440517181464,1.0
2025-10-14,0.9805690528069944,-0.01457043609777745,1.146878697834291,-1.2993743549805195,-0.21262209348870081,-0.3418786439355438,-0.3315586271822518,0.2617066256953875,-0.034427353550179986,-0.017854415752219615,-1.288669664656689,-0.5399203843354995,1.0
2025-10-15,1.0608345264107935,0.17211534511168625,1.0830988491308697,-1.2082465198082064,-0.20354844270328523,-0.3402550424971415,-0.3311141535457881,0.2617066256953875,-0.034427353550179986,-0.017854415752219615,-1.1569301074644374,-0.5686514550859098,1.0
2025-10-16,1.4428702638897324,0.21745536974828253,1.0452154696180587,-1.2383010833830397,-0.19323380692056308,-0.34001929498080735,-0.33182076764809426,0.2617066256953875,-0.034427353550179986,-0.017854415752219615,-1.212153338449983,-0.8153311622616166,1.0
2025-10-17,1.2814009814043745,0.2651627856860378,0.9859335790862955,-1.1842203914234448,-0.21338078378815115,-0.34467568602706894,-0.33276256867529247,0.2617066256953875,-0.034427353550179986,-0.017854415752219615,-1.256430384859465,-0.5961965958392247,1.0
2025-10-20,1.3163934347266548,0.6024118116495745,0.8155382031915879,-0.6379909891576261,-0.2329699592520827,-0.3519794746020968,-0.33414111780070455,0.2617066256953875,-0.034427353550179986,-0.017854415752219615,-1.3962810613503407,-0.6464418439091097,1.0
2025-10-21,0.9833141682287232,0.2601966464146036,0.7576340983953694,-0.4949212839385359,-0.22287165936707937,-0.354940814439359,-0.3346808110611346,0.2617066256953875,-0.034427353550179986,-0.017854415752219615,-1.4996506350717314,-0.5897091260256605,1.0
2025-10-22,0.9984665917891327,0.22885292914357924,0.7211520473997142,-0.5751051685696971,-0.21920028388476984,-0.3544325394452183,-0.3345082021641718,0.2617066256953875,-0.034427353550179986,-0.017854415752219615,-1.3117165857099156,-0.5603950739659637,1.0
2025-10-23,0.8342299019582011,0.48768987619339393,0.7106361952525333,-0.3777753511328127,-0.22707501619655018,-0.3529171640286636,-0.3343521662336631,0.2617066256953875,-0.034427353550179986,-0.017854415752219615,-1.1884583991536841,-0.35730211914335686,1.0
2025-10-27,0.9744774325213551,0.9938661334985963,0.9675220778230574,-0.7231630229897543,-0.2848338489019619,-0.3640585045400567,-0.33838257233134084,0.2617066256953875,-0.034427353550179986,-0.017854415752219615,-0.887048115362314,-0.4865687855196303,1.0
2025-10-28,1.1313772336227423,1.0274901266628556,0.8367621719510271,-0.9039564881707158,-0.2700707938980709,-0.3640173268278098,-0.33918361730896385,0.2617066256953875,-0.034427353550179986,-0.017854415752219615,-0.8208235007360878,-0.6197087978702152,1.0
2025-10-29,1.302668090585006,0.9545529365367047,0.7708218604169919,-1.1496402805909023,-0.26570552564308836,-0.3627669627773413,-0.33861030988341206,0.039114141733387425,-0.034427353550179986,-0.017854415752219615,-0.663663127681841,-0.6339266329166237,1.0
2025-10-30,1.3850193454867024,0.6435415693447659,0.7442659520471022,-0.9209467579104057,-0.23832556942853436,-0.35009576857375413,-0.33716469768113155,0.039114141733387425,-0.034427353550179986,-0.017854415752219615,-0.6525999167059924,-0.6294932337244966,1.0
2025-10-31,1.3844120689986799,0.42554023463485957,0.7225637016231082,-0.969334922943078,-0.2623863271246359,-0.352337880204849,-0.33965227826955274,0.039114141733387425,-0.034427353550179986,-0.017854415752219615,-0.6261846412669546,-0.5479447944874628,1.0
2025-11-03,1.275048717229093,0.46124693850732545,0.6530854502533093,-0.8838265818063175,-0.22410463893099217,-0.3406078125750163,-0.3359319618810916,0.039114141733387425,-0.034427353550179986,-0.017854415752219615,-0.5853379187895058,-0.5164106386325759,1.0
2025-11-04,1.3220091725165457,0.008377930473171208,0.6406691015171324,-1.0382164912884413,-0.224000776929954,-0.3361709868170062,-0.3353596065633304,0.039114141733387425,-0.034427353550179986,-0.017854415752219615,-0.8848197989078478,-0.6197064411825728,1.0
2025-11-05,1.0274130926754108,0.09899922402046551,0.42625167577902917,-1.1459843123960234,-0.22828171709661607,-0.33783754108561603,-0.3389384311809818,0.039114141733387425,-0.034427353550179986,-0.017854415752219615,-0.739570739982149,-0.31353773128275164,1.0
2025-11-06,0.7752422057159389,0.104725321399098,0.39288259875034626,-1.3312683043273672,-0.23341563721001976,-0.3413914324946436,-0.3405950764040966,0.039114141733387425,-0.034427353550179986,-0.017854415752219615,-0.8424287522307442,-0.541662553486707,1.0
2025-11-07,0.665761458637478,-0.12170634063393307,0.5017857687311201,-1.3104667337959084,-0.23711924141161506,-0.3440135877982795,-0.34093288228651547,0.039114141733387425,-0.034427353550179986,-0.017854415752219615,-0.7194038259342966,-0.5403767166282704,1.0
2025-11-10,0.8863334613966393,0.46281652474583085,0.5370729357445209,-0.8498681320654862,-0.2271308705462036,-0.3374329868809296,-0.33811852845325996,0.039114141733387425,-0.034427353550179986,-0.017854415752219615,-0.827865550872536,-0.4970073984713295,1.0
2025-11-11,1.0247035210504392,1.3042963846948767,0.5366441879072956,-1.039958272722706,-0.2271308705462036,-0.3342272626704127,-0.3370562133319073,0.039114141733387425,-0.034427353550179986,-0.017854415752219615,-0.837808225939966,-0.47826721555058926,1.0
2025-11-12,1.0326780100359767,0.6815901319045434,0.5009149258019506,-0.9951323773570427,-0.23020909931408418,-0.33542371223853756,-0.33749309005245665,0.039114141733387425,-0.034427353550179986,-0.017854415752219615,-0.867865502708509,-0.6439399165433235,1.0
2025-11-13,1.009020825808181,0.6225436689200975,0.4142351672188161,-0.9339349787925227,-0.22097426622541688,-0.33280017988975086,-0.3370460752958945,0.039114141733387425,-0.034427353550179986,-0.017854415752219615,-0.8439328810759552,-0.624404690969055,1.0
2025-11-14,0.7222156373591424,0.28671416199452426,0.5817957039361377,-1.1679205315926653,-0.22707501619655018,-0.33544231963004323,-0.3366696649724969,0.039114141733387425,-0.034427353550179986,-0.017854415752219615,-0.8101189433356275,-0.7935120739532844,1.0
2025-11-17,1.0636659381118532,-0.09862334633599801,0.4936702810115104,-1.3127370837798285,-0.2339030912635614,-0.3361521253222654,-0.3374287780321573,0.039114141733387425,-0.034427353550179986,-0.017854415752219615,-0.7846326796954932,-0.8038996278282259,1.0
2025-11-18,0.7683325159932946,-0.19809911637827674,0.5058027603779729,-1.275309272615095,-0.2211767006614868,-0.336954081619585,-0.3373271185424345,0.039114141733387425,-0.034427353550179986,-0.017854415752219615,-0.7991054554021483,-0.9467074418921846,1.0
2025-11-19,0.5521542049325484,-0.5484249662397738,0.5178414898002128,-1.2221316627146612,-0.2002736453314895,-0.33903022852810744,-0.3373271185424345,0.039114141733387425,-0.034427353550179986,-0.017854415752219615,-0.8484026868597441,-1.0085812116932569,1.0
2025-11-20,0.8300713251705779,-0.6025837074162338,0.3571180658472548,-1.1981923911500378,-0.1903018517807769,-0.3320721089583915,-0.335772950308557,0.039114141733387425,-0.034427353550179986,-0.017854415752219615,-1.0205149176142454,-0.9075702479126408,1.0
2025-11-21,0.4876817506196636,-0.5877231188682618,0.4530255930599452,-1.264789408140505,-0.21409352015262056,-0.3390334990908115,-0.3388997320365787,0.039114141733387425,-0.034427353550179986,-0.017854415752219615,-0.9134978310817055,-0.8880419102357584,1.0
2025-11-24,0.30266491481167973,-0.5535395104961622,0.48245789187933985,-1.144584366399829,-0.22035576812546698,-0.3399889972478264,-0.3397224919510977,0.039114141733387425,-0.034427353550179986,-0.017854415752219615,-1.071671293840075,-0.9345725459469715,1.0
